ID_RBD,DV_RBD,DS_NOM_ESTABLE,DS_TIPO_DEPENDENCIA,DS_RURALIDAD,ID_REGION_ESTABLE,ID_PROVINCIA_ESTABLE,ID_COMUNA_ESTABLE,DS_COMUNA_ESTABLE,N EVALUADO,IVM Establecimiento,IVM Bajo,IVM Medio,IVM Alto,IVM Muy Alto
5,1,JOVINA NARANJO FERNANDEZ,Servicio Local de Educación(SLE),Urbano,15,151,15101,Arica,60,33.190072507619,59,0,0,1
8,6,COLEGIO INTEGRADO EDUARDO FREI MONTALVA,Servicio Local de Educación(SLE),Urbano,15,151,15101,Arica,81,43.3724323592358,53,4,6,18
9,4,ESCUELA REPUBLICA DE ISRAEL,Servicio Local de Educación(SLE),Urbano,15,151,15101,Arica,333,32.6885655941124,328,1,0,4
10,8,ESCUELA REPUBLICA DE FRANCIA,Servicio Local de Educación(SLE),Urbano,15,151,15101,Arica,49,41.1117588617645,36,4,5,4
11,6,ESC. GRAL. PEDRO LAGOS MARCHANT,Servicio Local de Educación(SLE),Urbano,15,151,15101,Arica,110,40.9392323318537,81,11,9,9
12,4,ESCUELA GRAL JOSE MIGUEL CARRERA,Servicio Local de Educación(SLE),Urbano,15,151,15101,Arica,70,36.0255116363555,68,2,0,0
13,2,ESCUELA MANUEL RODRIGUEZ ERDOYZA,Servicio Local de Educación(SLE),Urbano,15,151,15101,Arica,69,39.6313418546674,56,3,3,7
14,0,ESCUELA ROMULO J. PENA MATURANA,Servicio Local de Educación(SLE),Urbano,15,151,15101,Arica,77,38.3329894744138,63,3,6,5
15,9,LICEO BICENTENARIO ARTISTICO DR. JUAN NOE CREVANI,Servicio Local de Educación(SLE),Urbano,15,151,15101,Arica,69,40.4035127633959,50,9,5,5
16,7,ESCUELA REGIMIENTO RANCAGUA,Servicio Local de Educación(SLE),Urbano,15,151,15101,Arica,67,41.2422105739089,46,6,7,8
17,5,ESCUELA SUBTTE. LUIS CRUZ MARTINEZ,Servicio Local de Educación(SLE),Urbano,15,151,15101,Arica,92,38.4617462195099,74,3,8,7
18,3,ESC. COMTE. JUAN JOSE SAN MARTIN,Servicio Local de Educación(SLE),Urbano,15,151,15101,Arica,105,40.1330955182365,79,6,7,13
19,1,ESC. HUMBERTO VALENZUELA GARCIA,Servicio Local de Educación(SLE),Urbano,15,151,15101,Arica,73,40.9603794936777,55,6,6,6
20,5,ESCUELA TUCAPEL,Servicio Local de Educación(SLE),Urbano,15,151,15101,Arica,113,38.2860068822383,92,10,5,6
22,1,ESCUELA GABRIELA MISTRAL,Servicio Local de Educación(SLE),Urbano,15,151,15101,Arica,199,37.6814019186149,173,8,11,7
25,6,COLEGIO CENTENARIO DE ARICA,Servicio Local de Educación(SLE),Urbano,15,151,15101,Arica,140,41.405905747295,87,12,15,26
26,4,ESCUELA REPUBLICA DE ARGENTINA,Servicio Local de Educación(SLE),Urbano,15,151,15101,Arica,56,39.8562231468428,39,3,7,7
27,2,ESCUELA ESMERALDA,Servicio Local de Educación(SLE),Urbano,15,151,15101,Arica,81,39.7706774159644,67,5,1,8
28,0,ESCUELA RICARDO SILVA ARRIAGADA,Servicio Local de Educación(SLE),Urbano,15,151,15101,Arica,127,34.9845897128394,121,3,2,1
29,9,ESCUELA AMERICA,Servicio Local de Educación(SLE),Urbano,15,151,15101,Arica,145,43.1596070741505,87,14,9,35
31,0,ESCUELA DARIO SALAS DIAZ,Servicio Local de Educación(SLE),Rural,15,151,15101,Arica,90,35.9917341962268,86,0,0,4
32,9,LICEO AGRICOLA JOSE ABELARDO NUNEZ M.,Servicio Local de Educación(SLE),Rural,15,151,15101,Arica,137,39.3731470545988,116,8,8,5
33,7,ESCUELA CARLOS CONDELL DE LA HAZA,Servicio Local de Educación(SLE),Rural,15,151,15101,Arica,40,34.410581073612,39,1,0,0
35,3,ESCUELA GRAL. MANUEL BAQUEDANO,Servicio Local de Educación(SLE),Rural,15,151,15101,Arica,21,38.967962345246,15,4,2,0
36,1,ESCUELA IGNACIO CARRERA PINTO,Servicio Local de Educación(SLE),Urbano,15,151,15101,Arica,75,38.7267095300432,62,2,7,4
38,8,ESCUELA ESPAÑA,Servicio Local de Educación(SLE),Rural,15,151,15101,Arica,129,38.3120862093094,107,7,11,4
45,0,COLEGIO ITALIANO SANTA ANA,Particular Subvencionado,Urbano,15,151,15101,Arica,137,37.8780368383044,110,7,10,10
50,7,COLEGIO ADVENTISTA DE ARICA,Particular Subvencionado,Urbano,15,151,15101,Arica,90,35.3551141659779,86,2,1,1
52,3,LICEO BICENTENARIO DOMINGO SANTA MARIA,Particular Subvencionado,Urbano,15,151,15101,Arica,560,38.4339186214072,452,22,39,47
56,6,COLEGIO SAN MARCOS DE ARICA,Particular Subvencionado,Urbano,15,151,15101,Arica,164,35.9276912987942,150,8,3,3
60,4,COLEGIO ALEMAN DE ARICA,Particular Subvencionado,Urbano,15,151,15101,Arica,151,36.6294926884253,141,6,4,0
67,1,ABRAHAM LINCOLN SCHOOL,Particular Subvencionado,Urbano,15,151,15101,Arica,139,33.2416593930911,139,0,0,0
72,8,LICEO VALLE DE CODPA,Servicio Local de Educación(SLE),Rural,15,151,15102,Camarones,23,31.616450677055,22,0,0,1
76,0,ESCUELA VALLE DE CUYA,Servicio Local de Educación(SLE),Rural,15,151,15102,Camarones,96,25.5929241802243,2,0,0,0
78,7,LICEO GRANADEROS,Servicio Local de Educación(SLE),Rural,15,152,15201,Putre,41,36.2104637730376,37,2,1,1
90,6,ESCUELA INTERNADO VISVIRI,Servicio Local de Educación(SLE),Rural,15,152,15202,General Lagos,96,33.7909753164441,17,0,0,2
103,1,ESC.EDUC.GRAL.BAS.Y DES.ART.VIOLETA PARRA,Servicio Local de Educación(SLE),Urbano,1,11,1101,Iquique,74,35.4126334669847,73,0,0,1
106,6,INSTITUTO DEL MAR ALMIRANTE CARLOS CONDEL,Administración Delegada (C. P. 3166),Urbano,1,11,1101,Iquique,60,43.1702959724151,35,10,5,10
107,4,LICEO LIBERT. GRAL.BERNARDO O´HIGGINS,Servicio Local de Educación(SLE),Urbano,1,11,1101,Iquique,109,46.2092150945775,58,7,13,31
109,0,COLEGIO DEPORTIVO TEC. PROF. ELENA DUVAUCHELLE CABEZON,Servicio Local de Educación(SLE),Urbano,1,11,1101,Iquique,176,43.3871372249377,105,10,22,39
110,4,LICEO BICENTENARIO DOMINGO SANTA MARIA DE IQQ.,Servicio Local de Educación(SLE),Urbano,1,11,1101,Iquique,148,40.7014907942448,106,13,12,17
111,2,ESCUELA GABRIELA MISTRAL,Servicio Local de Educación(SLE),Urbano,1,11,1101,Iquique,140,37.8074255707494,121,9,4,6
112,0,ESCUELA EDUARDO LLANOS,Servicio Local de Educación(SLE),Urbano,1,11,1101,Iquique,143,40.8947228588511,96,18,12,17
113,9,ESCUELA ALMIRANTE PATRICIO LYNCH,Servicio Local de Educación(SLE),Urbano,1,11,1101,Iquique,228,41.9703994617204,150,19,22,37
114,7,ESCUELA PLACIDO VILLARROEL,Servicio Local de Educación(SLE),Urbano,1,11,1101,Iquique,129,42.3683275102659,93,11,4,21
116,3,COLEGIO REPUBLICA DE CROACIA,Servicio Local de Educación(SLE),Urbano,1,11,1101,Iquique,156,42.2026002981338,105,12,19,20
117,1,ESCUELA PAULA JARAQUEMADA ALQUIZAR,Servicio Local de Educación(SLE),Urbano,1,11,1101,Iquique,147,40.766830613877,114,12,10,11
119,8,ESCUELA CENTENARIO,Servicio Local de Educación(SLE),Urbano,1,11,1101,Iquique,145,41.5723319682441,104,8,11,22
122,8,ESCUELA THILDA PORTILLO OLIVARES,Servicio Local de Educación(SLE),Urbano,1,11,1101,Iquique,74,41.3825908229865,50,8,5,11
123,6,COLEGIO ESPANA,Servicio Local de Educación(SLE),Urbano,1,11,1101,Iquique,138,43.3820221648394,93,11,10,24
125,2,ESCUELA PROFESOR MANUEL CASTRO RAMOS,Servicio Local de Educación(SLE),Urbano,1,11,1101,Iquique,211,38.5403676926466,171,15,13,12
126,0,COLEGIO REPUBLICA DE ITALIA,Servicio Local de Educación(SLE),Urbano,1,11,1101,Iquique,142,39.52549690189,115,12,5,10
127,9,LICEO MARIA AUXILIADORA,Particular Subvencionado,Urbano,1,11,1101,Iquique,155,37.5487398471639,139,4,7,5
129,5,LICEO SUPERIOR GABRIELA MISTRAL,Particular Subvencionado,Urbano,1,11,1101,Iquique,64,42.4555692264414,46,4,6,8
130,9,COLEGIO NORTH COLLEGE,Particular Subvencionado,Urbano,1,11,1101,Iquique,64,37.7684324748172,55,2,5,2
131,7,COLEGIO ESCASCE,Particular Subvencionado,Urbano,1,11,1101,Iquique,81,40.3686703079653,51,6,6,18
132,5,COLEGIO BAJO MOLLE,Particular Subvencionado,Urbano,1,11,1101,Iquique,308,34.6945314440874,301,3,1,3
133,3,COLEGIO ADVENTISTA DE IQUIQUE,Particular Subvencionado,Urbano,1,11,1101,Iquique,142,37.4364608780813,117,5,10,10
134,1,LICEO ATENEA,Particular Subvencionado,Urbano,1,11,1101,Iquique,63,41.6656150075945,35,10,5,13
144,9,COLEGIO IQUIQUE YOUNG SCHOOL,Particular Subvencionado,Urbano,1,11,1101,Iquique,69,37.6948075250924,66,1,0,2
154,6,ESCUELA BASICA FRONTERIZA,Municipal DAEM,Rural,1,14,1404,Huara,96,40.7840134051518,8,1,0,1
156,2,ESCUELA PISAGUA,Municipal DAEM,Rural,1,14,1404,Huara,96,38.2138472392533,11,1,0,1
160,0,ESCUELA PACHICA,Municipal DAEM,Rural,1,14,1404,Huara,96,34.3077667381473,13,0,0,0
161,9,LICEO DE HUARA,Municipal DAEM,Rural,1,14,1404,Huara,53,37.4439609121788,46,2,2,3
162,7,ESCUELA SIBAYA,Municipal DAEM,Rural,1,14,1404,Huara,96,37.4808496081707,10,0,0,0
167,8,ESCUELA CAMINA,Municipal DAEM,Rural,1,14,1402,Camiña,56,34.998365211257,54,0,0,2
178,3,LICEO TECNICO PROFESIONAL COLCHANE,Municipal DAEM,Rural,1,14,1403,Colchane,32,32.721879532382,29,1,0,2
187,2,ESCUELA VERTIENTE DEL SABER,Municipal DAEM,Rural,1,14,1405,Pica,64,34.9612547795565,63,0,0,1
188,0,ESC. MATILLA DE NUEVA EXTREMADURA,Municipal DAEM,Rural,1,14,1405,Pica,74,41.8141600272937,52,9,3,10
192,9,ESCUELA BASICA MAMINA,Corporación Municipal,Rural,1,14,1401,Pozo Almonte,96,31.3737617544656,2,0,0,0
193,7,ESCUELA BASICA POZO ALMONTE,Corporación Municipal,Rural,1,14,1401,Pozo Almonte,142,36.8674499169449,132,3,3,4
195,3,ESCUELA BASICA LA TIRANA,Corporación Municipal,Rural,1,14,1401,Pozo Almonte,60,39.0897566668736,43,10,6,1
196,1,ESCUELA BASICA HUATACONDO,Corporación Municipal,Rural,1,14,1401,Pozo Almonte,96,30.0484517746833,1,0,0,0
198,8,ESCUELA BASICA LA HUAYCA,Corporación Municipal,Rural,1,14,1401,Pozo Almonte,29,36.2459244717894,26,1,0,2
199,6,LICEO DOMINGO LATRILLE LASTAUNOU,Servicio Local de Educación(SLE),Urbano,2,23,2301,Tocopilla,66,39.2624641021165,55,0,7,4
201,1,ESCUELA CARLOS CONDELL DE LA HAZA,Servicio Local de Educación(SLE),Urbano,2,23,2301,Tocopilla,128,37.386034491036,109,6,2,11
203,8,ESCUELA PABLO NERUDA,Servicio Local de Educación(SLE),Urbano,2,23,2301,Tocopilla,137,36.0938246139974,127,5,1,4
204,6,ESCUELA L.GRAL.BERNARDO O´HIGGINS R.,Servicio Local de Educación(SLE),Urbano,2,23,2301,Tocopilla,143,36.5909089674712,128,6,5,4
205,4,ESCUELA ARTURO PRAT CHACON,Servicio Local de Educación(SLE),Urbano,2,23,2301,Tocopilla,135,42.3561060255993,92,3,9,31
208,9,COLEGIO BICENTENARIO SAGRADA FAMILIA,Particular Subvencionado,Urbano,2,23,2301,Tocopilla,168,36.240383542414,156,6,3,3
210,0,ESCUELA ARTURO PEREZ CANTO,Servicio Local de Educación(SLE),Urbano,2,23,2302,María Elena,179,38.0551736183322,143,11,10,15
223,2,ESCUELA CLAUDIO ARRAU,Servicio Local de Educación(SLE),Urbano,2,22,2201,Calama,177,40.4303975756223,145,11,7,14
224,0,ESCUELA GRECIA,Servicio Local de Educación(SLE),Urbano,2,22,2201,Calama,296,40.1526604538155,239,23,12,22
225,9,ESCUELA REPUBLICA DE BOLIVIA,Servicio Local de Educación(SLE),Urbano,2,22,2201,Calama,252,39.4372833915194,207,13,18,14
226,7,ESCUELA BASICA EMILIO SOTOMAYOR,Servicio Local de Educación(SLE),Urbano,2,22,2201,Calama,288,37.5741034586088,249,16,9,14
227,5,ESCUELA BASICA PRESIDENTE BALMACEDA,Servicio Local de Educación(SLE),Urbano,2,22,2201,Calama,418,41.3355323565349,290,33,38,57
228,3,ESCUELA BASICA VADO DE TOPATER,Servicio Local de Educación(SLE),Urbano,2,22,2201,Calama,174,41.5304121497844,126,8,12,28
229,1,ESCUELA REPUBLICA DE CHILE,Servicio Local de Educación(SLE),Urbano,2,22,2201,Calama,196,42.9656033765262,121,18,24,33
230,5,ESCUELA BASICA ANDRES BELLO,Servicio Local de Educación(SLE),Urbano,2,22,2201,Calama,163,39.2762633538821,132,8,14,9
231,3,ESCUELA BASICA JOHN FITZGERALD KENNEDY,Servicio Local de Educación(SLE),Urbano,2,22,2201,Calama,227,37.7082803145174,193,8,11,15
232,1,ESCUELA BASICA PEDRO VERGARA KELLER,Servicio Local de Educación(SLE),Urbano,2,22,2201,Calama,168,41.9223698413987,124,10,16,18
239,9,ESCUELA BASICA 21 DE MAYO,Servicio Local de Educación(SLE),Urbano,2,22,2201,Calama,175,42.0622215108482,112,16,20,27
240,2,ESCUELA BASICA REPUBLICA DE FRANCIA,Servicio Local de Educación(SLE),Urbano,2,22,2201,Calama,161,37.5069189900276,139,11,8,3
243,7,ESCUELA BASICA PUKARA,Servicio Local de Educación(SLE),Rural,2,22,2201,Calama,96,35.8791832802846,5,1,0,0
246,1,ESCUELA BASICA SENORA DE LA CANDELARIA,Servicio Local de Educación(SLE),Rural,2,22,2201,Calama,96,33.9215720623806,3,0,0,0
248,8,ESCUELA BASICA SAN JOSE,Servicio Local de Educación(SLE),Rural,2,22,2201,Calama,96,31.6981301184485,3,0,0,0
252,6,ESCUELA BASICA SAN FRANCISCO,Servicio Local de Educación(SLE),Rural,2,22,2201,Calama,25,41.3242766744398,19,2,1,3
253,4,COLEGIO ADVENTISTA DE CALAMA,Particular Subvencionado,Urbano,2,22,2201,Calama,176,35.6031765315488,167,4,2,3
254,2,FUNDACION EDUCACIONAL COLEGIO NUESTRA SEÑORA DE AYQUINA,Particular Subvencionado,Urbano,2,22,2201,Calama,173,38.448969482137,146,6,10,11
255,0,COLEGIO EJERCITO DE SALVACION,Particular Subvencionado,Urbano,2,22,2201,Calama,265,37.1607233330782,235,13,7,10
256,9,INSTITUTO OBISPO SILVA LEZAETA,Particular Subvencionado,Urbano,2,22,2201,Calama,322,38.8586713958399,255,28,20,19
268,2,ESC. BASICA RURAL SAN ANTONIO DE PADUA,Servicio Local de Educación(SLE),Rural,2,22,2202,Ollagüe,96,37.6491376905047,15,1,0,1
270,4,COMPLEJO EDUCACIONAL TOCONAO,Servicio Local de Educación(SLE),Rural,2,22,2203,San Pedro de Atacama,77,36.6055438331922,72,1,4,0
280,1,LICEO COMERCIAL JERARDO MUNOZ CAMPOS,Corporación Municipal,Urbano,2,21,2101,Antofagasta,37,44.0678522532773,21,3,8,5
284,4,LICEO DE HOMBRES DE ANTOFAGASTA MARIO BAHAMONDE SILVA,Corporación Municipal,Urbano,2,21,2101,Antofagasta,152,44.4176788636556,89,15,14,34
285,2,LICEO BICENTENARIO MARTA NAREA DIAZ,Corporación Municipal,Urbano,2,21,2101,Antofagasta,128,40.1363662005419,93,10,11,14
287,9,LICEO DOMINGO HERRERA RIVERA,Corporación Municipal,Urbano,2,21,2101,Antofagasta,56,39.0523317297467,46,3,3,4
288,7,ESCUELA JAPON,Corporación Municipal,Urbano,2,21,2101,Antofagasta,303,36.9923980986181,274,16,10,3
289,5,ESCUELA ESPANA,Corporación Municipal,Urbano,2,21,2101,Antofagasta,134,43.0093886215051,72,16,19,27
291,7,ESCUELA PADRE GUSTAVO LE PAIGE DE WALQUE,Corporación Municipal,Urbano,2,21,2101,Antofagasta,277,39.3562340889954,213,18,16,30
292,5,ESCUELA REPUBLICA DE ITALIA,Corporación Municipal,Urbano,2,21,2101,Antofagasta,183,42.6114424464097,114,18,17,34
293,3,ESCUELA JOSE PAPIC RADNIC,Corporación Municipal,Urbano,2,21,2101,Antofagasta,322,40.2083612575098,255,20,18,29
294,1,ESCUELA PROFESORA LJUBICA DOMIC WUTH,Corporación Municipal,Urbano,2,21,2101,Antofagasta,229,42.0784133395326,159,14,26,30
296,8,ESCUELA REPUBLICA DE LOS ESTADOS UNIDOS,Corporación Municipal,Urbano,2,21,2101,Antofagasta,149,40.7800907837612,106,13,14,16
297,6,ESCUELA ALCALDE MAXIMILIANO POBLETE,Corporación Municipal,Urbano,2,21,2101,Antofagasta,150,42.0494738146147,101,11,20,18
298,4,ESCUELA DARIO SALAS DIAZ,Corporación Municipal,Urbano,2,21,2101,Antofagasta,174,40.5318658376127,137,8,11,18
301,8,ESCUELA ROMULO J. PENA MATURANA,Corporación Municipal,Urbano,2,21,2101,Antofagasta,135,43.8764500516726,74,18,12,31
302,6,ESCUELA JUAN LOPEZ,Corporación Municipal,Urbano,2,21,2101,Antofagasta,124,44.8696411035993,71,13,10,30
303,4,ESCUELA REPUBLICA ARGENTINA,Corporación Municipal,Urbano,2,21,2101,Antofagasta,109,41.5785856064151,79,11,8,11
304,2,LICEO BICENTENARIO ANDRÉS SABELLA,Corporación Municipal,Urbano,2,21,2101,Antofagasta,236,36.3761757258831,203,9,11,13
305,0,ESCUELA HUMBERTO GONZALEZ ECHEGOYEN,Corporación Municipal,Urbano,2,21,2101,Antofagasta,235,37.9173708002299,203,9,9,14
306,9,ESCUELA HUANCHACA,Corporación Municipal,Urbano,2,21,2101,Antofagasta,76,38.8393913930776,68,3,1,4
310,7,ESCUELA CLAUDIO MATTE PEREZ,Corporación Municipal,Urbano,2,21,2101,Antofagasta,115,42.043094560188,82,8,10,15
312,3,ESCUELA ECUADOR,Corporación Municipal,Urbano,2,21,2101,Antofagasta,155,40.7690788566049,110,14,15,16
313,1,ESCUELA ARTURO PRAT,Corporación Municipal,Urbano,2,21,2101,Antofagasta,285,38.786657612683,230,19,17,19
315,8,ESCUELA HEROES DE LA CONCEPCION,Corporación Municipal,Urbano,2,21,2101,Antofagasta,111,44.0857876929396,61,15,13,22
317,4,ESCUELA LAS ROCAS,Corporación Municipal,Urbano,2,21,2101,Antofagasta,245,40.4916628447481,188,19,17,21
318,2,ESCUELA EDDA CUNEO DONNAGIO,Corporación Municipal,Urbano,2,21,2101,Antofagasta,60,36.5918438932303,55,2,3,0
319,0,ESCUELA LA BANDERA,Corporación Municipal,Urbano,2,21,2101,Antofagasta,214,41.2215155299801,143,18,24,29
320,4,LICEO ARTISTICO DE ANTOFAGASTA `ARMANDO CARRERA GONZALEZ`,Corporación Municipal,Urbano,2,21,2101,Antofagasta,154,42.3241834131228,99,18,19,18
322,0,ESCUELA GENERAL MANUEL BAQUEDANO,Corporación Municipal,Urbano,2,21,2101,Antofagasta,134,40.1791182130567,104,4,10,16
324,7,ESCUELA FUNDACION MINERA ESCONDIDA,Corporación Municipal,Urbano,2,21,2101,Antofagasta,123,42.4832927697139,81,15,10,17
326,3,ESCUELA SANTIAGO AMENGUAL B.,Corporación Municipal,Urbano,2,21,2101,Antofagasta,146,44.9718122411585,68,14,20,44
329,8,LICEO BICENTENARIO INSTITUTO JOSÉ MAZA SANCHO,Corporación Municipal,Urbano,2,21,2101,Antofagasta,122,37.5336852661435,107,5,4,6
332,8,ESCUELA GABRIELA MISTRAL,Corporación Municipal,Urbano,2,21,2101,Antofagasta,142,42.1554688369856,100,10,12,20
335,2,COLEGIO MISIONERO JOSE LANCASTER,Particular Subvencionado,Urbano,2,21,2101,Antofagasta,90,42.1309331815107,50,10,8,22
336,0,LICEO EXPERIMENTAL ARTISTICO-APLICACION,Particular Subvencionado,Urbano,2,21,2101,Antofagasta,261,37.7828711005168,218,19,11,13
337,9,COLEGIO SANTA TERESITA,Particular Subvencionado,Urbano,2,21,2101,Antofagasta,174,37.1731411651439,158,9,5,2
341,7,COLEGIO ADVENTISTA DE ANTOFAGASTA,Particular Subvencionado,Urbano,2,21,2101,Antofagasta,169,38.1533064948077,137,11,15,6
342,5,COLEGIO INGLES SAN JOSE,Particular Subvencionado,Urbano,2,21,2101,Antofagasta,160,37.8013764553527,142,9,6,3
343,3,ESCUELA PRESBITERIANA,Particular Subvencionado,Urbano,2,21,2101,Antofagasta,155,39.3716263546217,123,12,10,10
344,1,COLEGIO SANTA EMILIA,Particular Subvencionado,Urbano,2,21,2101,Antofagasta,152,37.3760519072063,128,9,5,10
350,6,COLEGIO LIDIA MORENO,Particular Subvencionado,Urbano,2,21,2101,Antofagasta,116,38.9745109536853,90,14,8,4
356,5,COLEGIO CORAZON DE MARIA,Particular Subvencionado,Urbano,2,21,2101,Antofagasta,163,36.8370408762005,154,5,3,1
365,4,COLEGIO EAGLE SCHOOL,Particular Subvencionado,Urbano,2,21,2101,Antofagasta,117,37.3929218519725,100,5,8,4
367,0,COMPLEJO EDUCATIVO JUAN JOSE LATORRE BENAVENT,Municipal DAEM,Urbano,2,21,2102,Mejillones,221,41.0148345472908,159,13,27,22
368,9,ESCUELA BASICA JULIA HERRERA VARAS,Municipal DAEM,Urbano,2,21,2102,Mejillones,224,39.738932374627,167,16,17,24
370,0,ESCUELA ESTACION BAQUEDANO,Municipal DAEM,Urbano,2,21,2103,Sierra Gorda,41,45.31337136489,23,5,2,11
371,9,COMPLEJO EDUCATIVO CARACOLES,Municipal DAEM,Urbano,2,21,2103,Sierra Gorda,26,39.43768604077,21,2,0,3
372,7,LICEO POLITECNICO JOSE MIGUEL QUIROZ,Municipal DAEM,Urbano,2,21,2104,Taltal,67,38.6777768160851,55,3,1,8
373,5,LICEO JUAN CORTES-MONROY CORTES,Municipal DAEM,Urbano,2,21,2104,Taltal,116,33.239978431106,113,2,0,1
375,1,ESCUELA VICTOR CARVAJAL MEZA,Municipal DAEM,Urbano,2,21,2104,Taltal,87,32.5668634534203,85,0,1,1
380,8,ESCUELA BÁSICA DIEGO PORTALES PALAZUELOS,Servicio Local de Educación(SLE),Urbano,3,32,3201,Chañaral,71,37.2771001435786,62,3,4,2
381,6,ESCUELA BÁSICA PEDRO LUJAN,Servicio Local de Educación(SLE),Urbano,3,32,3201,Chañaral,39,34.6721212047767,38,0,0,1
382,4,"ESCUELA GASPAR CABRALES, ARTÍSTICA Y DEPORTIVA",Servicio Local de Educación(SLE),Urbano,3,32,3201,Chañaral,89,35.1046948739737,85,2,2,0
386,7,ESCUELA ALIRO LAMAS CASTILLO,Servicio Local de Educación(SLE),Urbano,3,32,3202,Diego de Almagro,153,35.6165871475355,136,4,9,4
387,5,ESCUELA BÁSICA EMPERATRIZ SEPÚLVEDA LANDEROS,Servicio Local de Educación(SLE),Rural,3,32,3202,Diego de Almagro,96,34.7612424034093,9,0,1,0
392,1,LICEO DIEGO DE ALMEIDA,Particular Subvencionado,Urbano,3,32,3202,Diego de Almagro,225,33.7653289487549,216,5,0,4
400,6,LICEO BICENTENARIO MERCEDES FRITIS MACKENNEY,Servicio Local de Educación(SLE),Urbano,3,31,3101,Copiapó,315,38.2619814694267,264,15,17,19
401,4,ESCUELA BERNARDO O HIGGINS,Servicio Local de Educación(SLE),Urbano,3,31,3101,Copiapó,159,35.3937402463875,149,3,2,5
403,0,ESCUELA LAURA ROBLES SILVA,Servicio Local de Educación(SLE),Urbano,3,31,3101,Copiapó,124,39.7015843029189,91,10,12,11
405,7,ESCUELA LOS ESTANDARTES,Servicio Local de Educación(SLE),Urbano,3,31,3101,Copiapó,114,42.7932133056552,64,13,16,21
406,5,ESCUELA VICENTE SEPÚLVEDA ROJO,Servicio Local de Educación(SLE),Urbano,3,31,3101,Copiapó,191,43.2560838233119,124,15,23,29
407,3,ESCUELA JESÚS FERNÁNDEZ HIDALGO,Servicio Local de Educación(SLE),Urbano,3,31,3101,Copiapó,121,40.9217286448559,79,11,19,12
408,1,ESCUELA PEDRO LEÓN GALLO,Servicio Local de Educación(SLE),Urbano,3,31,3101,Copiapó,229,37.7248414061075,201,7,8,13
410,3,ESCUELA JOSÉ MANSO DE VELASCO,Servicio Local de Educación(SLE),Urbano,3,31,3101,Copiapó,148,40.1426680975785,113,16,13,6
411,1,ESCUELA LAS CANTERAS,Servicio Local de Educación(SLE),Urbano,3,31,3101,Copiapó,116,40.9195495784185,78,8,12,18
413,8,ESCUELA LAS BRISAS,Servicio Local de Educación(SLE),Urbano,3,31,3101,Copiapó,56,38.2235751918376,51,2,3,0
415,4,LICEO DE MÚSICA DE COPIAPÓ HUGO GARRIDO GAETE,Servicio Local de Educación(SLE),Urbano,3,31,3101,Copiapó,164,36.6428612369168,152,9,2,1
416,2,ESCUELA ABRAHAM SEPÚLVEDA PIZARRO,Servicio Local de Educación(SLE),Urbano,3,31,3101,Copiapó,150,38.4011581072057,134,6,5,5
417,0,COLEGIO BUEN PASTOR,Servicio Local de Educación(SLE),Urbano,3,31,3101,Copiapó,152,37.2116662568484,135,8,5,4
418,9,ESCUELA ISABEL PEÑA MORALES,Servicio Local de Educación(SLE),Urbano,3,31,3101,Copiapó,243,39.0269450147482,196,14,12,21
419,7,ESCUELA HERNÁN MÁRQUEZ HUERTA,Servicio Local de Educación(SLE),Urbano,3,31,3101,Copiapó,146,38.4556707577716,128,7,6,5
420,0,LICEO FERNANDO ARIZTÍA RUIZ,Servicio Local de Educación(SLE),Urbano,3,31,3101,Copiapó,271,44.3971192754913,126,18,23,104
421,9,ESCUELA BRUNO ZAVALA FREDES,Servicio Local de Educación(SLE),Urbano,3,31,3101,Copiapó,194,38.6226481843241,150,11,20,13
423,5,ESCUELA SAN PEDRO,Servicio Local de Educación(SLE),Rural,3,31,3101,Copiapó,80,36.939384920857,71,3,5,1
427,8,ESCUELA LUIS CRUZ MARTÍNEZ,Servicio Local de Educación(SLE),Urbano,3,31,3101,Copiapó,83,40.0333218366805,62,8,9,4
429,4,LICEO CATÓLICO ATACAMA,Particular Subvencionado,Urbano,3,31,3101,Copiapó,307,37.0990597305773,265,12,12,18
430,8,LICEO POLITÉCNICO BELÉN,Particular Subvencionado,Urbano,3,31,3101,Copiapó,149,35.852395916277,141,2,3,3
431,6,LICEO SAGRADO CORAZÓN,Particular Subvencionado,Urbano,3,31,3101,Copiapó,132,39.4195712130679,105,8,3,16
433,2,COLEGIO ADVENTISTA DE COPIAPÓ,Particular Subvencionado,Urbano,3,31,3101,Copiapó,179,36.2777774483027,161,5,6,7
434,0,ESCUELA SAN VICENTE DE PAUL,Particular Subvencionado,Urbano,3,31,3101,Copiapó,174,35.8243966148434,168,4,1,1
440,5,COLEGIO PARROQUIAL PADRE NEGRO,Particular Subvencionado,Urbano,3,31,3102,Caldera,164,38.0558184198022,134,9,13,8
441,3,ESCUELA DE CONCENTRACIÓN,Servicio Local de Educación(SLE),Urbano,3,31,3103,Tierra Amarilla,27,42.2317818847762,15,3,3,6
442,1,ESCUELA VICTOR MANUEL SÁNCHEZ CABAÑAS,Servicio Local de Educación(SLE),Urbano,3,31,3103,Tierra Amarilla,112,38.090088798333,96,4,5,7
444,8,ESCUELA LUIS URIBE ORREGO,Servicio Local de Educación(SLE),Urbano,3,31,3103,Tierra Amarilla,98,39.4171159076864,71,7,7,13
450,2,ESCUELA HERMANOS CARRERA,Servicio Local de Educación(SLE),Urbano,3,33,3301,Vallenar,71,39.4501028958658,59,5,3,4
452,9,ESCUELA GABRIELA MISTRAL,Servicio Local de Educación(SLE),Urbano,3,33,3301,Vallenar,84,36.6227838508987,79,4,1,0
453,7,ESCUELA IGNACIO CARRERA PINTO,Servicio Local de Educación(SLE),Urbano,3,33,3301,Vallenar,164,38.5771587042557,132,11,12,9
454,5,ESCUELA GREGORIO CASTILLO MARÍN,Servicio Local de Educación(SLE),Urbano,3,33,3301,Vallenar,231,35.0885133738183,223,4,2,2
455,3,ESCUELA REPÚBLICA DE LOS ESTADOS UNIDOS,Servicio Local de Educación(SLE),Urbano,3,33,3301,Vallenar,73,34.5975768788362,72,1,0,0
458,8,ESCUELA ARTURO PÉREZ CANTO,Servicio Local de Educación(SLE),Urbano,3,33,3301,Vallenar,76,35.5297971810292,67,4,3,2
459,6,ESCUELA BÁSICA ESPAÑA,Servicio Local de Educación(SLE),Urbano,3,33,3301,Vallenar,120,35.8520850641736,112,3,2,3
461,8,ESCUELA LUIS CRUZ MARTÍNEZ,Servicio Local de Educación(SLE),Urbano,3,33,3301,Vallenar,81,38.2721162035487,74,4,3,0
462,6,ESCUELA JOSÉ CAROCA LAFLOR,Servicio Local de Educación(SLE),Urbano,3,33,3301,Vallenar,77,39.7884002000693,61,10,4,2
463,4,ESCUELA BÁSICA ROBERTO CUADRA ALQUINTA,Servicio Local de Educación(SLE),Urbano,3,33,3301,Vallenar,29,39.8465556470898,20,3,3,3
464,2,ESCUELA BÁSICA GUALBERTO KONG FERNÁNDEZ,Servicio Local de Educación(SLE),Urbano,3,33,3301,Vallenar,152,37.1415566661056,130,7,11,4
469,3,ESCUELA BÁSICA JUSTINO LEIVA AMOR,Servicio Local de Educación(SLE),Rural,3,33,3301,Vallenar,96,33.1514003157074,14,0,0,1
478,2,LICEO SANTA MARTA,Particular Subvencionado,Urbano,3,33,3301,Vallenar,171,35.0940908584105,161,4,5,1
479,0,LICEO SAN FRANCISCO,Particular Subvencionado,Urbano,3,33,3301,Vallenar,91,38.1514519980316,76,7,3,5
481,2,ESCUELA BÁSICA ALEJANDRO NOEMI HUERTA,Servicio Local de Educación(SLE),Urbano,3,33,3303,Freirina,93,35.7719556981936,88,1,1,3
482,0,ESCUELA FORTUNATO SOZA RODRÍGUEZ,Servicio Local de Educación(SLE),Rural,3,33,3303,Freirina,96,35.4829262481907,6,0,0,0
483,9,ESCUELA SAMUEL E. CASTILLO LOPEZ,Servicio Local de Educación(SLE),Rural,3,33,3303,Freirina,96,31.9348098510245,7,0,0,0
487,1,ESCUELA BÁSICA JOSÉ MIGUEL CARRERA,Servicio Local de Educación(SLE),Urbano,3,33,3304,Huasco,103,34.3891786097138,100,2,1,0
489,8,ESCUELA EL OLIVAR,Servicio Local de Educación(SLE),Urbano,3,33,3304,Huasco,80,36.1365308540263,75,2,2,1
492,8,COLEGIO PARTICULAR ENGLISH COLLEGE,Particular Subvencionado,Urbano,3,33,3304,Huasco,63,34.5296095679955,61,0,1,1
493,6,ESCUELA EDUCADOR ARTURO ALVEAR RAMOS,Servicio Local de Educación(SLE),Rural,3,33,3302,Alto del Carmen,67,38.4361355464803,56,4,3,4
499,5,ESCUELA RICARDO CAMPILLAY CONTRERAS,Servicio Local de Educación(SLE),Rural,3,33,3302,Alto del Carmen,52,33.6321409530096,51,0,0,1
516,9,LICEO GABRIELA MISTRAL DE LA SERENA,Corporación Municipal,Urbano,4,41,4101,La Serena,77,41.2777694764488,54,4,8,11
517,7,LICEO GREGORIO CORDOVEZ,Corporación Municipal,Urbano,4,41,4101,La Serena,247,37.9173029414667,210,13,11,13
519,3,COLEGIO ARTURO PRAT CHACON,Corporación Municipal,Urbano,4,41,4101,La Serena,155,39.2447425667937,120,9,16,10
521,5,COLEGIO VICTOR DOMINGO SILVA,Corporación Municipal,Urbano,4,41,4101,La Serena,78,38.4798863678463,65,6,0,7
522,3,COLEGIO JAVIERA CARRERA,Corporación Municipal,Urbano,4,41,4101,La Serena,79,41.7965488032617,56,4,3,16
523,1,ESCUELA ALONSO DE ERCILLA,Corporación Municipal,Urbano,4,41,4101,La Serena,55,41.2881000506992,37,7,5,6
525,8,COLEGIO JAPON,Corporación Municipal,Urbano,4,41,4101,La Serena,102,42.7571558980311,57,12,16,17
526,6,COLEGIO JOSE MANUEL BALMACEDA,Corporación Municipal,Urbano,4,41,4101,La Serena,83,38.660455403887,66,9,4,4
527,4,COLEGIO HEROES DE LA CONCEPCION,Corporación Municipal,Urbano,4,41,4101,La Serena,126,39.5084455012395,93,13,12,8
528,2,ESCUELA GERMAN RIESCO,Corporación Municipal,Urbano,4,41,4101,La Serena,82,37.8888135322336,68,5,3,6
530,4,COLEGIO GABRIEL GONZALEZ VIDELA,Corporación Municipal,Urbano,4,41,4101,La Serena,134,41.2462940245624,89,13,11,21
531,2,COLEGIO PEDRO AGUIRRE CERDA,Corporación Municipal,Urbano,4,41,4101,La Serena,80,41.6347575936373,46,13,9,12
533,9,COLEGIO DARIO SALAS,Corporación Municipal,Urbano,4,41,4101,La Serena,96,41.1079056488951,13,0,2,1
534,7,COLEGIO VILLA SAN BARTOLOME,Corporación Municipal,Urbano,4,41,4101,La Serena,113,40.031971117805,87,8,7,11
535,5,COLEGIO JOSE MIGUEL CARRERA,Corporación Municipal,Urbano,4,41,4101,La Serena,119,39.7183431869042,92,9,10,8
536,3,COLEGIO DEPORTIVO OLIMPICO,Corporación Municipal,Urbano,4,41,4101,La Serena,59,39.7235833519221,46,4,2,7
539,8,COLEGIO DE ALGARROBITO,Corporación Municipal,Urbano,4,41,4101,La Serena,43,37.1727855828042,39,2,1,1
540,1,ESCUELA DE ISLON,Corporación Municipal,Urbano,4,41,4101,La Serena,24,37.8375807059426,22,1,0,1
542,8,ESCUELA DE LAMBERT,Corporación Municipal,Urbano,4,41,4101,La Serena,44,38.2385726029243,36,1,3,4
543,6,COLEGIO ALTOVALSOL,Corporación Municipal,Rural,4,41,4101,La Serena,34,38.2977507180781,28,4,1,1
546,0,COLEGIO COQUIMBITO,Corporación Municipal,Urbano,4,41,4101,La Serena,35,36.9744523641927,32,1,1,1
548,7,ESCUELA DE COLONIA ALFALFARES,Corporación Municipal,Urbano,4,41,4101,La Serena,22,39.7900442827456,19,0,0,3
551,7,ESCUELA DE LAS ROJAS,Corporación Municipal,Rural,4,41,4101,La Serena,34,39.6334347759983,27,3,2,2
556,8,ESCUELA DE ROMERO,Corporación Municipal,Rural,4,41,4101,La Serena,37,39.534202332589,29,4,3,1
557,6,ESCUELA DE SATURNO,Corporación Municipal,Rural,4,41,4101,La Serena,47,37.2977609320986,39,5,2,1
560,6,COLEGIO QUEBRADA DE TALCA,Corporación Municipal,Rural,4,41,4101,La Serena,45,37.6443398761975,41,3,1,0
562,2,COLEGIO CALETA SAN PEDRO,Corporación Municipal,Rural,4,41,4101,La Serena,58,38.384450394466,48,4,3,3
565,7,COLEGIO ADVENTISTA LA SERENA,Particular Subvencionado,Urbano,4,41,4101,La Serena,168,35.1593002244044,160,3,3,2
566,5,COLEGIO ISABEL RIQUELME,Particular Subvencionado,Urbano,4,41,4101,La Serena,69,40.2732522008304,54,8,4,3
567,3,COLEGIO SAN FRANCISCO COLL,Particular Subvencionado,Urbano,4,41,4101,La Serena,179,36.4365031426132,163,10,2,4
568,1,COLEGIO SAN ANTONIO,Particular Subvencionado,Urbano,4,41,4101,La Serena,90,36.6497343402174,85,2,0,3
570,3,COLEGIO ELENA BETTINI,Particular Subvencionado,Urbano,4,41,4101,La Serena,90,38.1909038983534,80,6,4,0
573,8,ESCUELA PARTICULAR TERESA VIDELA DE G,Particular Subvencionado,Urbano,4,41,4101,La Serena,86,36.6498685680495,79,3,4,0
574,6,ESCUELA INDUSTRIAL SALESIANA SAN RAMON,Particular Subvencionado,Urbano,4,41,4101,La Serena,322,41.5271708476614,217,19,32,54
575,4,COLEGIO PROVIDENCIA,Particular Subvencionado,Urbano,4,41,4101,La Serena,148,40.3272143466818,119,5,8,16
578,9,LICEO BICENTENARIO DE EXCELENCIA IGNACIO CARRERA PINTO,Corporación Municipal,Urbano,4,41,4101,La Serena,52,42.2073182133559,31,4,5,12
579,7,COLEGIO SEMINARIO CONCILIAR,Particular Subvencionado,Urbano,4,41,4101,La Serena,254,36.2419249526402,234,10,6,4
581,9,ESCUELA EXPERIMENTAL DE MUSICA JORGE PEÑA HEN,Particular Subvencionado,Urbano,4,41,4101,La Serena,117,36.0135248977396,108,3,2,4
583,5,COLEGIO SAGRADOS CORAZONES,Particular Subvencionado,Urbano,4,41,4101,La Serena,172,36.575551297674,156,8,5,3
589,4,COLEGIO SANTO DOMINGO,Particular Subvencionado,Urbano,4,41,4101,La Serena,59,35.7003942324315,57,2,0,0
597,5,COLEGIO PEDRO PABLO MUÑOZ,Municipal DAEM,Urbano,4,41,4104,La Higuera,72,40.7793080943928,49,4,8,11
599,1,ESCUELA JOSE SANTOS OSSA,Municipal DAEM,Rural,4,41,4104,La Higuera,59,39.5392873674882,44,3,3,9
602,5,ESCUELA BASICA CARLOS CONDELL,Municipal DAEM,Rural,4,41,4104,La Higuera,35,37.0908104631322,30,4,0,1
612,2,ESCUELA GUILLERMO CERECEDA,Servicio Local de Educación(SLE),Urbano,4,41,4102,Coquimbo,62,40.5155754791208,45,6,6,5
613,0,COLEGIO DE ARTES CLAUDIO ARRAU,Servicio Local de Educación(SLE),Urbano,4,41,4102,Coquimbo,140,40.1188281855775,99,13,12,16
614,9,ESCUELA PRESIDENTE ANIBAL PINTO,Servicio Local de Educación(SLE),Urbano,4,41,4102,Coquimbo,75,41.8673825231215,47,5,6,17
615,7,ESCUELA COQUIMBO,Servicio Local de Educación(SLE),Urbano,4,41,4102,Coquimbo,58,43.1889777661866,33,4,8,13
616,5,ESCUELA CARDENAL JOSE MARIA CARO,Servicio Local de Educación(SLE),Urbano,4,41,4102,Coquimbo,164,38.4422768986924,137,8,7,12
617,3,COLEGIO SANTA CECILIA,Servicio Local de Educación(SLE),Urbano,4,41,4102,Coquimbo,65,40.8067021289245,44,11,7,3
618,1,ESCUELA SANTO TOMAS DE AQUINO,Servicio Local de Educación(SLE),Urbano,4,41,4102,Coquimbo,130,39.8086083634494,94,17,11,8
620,3,ESCUELA JOSE ALFARO ALFARO,Servicio Local de Educación(SLE),Urbano,4,41,4102,Coquimbo,129,41.9875479412881,77,13,17,22
621,1,ESCUELA BASICA MARIO MUNOZ SILVA,Servicio Local de Educación(SLE),Urbano,4,41,4102,Coquimbo,47,41.4799432333061,32,3,5,7
625,4,ESCUELA TOMASA OLIVARES CAAMANO,Servicio Local de Educación(SLE),Urbano,4,41,4102,Coquimbo,38,39.1661791439928,31,5,1,1
626,2,ESCUELA BASICA DAVID LEON TAPIA,Servicio Local de Educación(SLE),Urbano,4,41,4102,Coquimbo,155,38.5733844154824,139,5,6,5
628,9,ESCUELA DE PENUELAS,Servicio Local de Educación(SLE),Urbano,4,41,4102,Coquimbo,60,37.4270426985254,54,4,1,1
629,7,COLEGIO PABLO NERUDA,Servicio Local de Educación(SLE),Rural,4,41,4102,Coquimbo,139,38.4598887381923,113,9,12,5
630,0,COLEGIO LA HERRADURA,Servicio Local de Educación(SLE),Urbano,4,41,4102,Coquimbo,75,42.6103885895287,43,7,9,16
631,9,ESCUELA SAN RAFAEL,Servicio Local de Educación(SLE),Urbano,4,41,4102,Coquimbo,89,39.4625836879347,67,9,8,5
632,7,ESCUELA BASICA MANUEL DE SALAS,Servicio Local de Educación(SLE),Urbano,4,41,4102,Coquimbo,84,40.3915791294623,54,11,14,5
637,8,ESCUELA LUCILA GODOY ALCAYAGA,Servicio Local de Educación(SLE),Urbano,4,41,4102,Coquimbo,53,37.1974198452008,46,2,3,2
639,4,ESCUELA DE LAS BARRANCAS,Servicio Local de Educación(SLE),Rural,4,41,4102,Coquimbo,32,37.9945689361623,25,2,3,2
643,2,ESCUELA DE TAMBILLOS,Servicio Local de Educación(SLE),Rural,4,41,4102,Coquimbo,32,35.6092359066449,28,2,1,1
644,0,ESCUELA DE PUERTO ALDEA,Servicio Local de Educación(SLE),Rural,4,41,4102,Coquimbo,96,38.2933820771352,8,0,1,1
646,7,COLEGIO BERNARDO O´HIGGINS,Particular Subvencionado,Urbano,4,41,4102,Coquimbo,363,41.7213733252093,217,34,32,80
647,5,COLEGIO MANUEL MONTT,Particular Subvencionado,Urbano,4,41,4102,Coquimbo,86,37.487677590608,79,4,2,1
648,3,COLEGIO SANTA MARTA,Particular Subvencionado,Urbano,4,41,4102,Coquimbo,168,36.0180409574838,161,6,0,1
649,1,COLEGIO PARTICULAR GABRIELA MISTRAL,Particular Subvencionado,Urbano,4,41,4102,Coquimbo,234,36.7386654131534,217,10,6,1
650,5,ESCUELA PARTICULAR METODISTA,Particular Subvencionado,Urbano,4,41,4102,Coquimbo,83,40.6957134909348,59,6,10,8
655,6,COLEGIO PARTICULAR SAN IGNACIO,Particular Subvencionado,Urbano,4,41,4102,Coquimbo,119,40.7450992371614,82,14,6,17
657,2,ESCUELA LUIS CRUZ MARTINEZ,Servicio Local de Educación(SLE),Urbano,4,41,4103,Andacollo,56,39.3913399946795,39,6,3,8
658,0,ESCUELA PATRICIO LYNCH,Servicio Local de Educación(SLE),Rural,4,41,4103,Andacollo,53,35.8663315492458,48,2,3,0
664,5,COLEGIO PARROQUIAL DE ANDACOLLO,Particular Subvencionado,Urbano,4,41,4103,Andacollo,170,37.853583885891,145,6,7,12
666,1,ESCUELA BASICA LUCILA GODOY ALCAYAGA,Municipal DAEM,Urbano,4,41,4106,Vicuña,88,39.0650113879611,70,5,10,3
668,8,ESCUELA EDMUNDO VIDAL CARDENAS,Municipal DAEM,Urbano,4,41,4106,Vicuña,66,39.6294053919587,54,4,4,4
669,6,ESCUELA NEFTALI REYES,Municipal DAEM,Urbano,4,41,4106,Vicuña,45,38.0659075054842,37,3,2,3
671,8,ESCUELA RIOS DE ELQUI,Municipal DAEM,Urbano,4,41,4106,Vicuña,39,36.3257057102166,37,0,1,1
672,6,ESCUELA DE DIAGUITAS JUAN TORRES M.,Municipal DAEM,Urbano,4,41,4106,Vicuña,44,36.5260880776493,43,0,0,1
673,4,ESCUELA JOSE ABELARDO NUNEZ,Municipal DAEM,Urbano,4,41,4106,Vicuña,52,39.447084586456,40,3,4,5
680,7,ESCUELA FEDERICO BARNES PAYNE,Municipal DAEM,Urbano,4,41,4106,Vicuña,96,35.3914783457278,11,1,0,0
682,3,ESCUELA DAGOBERTO CAMPOS NUNEZ,Municipal DAEM,Urbano,4,41,4106,Vicuña,24,37.2739657081531,22,1,1,0
690,4,LICEO BICENTENARIO DE EXCELENCIA COLEGIO ANTONIO VARAS,Particular Subvencionado,Urbano,4,41,4106,Vicuña,146,34.5130761564847,145,1,0,0
691,2,ESCUELA MUNICIPAL CIELO CLARO--PAIHUANO,Municipal DAEM,Urbano,4,41,4105,Paiguano,51,39.2098937272944,40,2,5,4
692,0,ESCUELA JERONIMO GODOY VILLANUEVA,Municipal DAEM,Urbano,4,41,4105,Paiguano,52,35.641178218901,49,2,0,1
694,7,ESCUELA GABRIELA MISTRAL,Municipal DAEM,Rural,4,41,4105,Paiguano,40,38.0008684207234,37,1,2,0
704,8,LICEO ALEJANDRO ALVAREZ JOFRE,Municipal DAEM,Urbano,4,43,4301,Ovalle,324,38.6346314060984,250,25,26,23
706,4,COLEGIO FRAY JORGE,Municipal DAEM,Urbano,4,43,4301,Ovalle,154,40.7025549752984,99,17,17,21
707,2,ESCUELA BASICA HELENE LANG,Municipal DAEM,Urbano,4,43,4301,Ovalle,94,37.4658704712843,85,2,4,3
708,0,ESCUELA ANTONIO TIRADO LANAS,Municipal DAEM,Urbano,4,43,4301,Ovalle,75,38.2748312329404,67,2,5,1
709,9,ESCUELA BASICA OSCAR ARAYA MOLINA,Municipal DAEM,Urbano,4,43,4301,Ovalle,72,39.2425604572949,56,6,6,4
710,2,ESCUELA BASICA JOSE TOMAS OVALLE B.,Municipal DAEM,Urbano,4,43,4301,Ovalle,67,39.3653265931767,50,7,3,7
711,0,ESCUELA GUARDIAMARINA ERNESTO RIQUELME V,Municipal DAEM,Urbano,4,43,4301,Ovalle,94,40.4653830165723,69,13,5,7
712,9,ESCUELA BÁSICA ARTURO ALESSANDRI PALMA,Municipal DAEM,Urbano,4,43,4301,Ovalle,160,38.7714767831567,128,14,9,9
713,7,ESCUELA ARTURO VILLALON SIEULANNE,Municipal DAEM,Urbano,4,43,4301,Ovalle,71,40.7836950163838,53,5,9,4
714,5,ESCUELA BASICA VISTA HERMOSA,Municipal DAEM,Urbano,4,43,4301,Ovalle,123,40.6598219225035,87,9,15,12
715,3,ESCUELA BASICA BERNARDO O¦HIGGINS RIQUELME,Municipal DAEM,Urbano,4,43,4301,Ovalle,35,37.761736870625,31,2,0,2
716,1,ESC.PADRE JOSEPH BENEDIKT STEGMEIER,Municipal DAEM,Urbano,4,43,4301,Ovalle,74,38.7304260722563,64,4,3,3
718,8,ESCUELA MARCOS MACUADA OGALDE,Municipal DAEM,Urbano,4,43,4301,Ovalle,30,38.8962735680667,24,2,1,3
721,8,ESCUELA BASICA FLORENCIO ESPINOZA LOPEZ,Municipal DAEM,Urbano,4,43,4301,Ovalle,129,40.4494706977943,92,10,17,10
722,6,ESC. HEBERTO VELAZQUEZ VELAZQUEZ,Municipal DAEM,Urbano,4,43,4301,Ovalle,60,39.9072994905561,41,6,6,7
725,0,ESCUELA EL CRISOL,Municipal DAEM,Rural,4,43,4301,Ovalle,49,41.0769737822254,39,3,2,5
729,3,ESCUELA BASICA LOS OLIVOS,Municipal DAEM,Rural,4,43,4301,Ovalle,96,39.4238694708686,13,0,1,0
730,7,ESCUELA BASICA LUCIA NUNEZ DE LA CUADRA,Municipal DAEM,Rural,4,43,4301,Ovalle,27,39.1935822656645,21,2,1,3
731,5,ESCUELA EL TRAPICHE,Municipal DAEM,Rural,4,43,4301,Ovalle,96,37.6487398570686,7,1,2,0
733,1,ESCUELA SANTA CRISTINA,Municipal DAEM,Rural,4,43,4301,Ovalle,96,40.5208929731882,5,1,0,1
737,4,ESCUELA BASICA VALENTIN LETELIER,Municipal DAEM,Rural,4,43,4301,Ovalle,96,37.178544528923,18,0,0,1
740,4,ESCUELA PEDRO ENRIQUE ALFONSO BARRIOS,Municipal DAEM,Rural,4,43,4301,Ovalle,26,37.846238720307,24,2,0,0
743,9,ESCUELA CARACHILLA,Municipal DAEM,Rural,4,43,4301,Ovalle,96,38.5146693436377,11,1,0,1
747,1,ESCUELA CERRO TAMAYA,Municipal DAEM,Rural,4,43,4301,Ovalle,38,37.9406280575342,32,3,3,0
750,1,ESCUELA ELVIRA DEL CARMEN OCHOA AVILES,Municipal DAEM,Urbano,4,43,4301,Ovalle,24,37.8079460769336,22,0,2,0
753,6,ESC.BAS.JUAN PABLO ARTIGUES PENAFIEL,Municipal DAEM,Rural,4,43,4301,Ovalle,34,37.5677159673685,28,3,1,2
757,9,ESCUELA BASICA EL GUINDO,Municipal DAEM,Rural,4,43,4301,Ovalle,96,38.424250920273,14,0,0,1
759,5,ESCUELA BASICA GASPAR CABRALES,Municipal DAEM,Rural,4,43,4301,Ovalle,96,34.0042341874104,3,0,0,0
763,3,COLEGIO SAN JUAN BAUTISTA,Particular Subvencionado,Urbano,4,43,4301,Ovalle,182,37.1795179989671,157,11,9,5
766,8,COLEGIO SANTA MARIA EUFRASIA,Particular Subvencionado,Urbano,4,43,4301,Ovalle,269,36.6605484179808,244,9,9,7
767,6,COLEGIO PARTICULAR GABRIELA MISTRAL,Particular Subvencionado,Urbano,4,43,4301,Ovalle,84,37.5920504034621,73,4,5,2
768,4,COLEGIO LA PROVIDENCIA,Particular Subvencionado,Urbano,4,43,4301,Ovalle,90,38.4400180750873,73,7,6,4
769,2,COLEGIO SAN VIATOR,Particular Subvencionado,Urbano,4,43,4301,Ovalle,183,36.1794506832047,167,6,5,5
773,0,ESCUELA SAMO ALTO,Municipal DAEM,Rural,4,43,4305,Río Hurtado,25,38.7078086555507,24,0,1,0
774,9,COLEGIO PICHASCA,Municipal DAEM,Rural,4,43,4305,Río Hurtado,56,38.4097835752111,48,2,2,4
793,5,ESCUELA BASICA DE SERON,Municipal DAEM,Rural,4,43,4305,Río Hurtado,96,38.1545127826989,11,0,1,0
798,6,ESCUELA EL PALQUI,Municipal DAEM,Urbano,4,43,4303,Monte Patria,169,37.4594957872304,151,10,5,3
799,4,COLEGIO REPUBLICA DE CHILE,Municipal DAEM,Urbano,4,43,4303,Monte Patria,96,43.4199996271026,52,10,8,26
800,1,ESCUELA HUATULAME,Municipal DAEM,Urbano,4,43,4303,Monte Patria,42,35.2831293332431,42,0,0,0
803,6,ESC.CONCENTRACION FRONTERIZA DE TULAHUEN,Municipal DAEM,Urbano,4,43,4303,Monte Patria,46,38.942894732518,39,3,2,2
804,4,ESCUELA BASICA WENCESLAO VARGAS,Municipal DAEM,Rural,4,43,4303,Monte Patria,54,37.5937734144103,51,0,2,1
821,4,ESCUELA DE FLOR DEL VALLE,Municipal DAEM,Rural,4,43,4303,Monte Patria,47,41.7930195138463,29,6,5,7
822,2,ESCUELA JUNTAS,Municipal DAEM,Rural,4,43,4303,Monte Patria,32,38.3656416874078,29,1,1,1
827,3,COLEGIO RIO GRANDE,Municipal DAEM,Urbano,4,43,4303,Monte Patria,41,40.629942017173,27,8,3,3
833,8,ESCUELA SANTA BERNARDITA,Municipal DAEM,Rural,4,43,4303,Monte Patria,25,34.8133440042928,25,0,0,0
839,7,ESCUELA CHILECITO,Municipal DAEM,Rural,4,43,4303,Monte Patria,96,39.9367684767667,7,1,1,0
847,8,ESCUELA BASICA AMERICA,Municipal DAEM,Urbano,4,43,4302,Combarbalá,172,34.5520443423481,167,2,2,1
848,6,ESCUELA ALEJANDRO CHELEN ROJAS,Municipal DAEM,Urbano,4,43,4303,Monte Patria,77,36.1657124942471,70,2,4,1
849,4,ESCUELA BASICA JUANITA FERNANDEZ SOLAR,Municipal DAEM,Rural,4,43,4302,Combarbalá,23,36.8725812126645,21,1,1,0
850,8,ESCUELA JUAN LUIS SAN FUENTES,Municipal DAEM,Rural,4,43,4302,Combarbalá,96,30.1829073074907,12,0,0,0
851,6,ESCUELA BASICA ARTURO PEREZ CANTO,Municipal DAEM,Rural,4,43,4302,Combarbalá,96,34.159899137362,16,0,0,0
852,4,ESCUELA BASICA PEDRO DE VALDIVIA,Municipal DAEM,Rural,4,43,4302,Combarbalá,22,34.8395713731797,21,1,0,0
870,2,ESCUELA BASICA CAMILO HENRIQUEZ GONZALEZ,Municipal DAEM,Rural,4,43,4302,Combarbalá,96,37.1733136631577,5,0,0,0
871,0,ESCUELA BASICA LUIS ENRIQUE BOU PEREZ,Municipal DAEM,Rural,4,43,4302,Combarbalá,96,30.3860699625415,9,0,0,0
876,1,ESCUELA BASICA CLAUDIO MATTE,Municipal DAEM,Rural,4,43,4302,Combarbalá,96,38.7527446435786,13,0,1,3
892,3,ESCUELA PARTICULAR EL DURAZNO,Particular Subvencionado,Rural,4,43,4302,Combarbalá,96,34.3127814740213,11,0,0,0
897,4,ESCUELA BELGICA,Municipal DAEM,Urbano,4,43,4304,Punitaqui,71,36.4338215883061,66,4,0,1
905,9,ESCUELA CHALINGA,Municipal DAEM,Rural,4,43,4301,Ovalle,25,36.7187701170268,23,2,0,0
908,3,ESCUELA TABALI,Municipal DAEM,Rural,4,43,4301,Ovalle,21,36.9593643556466,18,1,1,1
910,5,ESC.BASICA SAN ANTONIO DE LA VILLA,Municipal DAEM,Rural,4,43,4301,Ovalle,96,36.6382789980149,9,1,0,0
915,6,ESCUELA MARCOS RIGOBERTO PIZARRO ARAYA,Municipal DAEM,Rural,4,43,4301,Ovalle,96,38.4699468733678,14,1,0,1
929,6,ESCUELA LOS NOGALES,Municipal DAEM,Rural,4,43,4301,Ovalle,21,37.2819047623638,19,1,1,0
932,6,ESCUELA UNION CAMPESINA,Municipal DAEM,Rural,4,43,4301,Ovalle,26,36.7060901983415,25,0,1,0
937,7,ESCUELA ALCONES BAJOS,Municipal DAEM,Rural,4,43,4301,Ovalle,25,37.5767451741654,22,1,2,0
945,8,ESCUELA SOL NACIENTE,Municipal DAEM,Rural,4,43,4304,Punitaqui,96,37.0192721816746,5,0,0,0
946,6,ESCUELA TERESITA DE LOS ANDES,Municipal DAEM,Rural,4,43,4304,Punitaqui,39,37.6601433798157,34,1,4,0
947,4,ESCUELA AURORA DE CHILE,Municipal DAEM,Rural,4,43,4301,Ovalle,21,35.5463252354444,19,1,0,1
953,9,ESCUELA PATRICIO ZEBALLOS,Municipal DAEM,Rural,4,43,4301,Ovalle,96,40.7181704713703,16,1,1,1
959,8,COLEGIO PARTICULAR SALI HOCHSCHILD,Particular Subvencionado,Urbano,4,43,4304,Punitaqui,106,37.0069621978675,94,6,6,0
967,9,LICEO BICENTENARIO DE EXCELENCIA LICEO DOMINGO ORTIZ DE ROZAS,Municipal DAEM,Urbano,4,42,4201,Illapel,75,36.8930831650865,70,1,0,4
969,5,ESCUELA BASICA VALLE DEL CHOAPA,Municipal DAEM,Urbano,4,42,4201,Illapel,118,39.3646021104589,91,12,8,7
970,9,ESCUELA JUAN CARRASCO RISCO,Municipal DAEM,Urbano,4,42,4201,Illapel,57,38.6924826711577,43,3,7,4
971,7,ESCUELA BASICA SAN RAFAEL DE ROZAS,Municipal DAEM,Urbano,4,42,4201,Illapel,79,37.0034851232807,69,4,2,4
972,5,ESCUELA BASICA JORGE ARACENA RAMOS,Municipal DAEM,Urbano,4,42,4201,Illapel,64,40.5145502472888,47,2,9,6
973,3,ESCUELA BASICA CLEMENCIA VILLARROEL,Municipal DAEM,Rural,4,42,4201,Illapel,36,34.6812249392988,34,1,1,0
974,1,ESCUELA BASICA CAMILO HENRIQUEZ,Municipal DAEM,Rural,4,42,4201,Illapel,20,33.4158413929186,20,0,0,0
976,8,ESCUELA BASICA LAS PALMERAS DE LIMAHUIDA,Municipal DAEM,Rural,4,42,4201,Illapel,28,37.3646528877918,26,0,1,1
977,6,ESCUELA BASICA GRACIELA DIAZ ALLENDE,Municipal DAEM,Rural,4,42,4201,Illapel,96,35.3997340241908,13,0,0,0
982,2,ESCUELA BASICA VILLA LOS NARANJOS,Municipal DAEM,Urbano,4,42,4201,Illapel,81,38.5127110983153,63,4,9,5
987,3,COLEGIO SANTA TERESA,Particular Subvencionado,Urbano,4,42,4201,Illapel,168,36.9572724382913,148,10,5,5
990,3,ESCUELA PARTICULAR LAS CANAS,Particular Subvencionado,Rural,4,42,4201,Illapel,50,35.4745383843411,45,4,1,0
995,4,ESCUELA PARTICULAR CAREN,Particular Subvencionado,Rural,4,42,4201,Illapel,96,41.2742221557312,7,3,1,1
1006,5,ESCUELA MANUEL JOSE IRARRAZAVAL,Particular Subvencionado,Rural,4,42,4201,Illapel,96,36.6151983131243,12,0,0,1
1013,8,LICEO DE SALAMANCA,Municipal DAEM,Urbano,4,42,4204,Salamanca,45,40.9531282408361,28,4,2,11
1014,6,ESCUELA MATILDE SALAMANCA,Municipal DAEM,Urbano,4,42,4204,Salamanca,88,37.5510842128233,75,9,3,1
1015,4,ESCUELA BASICA DIAGUITAS DE CHALINGA,Municipal DAEM,Urbano,4,42,4204,Salamanca,52,39.43012057087,40,5,2,5
1016,2,ESCUELA TRANQUILLA,Municipal DAEM,Rural,4,42,4204,Salamanca,96,36.7390928636474,16,1,1,0
1017,0,ESCUELA BASICA BERTA HIDALGO BARAHONA,Municipal DAEM,Rural,4,42,4204,Salamanca,96,35.8624317267767,14,0,1,0
1018,9,ESCUELA EL TAMBO,Municipal DAEM,Rural,4,42,4204,Salamanca,96,39.8762258594665,11,0,3,0
1019,7,ESCUELA BASICA CHILLEPIN,Municipal DAEM,Rural,4,42,4204,Salamanca,44,35.315408126809,42,2,0,0
1020,0,ESCUELA BASICA GUISELA GAMBOA SALINAS,Municipal DAEM,Rural,4,42,4204,Salamanca,33,36.3938475998787,31,2,0,0
1022,7,ESCUELA COIRON,Municipal DAEM,Rural,4,42,4204,Salamanca,96,35.4854679300348,16,1,0,0
1030,8,ESC.BASICA GUILLERMO BARRIOS VARGAS,Municipal DAEM,Rural,4,42,4204,Salamanca,96,36.1512861947298,10,0,1,0
1031,6,ESCUELA BASICA JULIO ECHAVARRIA,Municipal DAEM,Rural,4,42,4204,Salamanca,96,37.4650536340665,17,0,1,0
1032,4,ESCUELA BASICA SAN AGUSTIN,Municipal DAEM,Rural,4,42,4204,Salamanca,96,39.8039044405006,5,0,0,1
1033,2,ESCUELA BASICA PANGUESILLO,Municipal DAEM,Rural,4,42,4204,Salamanca,96,35.7896875147233,18,0,0,0
1034,0,ESCUELA LOS CORRALES,Municipal DAEM,Rural,4,42,4204,Salamanca,96,33.2114437836182,10,0,0,0
1036,7,COLEGIO PARTICULAR SAN FRANCISCO DE ASIS,Particular Subvencionado,Urbano,4,42,4204,Salamanca,173,35.6085954441193,158,4,10,1
1041,3,ESCUELA PARTICULAR CAJON DE QUELEN,Particular Subvencionado,Rural,4,42,4204,Salamanca,96,35.712918231151,5,0,0,0
1049,9,COLEGIO DIEGO DE ALMAGRO,Municipal DAEM,Urbano,4,42,4203,Los Vilos,162,39.3133717752002,122,15,9,16
1050,2,ESCUELA BASICA ERCOLE BENCINI,Municipal DAEM,Urbano,4,42,4203,Los Vilos,56,35.9962656720464,48,4,4,0
1051,0,ESCUELA BASICA TERESA CANNON DE B.,Municipal DAEM,Rural,4,42,4203,Los Vilos,104,37.4043766196489,88,5,6,5
1052,9,ESCUELA BASICA PABLO BARRIOLHET,Municipal DAEM,Rural,4,42,4203,Los Vilos,40,35.9252191939093,39,1,0,0
1059,6,ESCUELA CLARA VIAL ORREGO,Municipal DAEM,Rural,4,42,4203,Los Vilos,42,38.0290625584314,36,1,3,2
1066,9,ESCUELA PARTICULAR DIVINA PROVIDENCIA,Particular Subvencionado,Urbano,4,42,4203,Los Vilos,152,36.4597485813326,138,5,6,3
1077,4,ESCUELA BASICA HECTOR JORQUERA VALENCIA,Municipal DAEM,Urbano,4,42,4202,Canela,95,33.2552904376717,93,1,1,0
1078,2,ESCUELA BASICA JUAN ANTONIO RIOS,Municipal DAEM,Rural,4,42,4202,Canela,31,33.3760049244419,30,1,0,0
1087,1,ESCUELA BASICA CANELA ALTA,Municipal DAEM,Urbano,4,42,4202,Canela,89,33.3098120399873,88,1,0,0
1092,8,ESCUELA BASICA MINCHA NORTE,Municipal DAEM,Rural,4,42,4202,Canela,96,31.5715069727527,7,0,0,0
1099,5,ESCUELA VIOLETA PARRA,Municipal DAEM,Rural,4,42,4202,Canela,96,34.6189786758921,8,0,0,0
1100,2,ESC.BASICA CARLOS VIAL ESPANTOSO,Municipal DAEM,Rural,4,42,4202,Canela,96,31.6464579328054,19,0,0,0
1119,3,COLEGIO PARTICULAR SANTA MARIA,Particular Subvencionado,Urbano,5,54,5401,La Ligua,81,35.8219070202633,77,1,2,1
1122,3,ESCUELA REPUBLICA DE VENEZUELA,Municipal DAEM,Urbano,5,54,5401,La Ligua,72,40.3877336227712,58,3,7,4
1123,1,ESCUELA GABRIELA MISTRAL,Municipal DAEM,Urbano,5,54,5401,La Ligua,145,40.141026477839,97,18,9,21
1125,8,ESCUELA DIEGO PORTALES,Municipal DAEM,Urbano,5,54,5401,La Ligua,28,39.9145271436648,18,4,3,3
1128,2,ESCUELA COMUNIDADES DE VALLE HERMOSO,Municipal DAEM,Rural,5,54,5401,La Ligua,65,35.9623022607864,56,3,2,4
1132,0,ESCUELA BASICA POZA VERDE,Municipal DAEM,Rural,5,54,5401,La Ligua,46,36.0651653643665,43,2,0,1
1136,3,ESCUELA BASICA PUYANCON,Municipal DAEM,Rural,5,54,5401,La Ligua,96,40.6053851584214,14,0,1,2
1142,8,ESCUELA LA CANELA,Municipal DAEM,Rural,5,54,5401,La Ligua,96,34.7718594092282,15,0,0,0
1145,2,ESCUELA ENRIQUE DOLL ROJAS,Municipal DAEM,Rural,5,54,5401,La Ligua,96,37.7439021856232,7,0,0,0
1147,9,ESCUELA FERNANDO GARCIA OLDINI,Municipal DAEM,Rural,5,54,5404,Petorca,26,36.0030669769755,26,0,0,0
1148,7,LICEO JOSE MANUEL BORGONO NUNEZ,Municipal DAEM,Urbano,5,54,5404,Petorca,81,35.4236970735959,77,3,0,1
1149,5,LICEO CORDILLERA,Municipal DAEM,Rural,5,54,5404,Petorca,23,38.467426311935,20,2,1,0
1156,8,ESCUELA BASICA G-24,Municipal DAEM,Rural,5,54,5404,Petorca,96,33.7255382468762,12,0,0,0
1161,4,ESCUELA BASICA PEDEGUA,Municipal DAEM,Rural,5,54,5404,Petorca,35,41.2638711403269,24,3,3,5
1162,2,ESCUELA PARTICULAR JUAN PABLO II,Particular Subvencionado,Rural,5,54,5404,Petorca,96,35.2595002593974,2,0,0,1
1164,9,COL. CATOLICO PDTE.MANUEL MONTT,Particular Subvencionado,Urbano,5,54,5404,Petorca,87,35.536136171303,82,1,3,1
1166,5,COLEGIO SAGRADO CORAZON,Particular Subvencionado,Rural,5,54,5404,Petorca,26,33.7261114655917,26,0,0,0
1168,1,ESCUELA HANS WENKE MENGERS,Municipal DAEM,Urbano,5,54,5402,Cabildo,92,37.7547651838918,78,3,3,8
1170,3,ESCUELA BASICA VALLE DE ARTIFICIO,Municipal DAEM,Urbano,5,54,5402,Cabildo,37,33.5917931733719,37,0,0,0
1173,8,ESCUELA ESTER SILVA SOMARRIVA BARTOLILLO,Municipal DAEM,Rural,5,54,5402,Cabildo,29,36.1964000500769,29,0,0,0
1174,6,ESCUELA BASICA SAN LORENZO,Municipal DAEM,Rural,5,54,5402,Cabildo,32,35.6294070459074,31,1,0,0
1178,9,ESCUELA BASICA LA VINA,Municipal DAEM,Rural,5,54,5402,Cabildo,33,35.2744035441372,33,0,0,0
1180,0,ESCUELA BASICA G-45,Municipal DAEM,Rural,5,54,5402,Cabildo,60,35.8986157647051,54,2,4,0
1183,5,LICEO BICENTENARIO DE ZAPALLAR,Municipal DAEM,Urbano,5,54,5405,Zapallar,70,38.0119868710701,57,4,5,4
1184,3,COLEGIO TECNICO PROFESIONAL MERCEDES MATURANA GALLARDO,Municipal DAEM,Rural,5,54,5405,Zapallar,70,38.7414466223789,57,4,2,7
1185,1,ESCUELA BALNEARIO CACHAGUA,Municipal DAEM,Urbano,5,54,5405,Zapallar,40,37.3918399824335,35,4,0,1
1189,4,ESCUELA BASICA AURELIO DURAN ALMENDRO,Municipal DAEM,Rural,5,54,5405,Zapallar,55,35.288218623617,48,4,2,1
1190,8,COLEGIO PARROQUIAL FRANCISCO DIDIER,Particular Subvencionado,Urbano,5,54,5405,Zapallar,74,34.138447825267,73,0,1,0
1191,6,ESCUELA PAPUDO,Municipal DAEM,Urbano,5,54,5403,Papudo,70,37.778316921942,55,7,4,4
1192,4,ESCUELA RURAL PULLALLY,Municipal DAEM,Rural,5,54,5403,Papudo,59,36.7773034391077,53,0,3,3
1194,0,LICEO MAXIMILIANO SALAS MARCHAN,Municipal DAEM,Urbano,5,53,5301,Los Andes,69,37.0613531268351,61,3,3,2
1197,5,ESCUELA ESPANA,Municipal DAEM,Urbano,5,53,5301,Los Andes,231,40.6162023410959,166,21,19,25
1198,3,LICEO REPUBLICA ARGENTINA,Municipal DAEM,Urbano,5,53,5301,Los Andes,55,40.9660363076421,35,7,4,9
1200,9,ESCUELA JOHN KENNEDY,Municipal DAEM,Urbano,5,53,5301,Los Andes,60,40.8059830065214,46,3,7,4
1202,5,ESCUELA FERROVIARIA,Municipal DAEM,Urbano,5,53,5301,Los Andes,60,40.0476636189554,45,1,10,4
1203,3,ESCUELA GABRIELA MISTRAL,Municipal DAEM,Urbano,5,53,5301,Los Andes,45,38.6188282329167,40,2,2,1
1204,1,ESCUELA BASICA GRAL.JOSE MIGUEL CARRERA,Municipal DAEM,Urbano,5,53,5301,Los Andes,38,42.198735557043,23,4,4,7
1208,4,ESCUELA BASICA RIO BLANCO,Municipal DAEM,Rural,5,53,5301,Los Andes,23,36.1889836671673,22,0,1,0
1210,6,ESCUELA EL SAUCE,Municipal DAEM,Urbano,5,53,5301,Los Andes,67,39.0714797722655,52,3,7,5
1211,4,ESCUELA IGNACIO CARRERA PINTO,Municipal DAEM,Urbano,5,53,5301,Los Andes,62,37.5873572197686,57,1,4,0
1213,0,LICEO PARTICULAR MIXTO LOS ANDES,Particular Subvencionado,Urbano,5,53,5301,Los Andes,180,39.4843443585219,129,18,11,22
1214,9,COLEGIO MARIA AUXILIADORA,Particular Subvencionado,Urbano,5,53,5301,Los Andes,89,35.3471760820994,85,2,1,1
1215,7,ESCUELA PARTICULAR SAN JOSE,Particular Subvencionado,Urbano,5,53,5301,Los Andes,149,38.3733772603572,129,6,6,8
1216,5,ESCUELA PARTICULAR HUMBERTO CASARINO,Particular Subvencionado,Urbano,5,53,5301,Los Andes,73,35.5996622983428,72,0,1,0
1217,3,LICEO SANTA CLARA,Particular Subvencionado,Urbano,5,53,5301,Los Andes,192,39.0044849220125,157,14,13,8
1218,1,ESCUELA PARTICULAR JEAN PIAGET,Particular Subvencionado,Urbano,5,53,5301,Los Andes,86,35.9507977726364,81,1,2,2
1220,3,ESCUELA PARTICULAR N°27 EDÉN DEL NIÑO,Particular Subvencionado,Urbano,5,53,5301,Los Andes,75,35.3494145301545,74,0,1,0
1221,1,COLEGIO ALCAZAR,Particular Subvencionado,Urbano,5,53,5301,Los Andes,69,37.217956077939,59,6,3,1
1233,5,ESCUELA PABLO NERUDA,Municipal DAEM,Urbano,5,53,5304,San Esteban,130,36.5278028338582,115,6,5,4
1234,3,ESC. BASICA SILVIO ZENTENO VERGARA,Municipal DAEM,Urbano,5,53,5304,San Esteban,44,31.4929526057672,44,0,0,0
1235,1,ESCUELA LO CALVO,Municipal DAEM,Rural,5,53,5304,San Esteban,43,36.5833394148924,39,2,2,0
1238,6,ESCUELA INCLUSIVA SAN LORENZO,Municipal DAEM,Urbano,5,53,5304,San Esteban,96,39.8902966021473,13,0,2,1
1245,9,ESCUELA EL CORAZON,Municipal DAEM,Urbano,5,53,5304,San Esteban,48,35.9733789479848,42,2,3,1
1246,7,ESCUELA BÁSICA LIBERTAD,Municipal DAEM,Urbano,5,53,5304,San Esteban,55,36.5450613387994,50,2,2,1
1247,5,ESCUELA BASICA MARIA ISABEL DE BROWN,Municipal DAEM,Urbano,5,53,5302,Calle Larga,37,41.811060798916,24,2,5,6
1248,3,ESCUELA BASICA LA PAMPILLA,Municipal DAEM,Urbano,5,53,5302,Calle Larga,63,39.1331829266484,44,6,7,6
1249,1,ESCUELA BASICA PEDRO AGUIRRE CERDA,Municipal DAEM,Urbano,5,53,5302,Calle Larga,45,35.0880285069912,40,4,1,0
1250,5,ESCUELA VICTOR KOERNER,Municipal DAEM,Urbano,5,53,5302,Calle Larga,47,41.4015511733245,29,4,6,8
1251,3,ESCUELA BASICA CRISTO REDENTOR,Municipal DAEM,Rural,5,53,5302,Calle Larga,41,39.0665896106068,34,1,2,4
1255,6,INSTITUTO AGRICOLA PASCUAL BABURIZZA,Particular Subvencionado,Urbano,5,53,5302,Calle Larga,89,39.7633810399998,65,5,7,12
1256,4,COLEGIO PARTICULAR SAN JOSE,Particular Subvencionado,Urbano,5,53,5302,Calle Larga,52,36.4925306401891,45,5,0,2
1257,2,CENTRO DE FORMACIÓN ACADÉMICA PERFECTO DE LA FUENTE DEL VILLAR,Municipal DAEM,Urbano,5,53,5303,Rinconada,151,37.8494954255888,127,10,8,6
1260,2,LICEO PARROQUIAL TERESITA DE LOS ANDES,Particular Subvencionado,Urbano,5,53,5303,Rinconada,82,37.6253938857735,75,3,2,2
1261,0,LICEO DOCTOR ROBERTO HUMERES O.,Municipal DAEM,Urbano,5,57,5701,San Felipe,44,41.6768280670602,28,4,3,9
1263,7,LICEO BICENTENARIO CORINA URBINA VILLANUEVA,Municipal DAEM,Urbano,5,57,5701,San Felipe,97,40.3062884859371,71,5,6,15
1264,5,LICEO SAN FELIPE,Municipal DAEM,Urbano,5,57,5701,San Felipe,68,42.2732555940149,43,5,6,14
1265,3,ESCUELA BASICA BERNARDO O HIGGINS R.,Municipal DAEM,Urbano,5,57,5701,San Felipe,57,39.9916600014351,43,6,2,6
1266,1,ESCUELA MANUEL RODRIGUEZ ERDOIZA,Municipal DAEM,Urbano,5,57,5701,San Felipe,21,42.9622064324407,12,2,3,4
1268,8,ESCUELA BASICA JOSE DE SAN MARTIN,Municipal DAEM,Urbano,5,57,5701,San Felipe,225,40.3433800281346,161,31,16,17
1269,6,ESCUELA JOHN F KENNEDY,Municipal DAEM,Urbano,5,57,5701,San Felipe,57,39.2540536995273,44,5,5,3
1271,8,ESCUELA JOSÉ ANTONIO MANSO DE VELASCO,Municipal DAEM,Urbano,5,57,5701,San Felipe,79,39.5115375392721,58,8,6,7
1274,2,ESCUELA ALMENDRAL,Municipal DAEM,Urbano,5,57,5701,San Felipe,45,39.6315285796717,36,0,4,5
1275,0,ESCUELA BUEN PASTOR,Municipal DAEM,Urbano,5,57,5701,San Felipe,66,41.1880360174909,43,9,5,9
1279,3,ESCUELA CARMELA CARVAJAL DE PRAT,Municipal DAEM,Urbano,5,57,5701,San Felipe,53,37.957994580686,44,3,2,4
1280,7,ESCUELA 21 DE MAYO,Municipal DAEM,Urbano,5,57,5701,San Felipe,37,39.7656527077027,28,3,3,3
1281,5,ESCUELA REPUBLICA ARGENTINA,Municipal DAEM,Urbano,5,57,5701,San Felipe,49,37.4578863124684,46,2,0,1
1282,3,ESCUELA BUCALEMITO,Municipal DAEM,Rural,5,57,5701,San Felipe,34,36.897780284691,29,3,0,2
1285,8,ESCUELA MATEO COKLJAT K,Municipal DAEM,Rural,5,57,5701,San Felipe,29,35.3047980919942,29,0,0,0
1286,6,ESCUELA BASICA CAROLINA OCAMPO GARCIA,Municipal DAEM,Rural,5,57,5701,San Felipe,29,38.2236597799108,24,3,0,2
1287,4,ESCUELA JOSE BERNARDO SUAREZ,Municipal DAEM,Rural,5,57,5701,San Felipe,25,38.4806606632964,18,2,3,2
1290,4,COLEGIO SANTA JUANA DE ARCO,Particular Subvencionado,Urbano,5,57,5701,San Felipe,105,39.0360385904125,84,4,3,14
1291,2,COLEGIO JOSE AGUSTIN GOMEZ,Particular Subvencionado,Urbano,5,57,5701,San Felipe,72,35.7063327242739,72,0,0,0
1292,0,COLEGIO ALONSO DE ERCILLA,Particular Subvencionado,Urbano,5,57,5701,San Felipe,208,37.4718886624735,184,7,8,9
1294,7,COLEGIO PARTICULAR PUMANQUE,Particular Subvencionado,Urbano,5,57,5701,San Felipe,78,39.4152274918207,58,7,7,6
1301,3,LICEO MANUEL MARIN,Municipal DAEM,Urbano,5,57,5705,Putaendo,50,40.0908998302709,37,4,3,6
1302,1,LICEO RINCONADA DE SILVA,Municipal DAEM,Urbano,5,57,5705,Putaendo,52,40.3869305113553,36,6,4,6
1304,8,ESCUELA PASO HISTORICO EL TARTARO,Municipal DAEM,Rural,5,57,5705,Putaendo,33,37.8836862057083,28,0,1,4
1305,6,ESCUELA RENACER,Municipal DAEM,Rural,5,57,5705,Putaendo,30,36.6273923056114,29,0,0,1
1307,2,ESCUELA SAN ALBERTO,Municipal DAEM,Rural,5,57,5705,Putaendo,37,36.3640554012014,33,1,2,1
1311,0,ESCUELA EL AVE MARIA,Particular Subvencionado,Urbano,5,55,5502,Calera,77,37.6854470473947,67,4,6,0
1313,7,ESCUELA CATAN DABIKE,Municipal DAEM,Rural,5,57,5705,Putaendo,96,37.6294367145815,15,1,0,1
1316,1,COLEGIO MARIE POUSSEPIN,Particular Subvencionado,Urbano,5,57,5705,Putaendo,127,38.1165277869101,111,6,7,3
1318,8,LICEO DARIO SALAS,Municipal DAEM,Urbano,5,57,5706,Santa María,103,39.812269067802,75,8,11,9
1321,8,ESCUELA GUILLERMO BANADOS HONORATO,Municipal DAEM,Rural,5,57,5706,Santa María,38,40.562285989327,25,4,6,3
1323,4,ESCUELA SANTA FILOMENA,Municipal DAEM,Rural,5,57,5706,Santa María,96,34.4912105373669,7,0,0,0
1327,7,COLEGIO BICENTENARIO SANTA MARÍA DE ACONCAGUA,Particular Subvencionado,Urbano,5,57,5706,Santa María,143,38.8122695887203,115,10,7,11
1328,5,ESCUELA INDEPENDENCIA,Municipal DAEM,Urbano,5,57,5704,Panquehue,43,37.5275371236801,37,3,2,1
1329,3,ESCUELA EMA LOBOS REYES,Municipal DAEM,Urbano,5,57,5704,Panquehue,39,38.9446140117574,30,0,3,6
1333,1,ESCUELA JORGE BARROS BEAUCHEF,Municipal DAEM,Urbano,5,57,5704,Panquehue,37,37.8678645536774,32,3,1,1
1336,6,ESCUELA AGUSTIN EDWARDS,Municipal DAEM,Urbano,5,57,5703,Llayllay,119,40.0196619733751,85,7,13,14
1337,4,ESCUELA HEROES DE IQUIQUE,Municipal DAEM,Urbano,5,57,5703,Llayllay,38,39.5354329572014,28,5,2,3
1338,2,ESCUELA NACIONES UNIDAS,Municipal DAEM,Urbano,5,57,5703,Llayllay,61,37.2524644860519,48,8,2,3
1339,0,ESCUELA ELISA LATTAPIAT VARGAS,Municipal DAEM,Urbano,5,57,5703,Llayllay,54,38.722213598703,46,0,4,4
1340,4,ESCUELA HERMINIA ORTEGA DE CROXATO,Municipal DAEM,Urbano,5,57,5703,Llayllay,52,40.4583566639318,34,8,4,6
1341,2,ESCUELA BASICA EL PORVENIR,Municipal DAEM,Rural,5,57,5703,Llayllay,49,36.9040829250785,45,2,2,0
1342,0,ESCUELA LAS PALMAS,Municipal DAEM,Rural,5,57,5703,Llayllay,21,42.6686279596438,11,2,2,6
1346,3,ESCUELA JORGE PRIETO LETELIER,Municipal DAEM,Rural,5,57,5703,Llayllay,22,38.7393390806678,16,3,2,1
1347,1,LICEO MENESIANO SAGRADO CORAZON,Particular Subvencionado,Urbano,5,57,5703,Llayllay,116,39.7325982916035,89,8,7,12
1349,8,COLEGIO SALVADOR GONZALEZ,Particular Subvencionado,Urbano,5,57,5703,Llayllay,69,37.8284097563876,60,7,2,0
1350,1,ESC.PARTICULAR MARIA LETELIER DE PRIETO,Particular Subvencionado,Urbano,5,57,5703,Llayllay,132,37.2035633405709,117,7,3,5
1352,8,ESCUELA MARIA TERESA DEL CANTO,Municipal DAEM,Urbano,5,57,5702,Catemu,83,36.7249027552966,76,2,1,4
1353,6,ESCUELA SAN JOSE DE CATEMU,Municipal DAEM,Rural,5,57,5702,Catemu,46,38.5579116935008,37,4,2,3
1355,2,ESCUELA EL COBRE,Municipal DAEM,Rural,5,57,5702,Catemu,38,39.2206895119281,31,3,3,1
1358,7,ESCUELA BASICA EL NILHUE,Municipal DAEM,Rural,5,57,5702,Catemu,36,39.29895003291,29,0,4,3
1359,5,ESCUELA BASICA LOS CERRILLOS,Municipal DAEM,Rural,5,57,5702,Catemu,39,35.5886874124654,36,1,0,2
1361,7,COLEGIO PARTICULAR CALIFORNIA,Particular Subvencionado,Urbano,5,57,5702,Catemu,67,41.664692107087,42,3,7,15
1362,5,ESCUELA AGRICOLA SALESIANA F. HUIDOBRO,Particular Subvencionado,Urbano,5,57,5702,Catemu,72,41.3867137295119,51,9,5,7
1363,3,LICEO SANTIAGO ESCUTI ORREGO,Municipal DAEM,Urbano,5,55,5501,Quillota,127,41.4152389871207,87,12,5,23
1364,1,COLEGIO VALLE DE QUILLOTA,Municipal DAEM,Urbano,5,55,5501,Quillota,82,40.7160326520057,52,12,5,13
1367,6,COLEGIO ROBERTO MATTA,Municipal DAEM,Urbano,5,55,5501,Quillota,73,37.9897446809044,60,4,3,6
1368,4,COLEGIO CANADÁ,Municipal DAEM,Urbano,5,55,5501,Quillota,110,40.0708824239626,83,10,3,14
1369,2,ESCUELA SUPERIOR Nº 1,Municipal DAEM,Urbano,5,55,5501,Quillota,64,42.1077257174287,37,6,7,14
1370,6,COLEGIO REPÚBLICA DE MÉXICO,Municipal DAEM,Urbano,5,55,5501,Quillota,69,40.9760145554782,47,6,7,9
1371,4,COLEGIO BICENTENARIO ARAUCO,Municipal DAEM,Urbano,5,55,5501,Quillota,149,40.0231409403474,99,19,13,18
1377,3,ESCUELA NUESTRO MUNDO,Municipal DAEM,Urbano,5,55,5501,Quillota,57,43.929443743131,25,3,10,19
1378,1,ESCUELA BASICA ABEL GUERRERO AGUIRRE,Municipal DAEM,Rural,5,55,5501,Quillota,66,36.6985586713215,64,1,1,0
1384,6,COLEGIO CUMBRES DE BOCO,Municipal DAEM,Urbano,5,55,5501,Quillota,57,44.7325128309033,29,5,4,19
1385,4,ESCUELA BASICA LA PALMA,Municipal DAEM,Urbano,5,55,5501,Quillota,55,41.0540611073512,32,8,8,7
1390,0,ESCUELA BASICA LAS PATAGUAS,Municipal DAEM,Rural,5,55,5501,Quillota,28,41.5666660980833,19,2,3,4
1392,7,COLEGIO FRANCISCO DE MIRANDA,Particular Subvencionado,Urbano,5,55,5501,Quillota,159,38.8121164054315,126,8,7,18
1393,5,COLEGIO NIÑO JESUS DE PRAGA,Particular Subvencionado,Urbano,5,55,5501,Quillota,89,35.4979230032279,86,1,2,0
1394,3,ESCUELA PART. SAGRADOS CORAZONES,Particular Subvencionado,Urbano,5,55,5502,Calera,96,41.280655285893,10,2,4,2
1395,1,COLEGIO SAN PEDRO NOLASCO DE QUILLOTA,Particular Subvencionado,Urbano,5,55,5501,Quillota,151,38.7945284342142,127,6,8,10
1397,8,ESCUELA PARTICULAR INDUSTRIAL E. BERTELSEN TEMPLE,Particular Subvencionado,Urbano,5,55,5501,Quillota,227,40.9101741015244,153,22,28,24
1405,2,COLEGIO INGLES DE QUILLOTA,Particular Subvencionado,Urbano,5,55,5501,Quillota,144,40.7984072925415,92,18,16,18
1414,1,COLEGIO LEONARDO DA VINCI,Municipal DAEM,Urbano,5,55,5504,La Cruz,72,38.5698272066461,61,2,6,3
1416,8,COLEGIO MARIA ALONSO CHACON,Municipal DAEM,Urbano,5,55,5504,La Cruz,47,35.9846466723829,46,0,0,1
1417,6,COLEGIO BOLONIA,Municipal DAEM,Rural,5,55,5504,La Cruz,32,36.7676396761092,31,0,1,0
1418,4,ESCUELA BASICA,Municipal DAEM,Rural,5,55,5504,La Cruz,96,35.9554374504108,15,0,0,0
1419,2,COLEGIO DOMINGO SANTA CRUZ WILSON,Municipal DAEM,Rural,5,55,5504,La Cruz,25,36.2873904506696,25,0,0,0
1421,4,LICEO SAN ISIDRO,Particular Subvencionado,Urbano,5,55,5504,La Cruz,70,38.9443776722019,57,6,4,3
1423,0,ESCUELA BASICA JOSEFINA HUICI,Municipal DAEM,Urbano,5,55,5502,Calera,45,39.1150294802299,36,1,2,6
1424,9,COLEGIO MUNICIPAL IRMA SAPIAIN SAPIAIN,Municipal DAEM,Urbano,5,55,5502,Calera,54,41.5539178115359,41,7,0,6
1425,7,LICEO BICENTENARIO COMPLEJO EDUCACIONAL LAS ACACIAS DE ARTIFICIO,Municipal DAEM,Urbano,5,55,5502,Calera,78,41.4137727423309,49,5,6,18
1427,3,ESCUELA BASICA PALESTINA,Municipal DAEM,Urbano,5,55,5502,Calera,43,40.2322223984966,32,3,4,4
1430,3,ESCUELA BASICA GABRIELA MISTRAL,Municipal DAEM,Urbano,5,55,5502,Calera,39,38.5346374958737,36,1,1,1
1431,1,ESCUELA BASICA SANTA ROSA DEL HUERTO,Municipal DAEM,Urbano,5,55,5502,Calera,50,40.7367196780221,35,6,6,3
1433,8,ESCUELA BASICA EL LIBERTADOR,Municipal DAEM,Urbano,5,55,5502,Calera,33,37.9990524519854,24,5,4,0
1435,4,ESCUELA BASICA VILLA LA FLORIDA,Municipal DAEM,Rural,5,55,5502,Calera,31,36.3720239335103,30,0,1,0
1436,2,LICEO PARTICULAR SAN JOSE,Particular Subvencionado,Urbano,5,55,5502,Calera,141,36.4561691096038,127,6,2,6
1437,0,COLEGIO TERESA BROWN DE ARIZTIA,Particular Subvencionado,Urbano,5,55,5502,Calera,123,38.4202430656659,104,10,3,6
1438,9,COLEGIO SAULO DE TARSO,Particular Subvencionado,Urbano,5,55,5502,Calera,35,39.1638239833132,25,2,1,7
1442,7,COLEGIO JOHN CRANE,Particular Subvencionado,Urbano,5,55,5502,Calera,64,39.1230381538533,48,6,6,4
1444,3,LICEO MUNICIPAL JUAN RUSQUE PORTAL,Municipal DAEM,Urbano,5,55,5506,Nogales,69,40.3768714925566,46,8,4,11
1445,1,COLEGIO EL MELÓN,Municipal DAEM,Urbano,5,55,5506,Nogales,90,38.1913498111043,73,12,4,1
1447,8,ESCUELA BASICA ULDA ARACENA GONZALEZ,Municipal DAEM,Urbano,5,55,5506,Nogales,84,40.5696636984922,58,10,9,7
1448,6,ESCUELA BASICA LA PENA,Municipal DAEM,Rural,5,55,5506,Nogales,28,37.8649150884564,23,2,1,2
1449,4,COLEGIO CARMELITA FELIPE CORTÉS,Particular Subvencionado,Urbano,5,55,5506,Nogales,95,40.7049815622797,68,7,4,16
1450,8,COLEGIO SANTA ISABEL,Particular Subvencionado,Urbano,5,55,5506,Nogales,127,36.1848409678729,116,7,4,0
1453,2,LICEO MUNICIPAL LUIS LABORDA,Municipal DAEM,Urbano,5,55,5503,Hijuelas,143,39.925180167588,103,16,7,17
1454,0,ESCUELA ADRIANA RIQUELME NUNEZ,Municipal DAEM,Urbano,5,55,5503,Hijuelas,24,40.6209828583461,20,1,1,2
1455,9,ESCUELA MONICA HURTADO EDWARDS,Municipal DAEM,Rural,5,55,5503,Hijuelas,32,36.8059779914174,29,0,3,0
1456,7,ESCUELA ANA JESUS IBACACHE,Municipal DAEM,Rural,5,55,5503,Hijuelas,26,35.0618386114653,25,0,0,1
1457,5,ESCUELA BASICA BENJAMIN MATTE LARRAIN,Municipal DAEM,Rural,5,55,5503,Hijuelas,34,35.4162201220137,34,0,0,0
1458,3,ESCUELA BASICA LA SOMBRA,Municipal DAEM,Rural,5,55,5503,Hijuelas,21,33.9474516177129,20,1,0,0
1459,1,ESCUELA BASICA RABUCO,Municipal DAEM,Rural,5,55,5503,Hijuelas,43,35.5221234307943,38,0,4,1
1465,6,ESCUELA COEDUC TTE HERNAN MERINO CORREA,Municipal DAEM,Urbano,5,58,5802,Limache,105,40.3735127690256,76,8,10,11
1466,4,ESCUELA SUPERIOR MIXTA Nº88,Municipal DAEM,Urbano,5,58,5802,Limache,126,42.4135133511406,67,13,16,30
1467,2,LICEO BICENTENARIO COLEGIO PASIÓN DE JESÚS DE LIMACHE,Municipal DAEM,Urbano,5,58,5802,Limache,79,35.9714275949374,73,3,1,2
1468,0,COLEGIO BRASILIA,Municipal DAEM,Urbano,5,58,5802,Limache,58,37.0243735322122,49,5,1,3
1469,9,ESCUELA BASICA HEROES DE CHILE,Municipal DAEM,Urbano,5,58,5802,Limache,102,36.8512023981231,91,4,2,5
1471,0,ESCUELA LIMACHITO,Municipal DAEM,Urbano,5,58,5802,Limache,34,39.2903767674892,24,6,2,2
1472,9,ESCUELA BASICA LOS MAITENES,Municipal DAEM,Urbano,5,58,5802,Limache,53,40.9942994048315,38,2,6,7
1474,5,ESCUELA BASICA PUENTE COLMO,Municipal DAEM,Urbano,5,51,5103,Concón,70,39.9334039893314,51,10,4,5
1478,8,COLEGIO DE LA SANTA CRUZ,Particular Subvencionado,Urbano,5,58,5802,Limache,85,37.9881513881808,71,5,5,4
1482,6,COLEGIO LIMACHE COLLEGE,Particular Subvencionado,Urbano,5,58,5802,Limache,121,39.5289067576129,88,8,14,11
1483,4,ESCUELA PARTICULAR MICAELA DESMAISSIERES,Particular Subvencionado,Urbano,5,58,5802,Limache,36,36.2739902131145,34,1,0,1
1484,2,ESCUELA PARTICULAR INST. SANTA MARIA,Particular Subvencionado,Urbano,5,58,5802,Limache,181,39.7613821300619,131,16,25,9
1488,5,ESCUELA MONTEVIDEO,Municipal DAEM,Urbano,5,58,5803,Olmué,99,36.5109841066523,88,5,3,3
1490,7,ESCUELA BÁSICA QUEBRADA DE ALVARADO,Municipal DAEM,Rural,5,58,5803,Olmué,32,35.4994651008203,30,1,0,1
1491,5,ESCUELA BASICA LO NARVAEZ,Municipal DAEM,Urbano,5,58,5803,Olmué,46,38.3178002918165,39,2,1,4
1496,6,ESCUELA LAS PALMAS DEL NIÑO DIOS,Municipal DAEM,Rural,5,58,5803,Olmué,96,31.9725469585101,18,0,0,0
1498,2,ESCUELA LAS BELLOTAS DE LA VEGA,Municipal DAEM,Rural,5,58,5803,Olmué,96,38.0975495879806,12,0,0,1
1500,8,COLEGIO PART. IGNACIO CARRERA PINTO,Particular Subvencionado,Urbano,5,58,5803,Olmué,158,37.3812530739933,132,10,7,9
1506,7,CENTRO EDUCATIVO FLORIDA,Servicio Local de Educación(SLE),Urbano,5,51,5101,Valparaíso,96,43.0519537476706,12,1,0,4
1511,3,CENTRO EDUCATIVO REINO DE SUECIA,Servicio Local de Educación(SLE),Urbano,5,51,5101,Valparaíso,96,39.5632842949751,8,2,0,2
1514,8,ESCUELA HERNAN OLGUIN,Servicio Local de Educación(SLE),Urbano,5,51,5101,Valparaíso,51,40.3649180932336,32,5,11,3
1515,6,LICEO EDUARDO DE LA BARRA,Servicio Local de Educación(SLE),Urbano,5,51,5101,Valparaíso,109,40.5469574784786,77,7,7,18
1516,4,LICEO TECNOLÓGICO ALFREDO NAZAR FERES,Servicio Local de Educación(SLE),Urbano,5,51,5101,Valparaíso,55,40.9337807011115,33,10,5,7
1517,2,LICEO MATILDE BRANDAU DE ROSS,Servicio Local de Educación(SLE),Urbano,5,51,5101,Valparaíso,64,39.9862688611329,46,5,6,7
1518,0,LICEO MARIA LUISA BOMBAL,Servicio Local de Educación(SLE),Urbano,5,51,5101,Valparaíso,39,42.1566233876778,25,6,5,3
1520,2,LICEO BICENTENARIO MARITIMO DE VALPARAISO,Servicio Local de Educación(SLE),Urbano,5,51,5101,Valparaíso,90,38.636601800011,72,4,4,10
1521,0,LICEO DE NINAS MARIA FRANCK DE MACDOUGAL,Servicio Local de Educación(SLE),Urbano,5,51,5101,Valparaíso,37,41.9051387527167,26,3,1,7
1522,9,COLEGIO PEDRO MONTT,Servicio Local de Educación(SLE),Urbano,5,51,5101,Valparaíso,52,40.8788414862901,35,4,4,9
1523,7,ESCUELA NACIONES UNIDAS,Servicio Local de Educación(SLE),Urbano,5,51,5101,Valparaíso,111,38.7488081325,88,7,8,8
1524,5,ESCUELA REPUBLICA ARABE SIRIA,Servicio Local de Educación(SLE),Urbano,5,51,5101,Valparaíso,47,40.7389149244617,36,4,2,5
1526,1,ESCUELA REPUBLICA DEL PARAGUAY,Servicio Local de Educación(SLE),Urbano,5,51,5101,Valparaíso,47,36.5139766176537,45,1,0,1
1528,8,ESCUELA GASPAR CABRALES,Servicio Local de Educación(SLE),Urbano,5,51,5101,Valparaíso,52,41.5464567463729,36,5,4,7
1529,6,ESCUELA GRECIA,Servicio Local de Educación(SLE),Urbano,5,51,5101,Valparaíso,154,38.5221270873734,131,7,10,6
1533,4,ESCUELA ALEMANIA,Servicio Local de Educación(SLE),Urbano,5,51,5101,Valparaíso,76,40.5275785680547,57,6,7,6
1534,2,ESCUELA REPUBLICA DEL URUGUAY,Servicio Local de Educación(SLE),Urbano,5,51,5101,Valparaíso,137,42.6504387817391,79,14,15,29
1536,9,ESCUELA AMERICA,Servicio Local de Educación(SLE),Urbano,5,51,5101,Valparaíso,78,37.3501920090518,68,4,3,3
1537,7,ESCUELA RAMON BARROS LUCO,Servicio Local de Educación(SLE),Urbano,5,51,5101,Valparaíso,66,35.9122058567037,60,2,3,1
1538,5,ESCUELA JUAN JOSE LATORRE B,Servicio Local de Educación(SLE),Urbano,5,51,5101,Valparaíso,31,38.4847446242307,27,2,1,1
1540,7,ESCUELA BLAS CUEVAS RAMON ALLENDE,Servicio Local de Educación(SLE),Urbano,5,51,5101,Valparaíso,23,37.566848741963,20,2,0,1
1541,5,ESCUELA REPUBLICA DE EL SALVADOR,Servicio Local de Educación(SLE),Urbano,5,51,5101,Valparaíso,32,38.6873104482797,26,3,1,2
1542,3,ESCUELA JOAQUIN EDWARDS BELLO,Servicio Local de Educación(SLE),Urbano,5,51,5101,Valparaíso,76,42.6359979500759,40,12,7,17
1543,1,ESCUELA JORGE ALESSANDRI RODRIGUEZ,Servicio Local de Educación(SLE),Urbano,5,51,5101,Valparaíso,40,36.6657149358478,39,0,0,1
1547,4,ESCUELA CARABINERO PEDRO A. CARIAGA M.,Servicio Local de Educación(SLE),Urbano,5,51,5101,Valparaíso,96,40.2461831600167,11,1,1,3
1548,2,ESCUELA DIEGO PORTALES PALAZUELOS,Servicio Local de Educación(SLE),Urbano,5,51,5101,Valparaíso,96,35.8781879623034,12,1,0,0
1549,0,ESCUELA REPUBLICA DE MEXICO,Servicio Local de Educación(SLE),Urbano,5,51,5101,Valparaíso,117,41.432250744962,76,14,8,19
1550,4,ESCUELA PACIFICO,Servicio Local de Educación(SLE),Urbano,5,51,5101,Valparaíso,96,37.6885622593598,17,1,1,0
1551,2,ESCUELA MONTEDONICO,Servicio Local de Educación(SLE),Urbano,5,51,5101,Valparaíso,28,44.3679267486424,14,4,3,7
1553,9,ESCUELA ESPANA,Servicio Local de Educación(SLE),Urbano,5,51,5101,Valparaíso,58,36.7605088514921,51,0,2,5
1554,7,COLEGIO PABLO NERUDA,Servicio Local de Educación(SLE),Urbano,5,51,5101,Valparaíso,52,38.137262437617,42,5,1,4
1555,5,ESCUELA REPUBLICA DE ISRAEL,Servicio Local de Educación(SLE),Urbano,5,51,5101,Valparaíso,32,39.3323215923398,22,4,2,4
1556,3,ESCUELA ELEUTERIO RAMIREZ,Servicio Local de Educación(SLE),Urbano,5,51,5101,Valparaíso,22,39.4324277494076,18,0,1,3
1557,1,ESCUELA VILLA BERLIN,Servicio Local de Educación(SLE),Urbano,5,51,5101,Valparaíso,29,37.6559058356416,26,0,1,2
1563,6,ESCUELA JUAN WACQUEZ MOURFIN,Servicio Local de Educación(SLE),Urbano,5,51,5101,Valparaíso,96,39.7532323147681,12,1,2,2
1567,9,ESCUELA BASICA DAVID BEN GURION,Servicio Local de Educación(SLE),Urbano,5,51,5101,Valparaíso,30,39.9713301023508,21,4,2,3
1568,7,ESCUELA REPUBLICA ARGENTINA,Servicio Local de Educación(SLE),Urbano,5,51,5101,Valparaíso,41,38.1299640118819,36,3,0,2
1569,5,ESCUELA PILOTO 1° LUIS PARDO VILLALON,Servicio Local de Educación(SLE),Urbano,5,51,5101,Valparaíso,89,36.8127330836396,81,3,3,2
1570,9,ESCUELA BASICA CIRUJANO VIDELA,Servicio Local de Educación(SLE),Urbano,5,51,5101,Valparaíso,64,37.4939724239738,60,3,0,1
1571,7,ESCUELA SAN JUDAS TADEO,Servicio Local de Educación(SLE),Urbano,5,51,5101,Valparaíso,96,39.1301817100365,12,1,1,2
1573,3,ESCUELA DR. ERNESTO QUIROZ WEBER,Servicio Local de Educación(SLE),Urbano,5,51,5101,Valparaíso,34,40.4455522977618,28,1,1,4
1577,6,ESCUELA BÁSICA INTERCULTURAL LAGUNA VERDE,Servicio Local de Educación(SLE),Urbano,5,51,5101,Valparaíso,47,38.3108730425177,39,4,0,4
1578,4,ESCUELA TTE. JULIO A. ALLENDE OVALLE,Servicio Local de Educación(SLE),Urbano,5,51,5101,Valparaíso,54,36.5260719509504,46,4,1,3
1579,2,LICEO SANTA TERESA,Particular Subvencionado,Urbano,5,51,5101,Valparaíso,65,37.9733285720686,56,4,3,2
1581,4,LICEO JUANA ROSS DE EDWARDS,Particular Subvencionado,Urbano,5,51,5101,Valparaíso,180,36.8787523337665,154,10,11,5
1582,2,COLEGIO LUTERANO CONCORDIA,Particular Subvencionado,Urbano,5,51,5101,Valparaíso,128,39.0074195315388,93,9,11,15
1583,0,COLEGIO JEANNE DARC VALPARAISO,Particular Subvencionado,Urbano,5,51,5101,Valparaíso,61,37.640985336644,52,4,3,2
1585,7,LICEO COEDUCACIONAL LA IGUALDAD,Particular Subvencionado,Urbano,5,51,5101,Valparaíso,141,40.1152321549244,103,9,14,15
1586,5,COLEGIO CARLOS COUSINO,Particular Subvencionado,Urbano,5,51,5101,Valparaíso,147,38.9163536102137,118,13,10,6
1587,3,COLEGIO MARIA AUXILIADORA,Particular Subvencionado,Urbano,5,51,5101,Valparaíso,139,38.2642915050858,105,13,14,7
1588,1,COLEGIO NTRA.SRA.DE LA MISERICORDIA,Particular Subvencionado,Urbano,5,51,5101,Valparaíso,80,37.9265106753313,64,7,4,5
1590,3,COLEGIO SALESIANO VALPARAISO,Particular Subvencionado,Urbano,5,51,5101,Valparaíso,246,39.9805010499733,183,14,14,35
1593,8,ESCUELA PARTICULAR SANTA ANA,Particular Subvencionado,Urbano,5,51,5101,Valparaíso,107,40.5975172267795,79,11,9,8
1594,6,COLEGIO SAN DAMIAN DE MOLOKAI,Particular Subvencionado,Urbano,5,51,5101,Valparaíso,81,40.5944145649905,55,7,7,12
1595,4,COLEGIO ARTURO EDWARDS,Particular Subvencionado,Urbano,5,51,5101,Valparaíso,132,40.6954948680878,89,10,18,15
1596,2,COLEGIO SAN IGNACIO DE LOYOLA,Particular Subvencionado,Urbano,5,51,5101,Valparaíso,150,37.9286660471838,123,10,7,10
1597,0,ESCUELA PARTICULAR SAN LUIS,Particular Subvencionado,Urbano,5,51,5101,Valparaíso,37,39.1680617632452,29,3,2,3
1598,9,COLEGIO PARTICULAR ADVENTISTA,Particular Subvencionado,Urbano,5,51,5101,Valparaíso,77,38.4393145714894,62,3,8,4
1599,7,COLEGIO SAGRADO CORAZON DE JESUS,Particular Subvencionado,Urbano,5,51,5101,Valparaíso,59,40.0581789622397,41,9,1,8
1601,2,ESC SAGRADA FAMILIA DE NAZARET,Particular Subvencionado,Urbano,5,51,5101,Valparaíso,104,38.0999736259398,87,10,2,5
1602,0,COLEGIO ESPERANZA,Particular Subvencionado,Urbano,5,51,5101,Valparaíso,42,35.8390253716817,41,1,0,0
1603,9,COLEGIO PARTICULAR SAN PIO X,Particular Subvencionado,Urbano,5,51,5101,Valparaíso,75,38.0654358615786,59,6,3,7
1604,7,COLEGIO LEONARDO MURIALDO,Particular Subvencionado,Urbano,5,51,5101,Valparaíso,174,37.7162163716133,148,11,7,8
1607,1,COLEGIO TERESITA DE LISIEUX,Particular Subvencionado,Urbano,5,51,5101,Valparaíso,64,39.1515486472952,47,5,8,4
1609,8,ESC PART FRAY LUIS BELTRAN,Particular Subvencionado,Urbano,5,51,5101,Valparaíso,64,36.604807427394,60,1,2,1
1610,1,COLEGIO ALBERTO HURTADO SEGUNDO,Particular Subvencionado,Urbano,5,51,5101,Valparaíso,121,41.8171682409775,70,11,13,27
1619,5,COLEGIO PARTICULAR JUNIOR SCHOOL 2,Particular Subvencionado,Urbano,5,51,5101,Valparaíso,89,41.4238436098073,57,6,7,19
1620,9,COLEGIO MIGUEL DE UNAMUNO,Particular Subvencionado,Urbano,5,51,5101,Valparaíso,90,38.6639530515595,76,6,4,4
1621,7,LICEO MIXTO JOSE MIGUEL CARRERA,Particular Subvencionado,Urbano,5,51,5101,Valparaíso,43,38.1272907686617,36,0,2,5
1632,2,COL. IDA.CONCEPC. NTRA.SRA.LOURDES,Particular Subvencionado,Urbano,5,51,5101,Valparaíso,82,35.8681677620516,75,3,1,3
1635,7,COLEGIO AGUSTIN EDWARDS,Particular Subvencionado,Urbano,5,51,5101,Valparaíso,64,37.8333986794689,54,5,3,2
1653,5,COLEGIO SAN VICENTE,Particular Subvencionado,Urbano,5,51,5101,Valparaíso,72,37.9285780943002,60,4,1,7
1657,8,COLEGIO PRESB. DAVID TRUMBULL,Particular Subvencionado,Urbano,5,51,5101,Valparaíso,70,38.5230230846054,59,4,4,3
1667,5,ESCUELA ESPECIAL ADOLFO TANNENBAUM B.,Corporación Municipal,Urbano,5,51,5109,Viña del Mar,54,37.5451481718658,48,2,3,1
1675,6,LICEO GUILLERMO RIVERA COTAPOS,Corporación Municipal,Urbano,5,51,5109,Viña del Mar,49,42.6504017002667,30,6,1,12
1676,4,LICEO BICENTENARIO DE VIÑA DEL MAR,Corporación Municipal,Urbano,5,51,5109,Viña del Mar,66,38.2218371370766,59,2,2,3
1677,2,ESCUELA BASICA REPUBLICA DEL ECUADOR,Corporación Municipal,Urbano,5,51,5109,Viña del Mar,84,36.2663936490973,79,2,1,2
1678,0,ESCUELA UNESCO,Corporación Municipal,Urbano,5,51,5109,Viña del Mar,59,38.6305327900672,48,4,4,3
1680,2,ESCUELA ORLANDO PENA CARVAJAL,Corporación Municipal,Urbano,5,51,5109,Viña del Mar,33,39.6362030078157,25,4,1,3
1681,0,COLEGIO REPUBLICA DE COLOMBIA,Corporación Municipal,Urbano,5,51,5109,Viña del Mar,77,39.349594520549,61,7,4,5
1682,9,COLEGIO MIRAFLORES,Corporación Municipal,Urbano,5,51,5109,Viña del Mar,73,37.6004662442792,65,1,2,5
1683,7,ESCUELA BASICA SANTA JULIA,Corporación Municipal,Urbano,5,51,5109,Viña del Mar,91,39.0182807111482,72,6,4,9
1684,5,ESCUELA LIBERTADOR BERNARDO O^HIGGINS,Corporación Municipal,Urbano,5,51,5109,Viña del Mar,103,42.1716962704525,66,10,12,15
1685,3,ESCUELA DR. OSCAR MARIN SOCIAS,Corporación Municipal,Urbano,5,51,5109,Viña del Mar,84,41.3622811719034,62,6,3,13
1686,1,ESCUELA TEODORO LOWEY,Corporación Municipal,Urbano,5,51,5109,Viña del Mar,96,39.1485942940325,75,10,6,5
1688,8,ESCUELA ALMIRANTE LUIS GOMEZ CARRENO,Corporación Municipal,Urbano,5,51,5109,Viña del Mar,81,36.0019607565801,75,1,0,5
1689,6,ESCUELA ORO NEGRO,Municipal DAEM,Urbano,5,51,5103,Concón,134,40.1552220487433,99,14,8,13
1691,8,ESCUELA LORD COCHRANE,Corporación Municipal,Urbano,5,51,5109,Viña del Mar,41,38.7742891161062,32,2,3,4
1692,6,ESCUELA ARTURO PRAT CHACON,Corporación Municipal,Urbano,5,51,5109,Viña del Mar,113,40.8088122666619,77,10,11,15
1693,4,ESCUELA BASICA 21 DE MAYO,Corporación Municipal,Urbano,5,51,5109,Viña del Mar,34,39.6261814591316,26,1,4,3
1695,0,ESCUELA PEDRO AGUIRRE CERDA,Corporación Municipal,Urbano,5,51,5109,Viña del Mar,28,40.7496622147428,23,0,2,3
1696,9,ESCUELA BASICA CHORRILOS,Corporación Municipal,Urbano,5,51,5109,Viña del Mar,38,38.9818314378351,30,4,2,2
1697,7,ESCUELA GASTON OSSA SAINT MARIE,Corporación Municipal,Urbano,5,51,5109,Viña del Mar,42,38.7847325198479,33,4,2,3
1698,5,ESCUELA PAUL HARRIS,Corporación Municipal,Urbano,5,51,5109,Viña del Mar,90,38.633393825688,75,6,7,2
1699,3,ESCUELA BASICA IRMA SALAS SILVA,Municipal DAEM,Urbano,5,51,5103,Concón,112,41.3160700023295,74,9,11,18
1700,0,ESCUELA DOCTOR ADRIANO MACHADO PARDO,Corporación Municipal,Urbano,5,51,5109,Viña del Mar,57,37.2533868378961,52,4,1,0
1701,9,ESCUELA LA PARVA,Corporación Municipal,Urbano,5,51,5109,Viña del Mar,25,41.5766630769583,16,3,3,3
1702,7,ESCUELA CANAL BEAGLE,Corporación Municipal,Urbano,5,51,5109,Viña del Mar,40,38.1329425681867,33,3,0,4
1703,5,ESCUELA PRESIDENTE JOSE MANUEL BALMACEDA,Corporación Municipal,Urbano,5,51,5109,Viña del Mar,58,40.3093581691194,43,4,5,6
1704,3,ESCUELA BASICA JOHN KENNEDY,Corporación Municipal,Urbano,5,51,5109,Viña del Mar,39,42.0623780242397,29,2,3,5
1705,1,ESCUELA PRESIDENTE SALVADOR ALLENDE,Corporación Municipal,Urbano,5,51,5109,Viña del Mar,47,39.0873276518138,40,5,2,0
1707,8,ESCUELA MINISTRO ZENTENO,Corporación Municipal,Urbano,5,51,5109,Viña del Mar,81,40.0202042810257,57,5,8,11
1708,6,ESCUELA ENRIQUE CARDENAS RIVERA,Corporación Municipal,Urbano,5,51,5109,Viña del Mar,42,41.1205425909594,28,2,5,7
1709,4,ESCUELA PATRICIO LYNCH Z.,Corporación Municipal,Urbano,5,51,5109,Viña del Mar,96,34.4347069216179,15,0,0,0
1712,4,ESCUELA VILLA MONTE,Corporación Municipal,Urbano,5,51,5109,Viña del Mar,54,39.4180057955181,42,4,5,3
1714,0,ESCUELA SANTA MARIA DE AGUA SANTA,Corporación Municipal,Urbano,5,51,5109,Viña del Mar,96,43.5249771663792,8,1,0,3
1716,7,ESCUELA VILLA INDEPENDENCIA,Corporación Municipal,Urbano,5,51,5109,Viña del Mar,51,39.8461782851474,40,3,3,5
1717,5,ESCUELA CARDENAL JOSE MARIA CARO,Corporación Municipal,Urbano,5,51,5109,Viña del Mar,40,37.7272961851548,34,1,2,3
1718,3,ESCUELA EDUARDO LEZANA PINCHEIRA,Corporación Municipal,Urbano,5,51,5109,Viña del Mar,43,37.144251596044,38,4,1,0
1720,5,ESCUELA MARCELA PAZ,Corporación Municipal,Urbano,5,51,5109,Viña del Mar,46,37.1489192179437,43,2,0,1
1721,3,ESCUELA BASICA REPUBLICA DEL LIBANO,Corporación Municipal,Urbano,5,51,5109,Viña del Mar,45,40.0598254350842,38,4,2,1
1724,8,ESCUELA PRESIDENTE EDUARDO FREI MONTALVA,Corporación Municipal,Urbano,5,51,5109,Viña del Mar,93,39.6844094278514,74,7,4,8
1728,0,ESCUELA BASICA LUISA NIETO DE HAMEL,Corporación Municipal,Urbano,5,51,5109,Viña del Mar,96,37.133905771164,14,0,1,1
1732,9,ESCUELA VIOLETA PARRA,Corporación Municipal,Urbano,5,51,5109,Viña del Mar,35,38.7533820631494,26,4,4,1
1734,5,COLEGIO RUBEN CASTRO-DIURNO,Particular Subvencionado,Urbano,5,51,5109,Viña del Mar,156,37.2690472718868,127,12,8,9
1735,3,LICEO PARROQUIAL SAN ANTONIO,Particular Subvencionado,Urbano,5,51,5109,Viña del Mar,259,36.2413647657834,241,10,5,3
1738,8,LICEO NUESTRA SRA.DE LA PAZ,Particular Subvencionado,Urbano,5,51,5109,Viña del Mar,153,37.3373958858046,132,9,8,4
1741,8,LICEO SANTA TERESA DE LOS ANDES,Particular Subvencionado,Urbano,5,51,5109,Viña del Mar,77,37.7437832882951,67,5,3,2
1742,6,COLEGIO SAN AGUSTIN,Particular Subvencionado,Urbano,5,51,5109,Viña del Mar,68,38.9441521124223,56,3,7,2
1743,4,COL.PARROQUIAL SANTA MARIA GORETTI,Particular Subvencionado,Urbano,5,51,5103,Concón,129,39.5049224235415,95,8,10,16
1748,5,COLEGIO ESPANOL MARIA REINA,Particular Subvencionado,Urbano,5,51,5109,Viña del Mar,223,38.7309511750603,176,23,13,11
1749,3,COLEGIO EXCMO. CARDENAL RAUL SILVA HENRIQUEZ,Particular Subvencionado,Urbano,5,51,5109,Viña del Mar,64,37.1080230726186,59,2,1,2
1750,7,COL. INMACULADA DE LOURDES,Particular Subvencionado,Urbano,5,51,5109,Viña del Mar,80,35.0505419966104,78,1,0,1
1751,5,ESCUELA PARTICULAR HUGO ERRAZURIZ,Particular Subvencionado,Urbano,5,51,5109,Viña del Mar,133,39.7255119250249,100,9,15,9
1752,3,ESCUELA PARTICULAR SANTA FILOMENA,Particular Subvencionado,Urbano,5,51,5109,Viña del Mar,127,38.6007647543712,104,8,9,6
1755,8,COLEGIO ANA MARIA JANER,Particular Subvencionado,Urbano,5,51,5109,Viña del Mar,211,38.9292706560806,171,17,16,7
1756,6,COLEGIO CLAUDIO MATTE,Particular Subvencionado,Urbano,5,51,5109,Viña del Mar,171,40.4367472687623,117,20,17,17
1757,4,COLEGIO ACONCAGUA,Particular Subvencionado,Urbano,5,58,5801,Quilpué,432,35.9895245265876,405,12,10,5
1759,0,COLEGIO SAN LUIS DE MIRAFLORES,Particular Subvencionado,Urbano,5,51,5109,Viña del Mar,35,39.6064880005141,26,2,3,4
1761,2,COLEGIO FRIENDLY HIGH SCHOOL,Particular Subvencionado,Urbano,5,51,5109,Viña del Mar,55,40.8031588540979,35,6,4,10
1769,8,COLEGIO RAYEN CAVEN,Particular Subvencionado,Urbano,5,51,5103,Concón,68,35.945162519842,65,2,0,1
1772,8,COLEGIO BLANCA VERGARA,Particular Subvencionado,Urbano,5,51,5109,Viña del Mar,72,40.3967807051792,49,6,7,10
1795,7,COLEGIO SAN IGNACIO,Particular Subvencionado,Urbano,5,51,5109,Viña del Mar,108,34.9532791701197,100,1,4,3
1801,5,COLEGIO MARIA AUXILIADORA,Particular Subvencionado,Urbano,5,51,5109,Viña del Mar,126,35.2615573459374,120,3,1,2
1807,4,ESCUELA JEFFERSON SCHOOL,Particular Subvencionado,Urbano,5,58,5801,Quilpué,32,40.226912341605,24,1,1,6
1819,8,COLLEGE CHRETIEN FRANCAIS LE BEAU JOUR,Particular Subvencionado,Urbano,5,51,5109,Viña del Mar,24,37.2998614737178,20,1,2,1
1842,2,COLEGIO SAN ANDRES,Particular Subvencionado,Urbano,5,51,5109,Viña del Mar,102,40.416211705,73,8,6,15
1847,3,COLEGIO SAINT MICHAEL,Particular Subvencionado,Urbano,5,51,5109,Viña del Mar,37,43.9486255008359,20,0,7,10
1851,1,LICEO POLITECNICO QUINTERO,Municipal DAEM,Urbano,5,51,5107,Quintero,82,42.0165058138837,49,7,10,16
1853,8,COLEGIO ARTÍSTICO COSTA MAUCO,Municipal DAEM,Urbano,5,51,5107,Quintero,68,41.8470561781494,42,9,8,9
1855,4,ESCUELA BASICA REPUBLICA DE FRANCIA,Municipal DAEM,Urbano,5,51,5107,Quintero,142,37.7262084406233,120,8,6,8
1856,2,ESCUELA MANTAGUA,Municipal DAEM,Rural,5,51,5107,Quintero,44,36.4659868901877,39,2,2,1
1857,0,ESCUELA JUAN JOSE TORTEL,Municipal DAEM,Rural,5,51,5107,Quintero,26,37.213626092756,23,1,2,0
1858,9,COLEGIO DON ORIONE,Particular Subvencionado,Urbano,5,51,5107,Quintero,182,40.3371846622558,118,19,23,22
1859,7,COLEGIO SANTA FILOMENA,Particular Subvencionado,Urbano,5,51,5107,Quintero,84,36.7045356083146,73,5,4,2
1860,0,COLEGIO INGLES,Particular Subvencionado,Urbano,5,51,5107,Quintero,161,42.3501850883837,89,14,15,43
1863,5,COLEGIO GENERAL JOSE VELASQUEZ BORQUEZ,Municipal DAEM,Urbano,5,51,5105,Puchuncaví,153,38.6508700087305,118,8,13,14
1864,3,COMPLEJO EDUCACIONAL SARGENTO ALDEA,Municipal DAEM,Urbano,5,51,5105,Puchuncaví,78,37.4981984862376,67,3,2,6
1867,8,COLEGIO LA GREDA,Municipal DAEM,Rural,5,51,5105,Puchuncaví,64,36.7845067298227,52,4,3,5
1868,6,ESCUELA LA CHOCOTA,Municipal DAEM,Urbano,5,51,5105,Puchuncaví,61,35.6169887999669,55,4,0,2
1870,8,ESCUELA CAMPICHE,Municipal DAEM,Rural,5,51,5105,Puchuncaví,96,38.5597502216003,14,0,2,1
1873,2,ESCUELA HORCON,Municipal DAEM,Urbano,5,51,5105,Puchuncaví,48,40.6939708751461,35,2,6,5
1874,0,ESCUELA BASICA LA LAGUNA,Municipal DAEM,Urbano,5,51,5105,Puchuncaví,31,36.2952382846321,28,0,2,1
1875,9,COLEGIO MAITENCILLO,Municipal DAEM,Urbano,5,51,5105,Puchuncaví,52,35.7079116430148,47,2,2,1
1881,3,COLEGIO LUIS CRUZ MARTÍNEZ,Corporación Municipal,Urbano,5,58,5801,Quilpué,104,38.3851513511488,85,8,4,7
1882,1,LICEO GUILLERMO GRONEMEYER ZAMORANO,Corporación Municipal,Urbano,5,58,5801,Quilpué,32,40.9651056476963,20,4,1,7
1884,8,LICEO COMERCIAL ALEJANDRO LUBET V,Corporación Municipal,Urbano,5,58,5801,Quilpué,96,42.9976089113474,8,2,2,5
1885,6,COLEGIO CAPITAN IGNACIO CARRERA PINTO,Corporación Municipal,Urbano,5,58,5801,Quilpué,22,35.3414528918718,22,0,0,0
1886,4,COLEGIO MANUEL BULNES PRIETO,Corporación Municipal,Urbano,5,58,5801,Quilpué,71,38.918080614146,49,8,9,5
1887,2,ESCUELA GUARDIAMARINA GUILLERMO ZANARTU I.,Corporación Municipal,Urbano,5,58,5801,Quilpué,115,36.0568764891719,103,1,5,6
1888,0,ESC.CDTE. ELEUTERIO RAMIREZ MOLINA,Corporación Municipal,Urbano,5,58,5801,Quilpué,72,35.0910628777503,65,1,3,3
1889,9,COLEGIO FERNANDO DURAN VILLARREAL,Corporación Municipal,Urbano,5,58,5801,Quilpué,70,37.8681849177455,62,4,1,3
1890,2,COLEGIO JOSE MIGUEL INFANTE,Corporación Municipal,Urbano,5,58,5801,Quilpué,43,38.2526496515042,36,1,3,3
1891,0,ESCUELA BASICA JORGE ROCK LARA,Corporación Municipal,Urbano,5,58,5801,Quilpué,42,41.1003149278238,29,6,1,6
1892,9,ESCUELA BASICA GASPAR CABRALES,Corporación Municipal,Urbano,5,58,5801,Quilpué,47,36.5926460366092,42,3,2,0
1893,7,ESCUELA BASICA DARIO SALAS,Corporación Municipal,Urbano,5,58,5801,Quilpué,60,40.9473134340824,40,6,4,10
1895,3,LICEO TECNICO PROFESIONAL MANNHEIM,Corporación Municipal,Urbano,5,58,5801,Quilpué,37,41.7154868299926,27,2,2,6
1898,8,ESCUELA THEODOR HEUSS,Corporación Municipal,Urbano,5,58,5801,Quilpué,64,42.621085408165,35,12,7,10
1899,6,ESCUELA TENIENTE IGNACIO SERRANO MONTANER,Corporación Municipal,Urbano,5,58,5801,Quilpué,44,37.7030125678405,38,3,2,1
1901,1,ESCUELA SANTIAGO BUERAS,Corporación Municipal,Rural,5,58,5801,Quilpué,96,35.6084207263192,15,0,1,0
1906,2,ESCUELA DELFINA ALARCON HENRIQUEZ,Corporación Municipal,Rural,5,58,5801,Quilpué,96,33.0459015700589,10,0,0,0
1908,9,COLEGIO ULISES GNECCO,Particular Subvencionado,Urbano,5,58,5801,Quilpué,32,38.7828396366691,24,1,2,5
1909,7,COLEGIO LIAHONA,Particular Subvencionado,Urbano,5,58,5801,Quilpué,175,36.8053360935761,162,7,4,2
1911,9,COLEGIO CREP,Particular Subvencionado,Urbano,5,58,5801,Quilpué,87,37.0822133193689,75,7,0,5
1917,8,ESCUELA PARTICULAR EXEQUIEL PUELMA SILVA,Particular Subvencionado,Urbano,5,58,5801,Quilpué,30,37.9061713116336,26,0,1,3
1918,6,COLEGIO LOS LEONES DE QUILPUE,Particular Subvencionado,Urbano,5,58,5801,Quilpué,152,37.6999995402475,130,9,8,5
1919,4,COLEGIO H. F. CAMILO HENRIQUEZ,Particular Subvencionado,Urbano,5,58,5801,Quilpué,84,35.9827235368813,79,3,0,2
1923,2,COLEGIO CRISTIANO DE QUILPUE,Particular Subvencionado,Urbano,5,58,5801,Quilpué,113,39.5333551173,77,17,5,14
1924,0,ESCUELA PARTICULAR INFANTES DEL SOL,Particular Subvencionado,Urbano,5,58,5801,Quilpué,48,40.669159500323,32,5,6,5
1930,5,ABRAHAM LINCOLN MEMORIAL COLLEGE,Particular Subvencionado,Urbano,5,58,5801,Quilpué,50,38.4991173754271,38,3,5,4
1934,8,COLEGIO ESPERANZA,Particular Subvencionado,Urbano,5,58,5801,Quilpué,160,37.7985181643073,128,11,8,13
1941,0,COLEGIO EL BELLOTO,Particular Subvencionado,Urbano,5,58,5801,Quilpué,119,39.0247868389609,88,11,11,9
1959,3,WINDMILL COLLEGE,Corporación Municipal,Urbano,5,58,5804,Villa Alemana,69,38.3309038357083,59,4,1,5
1961,5,ESCUELA LATINA INES GALLARDO ORELLANA,Corporación Municipal,Urbano,5,58,5804,Villa Alemana,84,39.2969518009897,67,6,5,6
1963,1,ESCUELA BASICA DIEGO BARROS ARANA,Corporación Municipal,Urbano,5,58,5804,Villa Alemana,63,36.3273172625628,57,2,1,3
1965,8,COLEGIO ITALO COMPOSTO SCARPATI,Corporación Municipal,Urbano,5,58,5804,Villa Alemana,49,39.7402562352874,36,8,2,3
1966,6,ESCUELA BASICA CATALUNYA,Corporación Municipal,Urbano,5,58,5804,Villa Alemana,71,39.3302834870758,55,8,5,3
1967,4,LICEO BICENTENARIO TÉCNICO PROFESIONAL MARY GRAHAM,Corporación Municipal,Urbano,5,58,5804,Villa Alemana,232,40.0664358279931,163,21,17,31
1968,2,ESCUELA MELVIN JONES,Corporación Municipal,Urbano,5,58,5804,Villa Alemana,25,38.7583613766685,20,2,2,1
1969,0,COLEGIO CHARLES DARWIN,Corporación Municipal,Urbano,5,58,5804,Villa Alemana,75,40.1997274069934,52,10,3,10
1970,4,ESCUELA DIEGO PORTALES,Corporación Municipal,Urbano,5,58,5804,Villa Alemana,61,38.7251707740222,54,2,3,2
1971,2,ESCUELA MANUEL MONTT,Corporación Municipal,Urbano,5,58,5804,Villa Alemana,81,37.7790755551225,73,1,5,2
1975,5,ESCUELA JUAN BAUTISTA ALBERDI,Corporación Municipal,Urbano,5,58,5804,Villa Alemana,60,42.5894118687136,31,9,4,16
1976,3,ESCUELA EL PATAGUAL,Corporación Municipal,Rural,5,58,5804,Villa Alemana,96,33.9506995483539,16,1,0,0
1977,1,COLEGIO NACIONAL,Particular Subvencionado,Urbano,5,58,5804,Villa Alemana,296,35.7060188197452,274,14,7,1
1980,1,COLEGIO PARTICULAR JEAN PIAGET,Particular Subvencionado,Urbano,5,58,5804,Villa Alemana,75,40.795948106689,51,9,9,6
1985,2,CENTRO INFANTIL EL BUEN CAMINO,Particular Subvencionado,Urbano,5,58,5804,Villa Alemana,34,42.6752384924175,19,3,3,9
1987,9,COLEGIO NUEVO CHILENO BRITANICO,Particular Subvencionado,Urbano,5,58,5804,Villa Alemana,63,40.8916880338719,46,8,5,4
1997,6,ESCUELA DOMINGO ORTIZ DE ROZAS,Municipal DAEM,Urbano,5,51,5102,Casablanca,68,33.1487843612274,68,0,0,0
1998,4,ESCUELA ARTURO ECHAZARRETA LARRAIN,Municipal DAEM,Urbano,5,51,5102,Casablanca,69,39.076096625427,56,4,6,3
1999,2,ESCUELA MANUEL BRAVO REYES,Municipal DAEM,Urbano,5,51,5102,Casablanca,122,39.0323522042466,96,6,11,9
2003,6,ESCUELA SAN PEDRO DE QUINTAY,Municipal DAEM,Urbano,5,51,5102,Casablanca,96,34.3987906251231,13,0,0,0
2005,2,ESCUELA BASICA LAGUNILLAS,Municipal DAEM,Urbano,5,51,5102,Casablanca,37,36.5097438785268,34,2,1,0
2007,9,COLEGIO PARTIC. JULIO MONTT SALAMANCA,Particular Subvencionado,Urbano,5,51,5102,Casablanca,69,38.4132399902454,59,5,3,2
2008,7,ESCUELA PURISIMA DE LO VASQUEZ,Particular Subvencionado,Urbano,5,51,5102,Casablanca,55,40.5342205426663,36,6,4,9
2009,5,COLEGIO INSULAR ROBINSON CRUSOE,Servicio Local de Educación(SLE),Rural,5,51,5104,Juan Fernández,24,36.0569848027186,23,1,0,0
2013,3,INST.COMERCIAL MARITIMO PACIFICO SUR,Municipal DAEM,Urbano,5,56,5601,San Antonio,59,42.1681925703995,38,3,4,14
2014,1,ESCUELA POETA PABLO NERUDA,Municipal DAEM,Urbano,5,56,5601,San Antonio,75,40.0684579424904,60,6,4,5
2017,6,ESCUELA VILLA LAS DUNAS,Municipal DAEM,Urbano,5,56,5601,San Antonio,47,43.538348594925,26,3,5,13
2018,4,ESCUELA MOVILIZADORES PORTUARIOS,Municipal DAEM,Urbano,5,56,5601,San Antonio,136,40.1651498452255,94,7,13,22
2019,2,COLEGIO ESPANA,Municipal DAEM,Urbano,5,56,5601,San Antonio,78,39.6475479779974,58,8,7,5
2020,6,ESCUELA PRESIDENTE PEDRO AGUIRRE CERDA,Municipal DAEM,Urbano,5,56,5601,San Antonio,67,39.8785563476458,49,7,6,5
2021,4,PADRE ANDRE COINDRE,Municipal DAEM,Urbano,5,56,5601,San Antonio,128,40.384139975172,92,11,9,16
2022,2,ESCUELA BASICA SAN JOSE DE CALASANZ,Municipal DAEM,Urbano,5,56,5601,San Antonio,46,40.9658107024313,28,6,5,7
2023,0,ESCUELA CRISTO DEL MAIPO,Municipal DAEM,Urbano,5,56,5601,San Antonio,38,39.5978497284398,30,4,1,3
2024,9,PROFESOR PEDRO VIVEROS ORMENO,Municipal DAEM,Urbano,5,56,5601,San Antonio,34,38.1872325360267,29,1,0,4
2026,5,ESCUELA BASICA CERRO PLACILLA,Municipal DAEM,Urbano,5,56,5601,San Antonio,124,37.0965567235198,118,3,1,2
2027,3,ESCUELA POETA HUIDOBRO,Municipal DAEM,Urbano,5,56,5601,San Antonio,36,36.6189638026451,33,1,1,1
2035,4,COLEGIO AGRÍCOLA CUNCUMÉN GONZALO BARROS AMUNÁTEGUI,Municipal DAEM,Rural,5,56,5601,San Antonio,35,38.5767611541121,28,2,3,2
2036,2,ESCUELA BASICA LEYDA,Municipal DAEM,Rural,5,56,5601,San Antonio,96,38.7861476917242,15,0,0,2
2037,0,EDUARDO FERNANDEZ DE ASTURIAS,Municipal DAEM,Rural,5,56,5601,San Antonio,44,37.2742443754022,40,2,2,0
2040,0,LICEO NACIONAL DE LLO LLEO,Particular Subvencionado,Urbano,5,56,5601,San Antonio,135,37.9202796410436,113,12,2,8
2041,9,LICEO SANTA TERESITA DE LLOLLEO,Particular Subvencionado,Urbano,5,56,5601,San Antonio,110,34.7667289716451,102,5,2,1
2042,7,INSTITUTO DEL PUERTO DE SAN ANTONIO,Particular Subvencionado,Urbano,5,56,5601,San Antonio,180,33.7192433266991,179,0,1,0
2043,5,INSTITUTO ERCILLA,Particular Subvencionado,Urbano,5,56,5601,San Antonio,74,40.0883840977493,49,10,7,8
2045,1,LICEO GABRIELA MISTRAL,Particular Subvencionado,Urbano,5,56,5601,San Antonio,88,33.5964836317921,87,1,0,0
2047,8,COLEGIO PARTICULAR SARA CRUCHAGA,Particular Subvencionado,Urbano,5,56,5601,San Antonio,91,43.8091363392945,41,13,12,25
2048,6,COLEGIO SAGRADA FAMILIA,Particular Subvencionado,Urbano,5,56,5601,San Antonio,49,39.1029528008374,35,5,8,1
2049,4,COLEGIO FUND.EDUC. FERNANDEZ LEON,Particular Subvencionado,Urbano,5,56,5601,San Antonio,90,37.5844276584239,75,7,7,1
2050,8,COLEGIO NUESTRA SENORA DE POMPEYA,Particular Subvencionado,Urbano,5,56,5601,San Antonio,73,40.4501603021015,51,6,9,7
2052,4,COLEGIO PROVIDENCIA,Particular Subvencionado,Urbano,5,56,5601,San Antonio,66,40.3685920979157,47,6,7,6
2054,0,COLEGIO PART.GUILLERMO BLEST GANA,Particular Subvencionado,Urbano,5,56,5601,San Antonio,21,38.5831323394009,19,0,1,1
2055,9,COLEGIO EL RETIRO,Particular Subvencionado,Urbano,5,56,5601,San Antonio,85,35.9473559460716,77,3,3,2
2057,5,ESCUELA PARTICULAR N. 33 MARIA KONIG,Particular Subvencionado,Urbano,5,56,5601,San Antonio,96,45.606892331011,7,1,2,9
2065,6,ESCUELA PRESIDENTE AGUIRRE CERDA,Municipal DAEM,Urbano,5,56,5603,Cartagena,179,39.5902088016943,138,12,17,12
2066,4,LICEO EUGENIA SUBERCASEAUX,Municipal DAEM,Urbano,5,56,5603,Cartagena,149,43.035969846611,71,17,21,40
2068,0,ESCUELA CARMEN ROMERO AGUIRRE,Municipal DAEM,Rural,5,56,5603,Cartagena,40,36.1631761519638,38,1,0,1
2074,5,ESCUELA BASICA LAS CRUCES,Municipal DAEM,Urbano,5,56,5605,El Tabo,86,36.0007756273605,81,1,3,1
2075,3,COLEGIO EL TABO,Municipal DAEM,Urbano,5,56,5605,El Tabo,179,39.6026567143894,132,19,14,14
2076,1,ESCUELA BASICA QUILLAYCILLO,Municipal DAEM,Urbano,5,56,5605,El Tabo,96,35.2249948648138,15,1,1,1
2078,8,COMPLEJO EDUCACIONAL CLARA SOLOVERA,Municipal DAEM,Urbano,5,56,5604,El Quisco,144,39.5593720659716,116,8,7,13
2079,6,ESCUELA POETA NERUDA DE ISLA NEGRA,Municipal DAEM,Urbano,5,56,5604,El Quisco,92,36.4411729423512,82,7,1,2
2081,8,ESCUELA EL TOTORAL,Municipal DAEM,Rural,5,56,5604,El Quisco,90,34.7015675738464,87,0,0,3
2083,4,ESC.PART. SAN MIGUEL ARCANGEL,Particular Subvencionado,Urbano,5,56,5604,El Quisco,83,40.7153793127711,62,8,4,9
2084,2,COLEGIO CARLOS ALESSANDRI ALTAMIRANO,Municipal DAEM,Urbano,5,56,5602,Algarrobo,144,37.9344557748103,120,4,11,9
2085,0,ESCUELA BASICA RURAL EL YECO,Municipal DAEM,Rural,5,56,5602,Algarrobo,41,38.6593461333432,34,1,2,4
2087,7,ESCUELA BASICA RURAL SAN JOSE,Municipal DAEM,Rural,5,56,5602,Algarrobo,25,35.983898124225,22,1,1,1
2089,3,ESCUELA PARTICULAR SAN JOSE,Particular Subvencionado,Rural,5,56,5602,Algarrobo,96,41.3534833952364,9,0,0,2
2090,7,COLEGIO TERESA DE LOS ANDES-ALGARROBO,Particular Subvencionado,Urbano,5,56,5602,Algarrobo,85,36.3204321322428,72,4,5,4
2091,5,COLEGIO BICENTENARIO PEOPLE HELP PEOPLE,Municipal DAEM,Urbano,5,56,5606,Santo Domingo,155,35.8510463090291,138,6,7,4
2092,3,ESCUELA EL CONVENTO,Municipal DAEM,Rural,5,56,5606,Santo Domingo,44,34.4797557911757,42,1,1,0
2096,6,ESCUELA BASICA CLAUDIO VICUNA,Municipal DAEM,Rural,5,56,5606,Santo Domingo,32,33.0930008754988,32,0,0,0
2099,0,COLEGIO STO. DOMINGO HELEN LEE LASSEN,Particular Subvencionado,Urbano,5,56,5606,Santo Domingo,72,37.611202263123,59,5,5,3
2109,1,LICEO DE NIÑAS DE RANCAGUA,Corporación Municipal,Urbano,6,61,6101,Rancagua,67,38.874656248863,56,0,2,9
2110,5,LICEO MUNICIPAL OSCAR CASTRO ZUNIGA,Corporación Municipal,Urbano,6,61,6101,Rancagua,789,36.9603086548639,697,42,25,25
2112,1,ESCUELA MUNICIPAL MOISES MUSSA,Corporación Municipal,Urbano,6,61,6101,Rancagua,159,39.9126076548427,121,9,6,23
2114,8,ESCUELA MUNICIPAL MARCELA PAZ,Corporación Municipal,Urbano,6,61,6101,Rancagua,137,38.5471677843002,123,5,4,5
2115,6,ESCUELA MUNICIPAL RENE SCHNEIDER CHEREAU,Corporación Municipal,Urbano,6,61,6101,Rancagua,80,40.8613076459142,55,5,8,12
2116,4,COLEGIO MUNICIPAL EDUARDO DE GEYTER,Corporación Municipal,Urbano,6,61,6101,Rancagua,115,39.017453953924,99,7,2,7
2118,0,COLEGIO ESPANA,Corporación Municipal,Urbano,6,61,6101,Rancagua,132,40.6991548957243,93,12,14,13
2119,9,ESCUELA MUNICIPAL MANUEL RODRIGUEZ,Corporación Municipal,Urbano,6,61,6101,Rancagua,68,38.9039417448522,59,3,0,6
2120,2,ESCUELA MUNICIPAL MINERAL EL TENIENTE,Corporación Municipal,Urbano,6,61,6101,Rancagua,206,40.3077471545408,145,21,21,19
2121,0,COLEGIO REPUBLICA ARGENTINA,Corporación Municipal,Urbano,6,61,6101,Rancagua,146,37.0276058421755,137,4,3,2
2122,9,ESCUELA MUNICIPAL EL COBRE,Corporación Municipal,Urbano,6,61,6101,Rancagua,99,40.9518453706073,69,9,4,17
2123,7,INSTITUTO TECNOLOGICO MINERO BERNARDO OHIGGINS,Corporación Municipal,Urbano,6,61,6101,Rancagua,71,42.363969064065,46,6,4,15
2124,5,LICEO INTEGRADO LIBERTADOR SIMÓN BOLIVAR,Corporación Municipal,Urbano,6,61,6101,Rancagua,156,42.5345336669101,94,14,10,38
2125,3,COLEGIO PABLO GARRIDO,Corporación Municipal,Urbano,6,61,6101,Rancagua,59,39.9967132210315,46,5,5,3
2126,1,COL. JOSE A. MANSO DE VELASCO Y S.,Corporación Municipal,Urbano,6,61,6101,Rancagua,75,39.3385134541262,63,6,0,6
2129,6,COLEGIO AURORA DE CHILE,Corporación Municipal,Urbano,6,61,6101,Rancagua,144,37.1725764716915,131,2,8,3
2131,8,ESCUELA MUNICIPAL CARLOS MIRANDA MIRANDA,Corporación Municipal,Urbano,6,61,6101,Rancagua,50,40.8783899198548,37,3,3,7
2132,6,ESCUELA MUNICIPAL PATRICIO MEKIS,Corporación Municipal,Urbano,6,61,6101,Rancagua,54,42.989158923748,34,8,3,9
2135,0,ESCUELA MUNICIPAL JEAN PIAGET,Corporación Municipal,Urbano,6,61,6101,Rancagua,75,38.0623461420141,62,2,8,3
2136,9,ESCUELA MUNICIPAL ISABEL RIQUELME,Corporación Municipal,Urbano,6,61,6101,Rancagua,48,39.0626268175609,40,3,0,5
2138,5,ESCUELA MUNICIPAL ALBERTO BLEST GANA,Corporación Municipal,Rural,6,61,6101,Rancagua,28,42.7740213713181,18,1,4,5
2139,3,ESCUELA MUNICIPAL VIRGINIA BRAVO,Corporación Municipal,Rural,6,61,6101,Rancagua,35,39.758763210562,26,7,0,2
2140,7,ESCUELA MUNICIPAL AUGUSTO D HALMAR,Corporación Municipal,Rural,6,61,6101,Rancagua,67,41.7981460170257,38,8,9,12
2143,1,ESCUELA MUNICIPAL HERMANOS CARRERA,Corporación Municipal,Rural,6,61,6101,Rancagua,62,45.2331369807723,23,5,9,25
2150,4,INSTITUTO SAGRADO CORAZON,Particular Subvencionado,Urbano,6,61,6101,Rancagua,72,34.9415666058649,71,1,0,0
2151,2,COLEGIO PARTICULAR SANTA MARIA,Particular Subvencionado,Urbano,6,61,6101,Rancagua,114,38.1570855428321,97,9,5,3
2155,5,COLEGIO PARTICULAR WHIPPLE SCHOOL,Particular Subvencionado,Urbano,6,61,6101,Rancagua,87,39.3254322926247,67,6,7,7
2159,8,COLEGIO PARTICULAR INFANTES DE O´HIGGINS,Particular Subvencionado,Urbano,6,61,6101,Rancagua,158,38.3542665422643,126,16,10,6
2160,1,ESCUELA PARTICULAR JULIO VALENZUELA,Particular Subvencionado,Urbano,6,61,6101,Rancagua,83,38.8896898009329,66,6,6,5
2162,8,COLEGIO PARTICULAR ADVENTISTA,Particular Subvencionado,Urbano,6,61,6101,Rancagua,87,39.2039061115298,68,8,6,5
2164,4,COLEGIO PARTICULAR GABRIELA MISTRAL,Particular Subvencionado,Urbano,6,61,6101,Rancagua,89,38.607447323673,75,3,6,5
2165,2,COLEGIO NIÑO JESUS DE PRAGA,Particular Subvencionado,Urbano,6,61,6101,Rancagua,160,40.9382923710178,106,11,16,27
2166,0,INSTITUTO REGIONAL DE EDUCACION,Particular Subvencionado,Urbano,6,61,6101,Rancagua,141,38.6376821587348,115,7,9,10
2167,9,INSTITUTO SEWELL,Particular Subvencionado,Urbano,6,61,6101,Rancagua,32,45.1701339000563,13,4,3,12
2171,7,COLEGIO PARTICULAR ANDRES BELLO,Particular Subvencionado,Urbano,6,61,6101,Rancagua,77,39.4769373418256,63,2,6,6
2174,1,COLEGIO SANTO TOMAS,Particular Subvencionado,Urbano,6,61,6101,Rancagua,134,36.6091900534918,121,6,4,3
2178,4,ESCUELA PARTICULAR SAINT PAUL COLLEGE,Particular Subvencionado,Urbano,6,61,6101,Rancagua,101,36.6636528256083,91,6,3,1
2179,2,COLEGIO PARTICULAR LOS CONQUISTADORES,Particular Subvencionado,Urbano,6,61,6101,Rancagua,165,39.6070274282803,132,14,7,12
2182,2,COLEGIO PARTICULAR SUBVENCIONADO MANZANAL,Particular Subvencionado,Urbano,6,61,6101,Rancagua,66,37.6285388204056,58,1,4,3
2183,0,COLEGIO PARTICULAR INSTITUTO SAN ANDRES,Particular Subvencionado,Urbano,6,61,6101,Rancagua,80,37.7233531531762,68,3,4,5
2184,9,ESCUELA PARTICULAR BUEN PASTOR,Particular Subvencionado,Rural,6,61,6101,Rancagua,96,46.2346068638824,4,2,0,4
2206,3,ESCUELA SIXTO MENDEZ PARADA,Municipal DAEM,Urbano,6,61,6106,Graneros,54,43.3298693341766,33,4,9,8
2207,1,ESCUELA HERNAN OLGUIN MAYBE,Municipal DAEM,Urbano,6,61,6106,Graneros,131,40.1940250555937,97,6,10,18
2209,8,COLEGIO ANTONIO TRDAN ARKO,Municipal DAEM,Urbano,6,61,6106,Graneros,63,42.0653364350491,47,2,3,11
2210,1,ESCUELA MUNICIPAL VILLA LA COMPANIA,Municipal DAEM,Rural,6,61,6106,Graneros,59,40.3924415361502,40,4,6,9
2212,8,ESCUELA MUNICIPAL DE TUNICHE,Municipal DAEM,Rural,6,61,6106,Graneros,35,44.2841686318461,18,3,3,11
2217,9,COLEGIO PARTICULAR NUESTRA SENORA,Particular Subvencionado,Urbano,6,61,6106,Graneros,90,38.4019628229862,70,7,6,7
2218,7,COLEGIO PARTICULAR GRANEROS,Particular Subvencionado,Urbano,6,61,6106,Graneros,149,35.6987691007785,147,1,0,1
2220,9,COLEGIO PARTICULAR SAN MARTIN,Particular Subvencionado,Urbano,6,61,6106,Graneros,62,40.5264859729895,49,2,4,7
2223,3,COLEGIO ANDRES BELLO,Municipal DAEM,Urbano,6,61,6110,Mostazal,103,40.7462918484708,68,14,11,10
2224,1,LICEO ELVIRA SANCHEZ DE GARCES,Municipal DAEM,Urbano,6,61,6110,Mostazal,59,40.522514321961,43,3,10,3
2226,8,ESC. HIJOS DEL SOL,Municipal DAEM,Rural,6,61,6110,Mostazal,59,38.3437029035258,52,3,3,1
2227,6,ESC. SAN FRANCISCO DE ASIS,Municipal DAEM,Rural,6,61,6110,Mostazal,45,40.1118763780917,33,6,4,2
2228,4,ESCUELA EL RINCON,Municipal DAEM,Rural,6,61,6110,Mostazal,59,38.5018303388868,46,9,2,2
2231,4,COLEGIO DEL CAMINO REAL MARIO MIRANDA PINTO,Municipal DAEM,Rural,6,61,6110,Mostazal,30,42.1276385590597,19,1,3,7
2233,0,COLEGIO TECNOLOGICO PULMAHUE,Particular Subvencionado,Urbano,6,61,6110,Mostazal,39,40.6485683634511,29,2,3,5
2234,9,COLEGIO JESUS ANDINO,Municipal DAEM,Urbano,6,61,6102,Codegua,136,36.3547715845304,126,4,3,3
2240,3,COLEGIO MUNICIPAL CRISTO DEL PARQUE,Municipal DAEM,Rural,6,61,6102,Codegua,35,40.5598910981989,22,4,4,5
2244,6,INSTITUTO LAUTARO DE CODEGUA,Particular Subvencionado,Urbano,6,61,6102,Codegua,28,43.2141867459308,16,2,1,9
2247,0,COLEGIO GABRIELA MISTRAL,Municipal DAEM,Urbano,6,61,6108,Machalí,159,39.4709494413724,127,8,10,14
2249,7,COLEGIO LOS LLANOS,Municipal DAEM,Urbano,6,61,6108,Machalí,129,39.8889181008899,94,11,12,12
2250,0,COLEGIO ARTÍSTICO SANTA TERESA DE MACHALI,Municipal DAEM,Urbano,6,61,6108,Machalí,70,40.7562106981888,47,4,6,13
2251,9,COLEGIO BELLAVISTA,Municipal DAEM,Urbano,6,61,6108,Machalí,44,38.1242412400263,35,4,3,2
2257,8,ESCUELA CHACAYES,Municipal DAEM,Rural,6,61,6108,Machalí,96,36.85991923347,8,1,1,0
2258,6,ESCUELA PARTICULAR SAN LORENZO,Particular Subvencionado,Urbano,6,61,6108,Machalí,25,34.9336467342858,25,0,0,0
2259,4,COLEGIO PARTICULAR ARTURO PRAT,Particular Subvencionado,Urbano,6,61,6108,Machalí,135,39.9386901279504,98,13,10,14
2262,4,COL.MARIA VILLALOBOS ARTEAGA,Municipal DAEM,Urbano,6,61,6111,Olivar,143,40.0984866807287,104,8,9,22
2263,2,ESCUELA MUNICIPAL DE GULTRO,Municipal DAEM,Rural,6,61,6111,Olivar,63,43.8063040919869,31,7,4,21
2264,0,ESCUELA NUESTRA SRA. DE LA MERCED,Municipal DAEM,Rural,6,61,6111,Olivar,52,39.0609340621861,42,4,2,4
2265,9,ESCUELA BERTA SAAVEDRA SEGURA,Municipal DAEM,Urbano,6,61,6116,Requínoa,89,37.6729217421049,75,5,5,4
2266,7,ESCUELA BASICA CAMPO LINDO,Municipal DAEM,Rural,6,61,6116,Requínoa,57,40.4733520192744,37,7,5,8
2267,5,ESC. REPUBLICA DE FRANCIA,Municipal DAEM,Rural,6,61,6116,Requínoa,43,39.9888868112506,33,0,4,6
2268,3,ESCUELA MUNICIPAL SANTA AMALIA,Municipal DAEM,Rural,6,61,6116,Requínoa,96,40.1281733799584,5,2,0,1
2275,6,ESCUELA DAVID DEL CURTO,Municipal DAEM,Rural,6,61,6116,Requínoa,55,38.5134819154962,46,3,5,1
2278,0,LICEO SAN JOSE DE REQUINOA,Particular Subvencionado,Urbano,6,61,6116,Requínoa,242,35.3365590950608,232,8,2,0
2279,9,ESCUELA CANADA,Municipal DAEM,Rural,6,61,6116,Requínoa,89,38.4461238946844,70,7,6,6
2282,9,COLEGIO MUNICIPAL LO DE LOBO,Municipal DAEM,Rural,6,61,6115,Rengo,36,35.4462673873852,36,0,0,0
2284,5,ESCUELA LA PAZ,Municipal DAEM,Urbano,6,61,6115,Rengo,162,37.5988548685802,143,5,3,11
2285,3,COLEGIO MANUEL FRANCISCO CORREA,Municipal DAEM,Rural,6,61,6115,Rengo,64,38.0014197400705,53,5,2,4
2286,1,COLEGIO MUNICIPAL LUIS GALDAMES,Municipal DAEM,Urbano,6,61,6115,Rengo,196,39.3191951604973,153,15,11,17
2288,8,ESCUELA CARLOS CONDELL DE LA HAZA,Municipal DAEM,Urbano,6,61,6115,Rengo,38,41.013910633375,26,7,3,2
2289,6,ESCUELA REPUBLICA DE ALEMANIA,Municipal DAEM,Urbano,6,61,6115,Rengo,106,42.0463918707967,68,8,10,20
2292,6,ESCUELA VICENTE HUIDOBRO,Municipal DAEM,Urbano,6,61,6115,Rengo,54,37.6769507266983,49,1,2,2
2294,2,COLEGIO MUNICIPAL LA ESMERALDA,Municipal DAEM,Rural,6,61,6115,Rengo,48,40.2614703752491,39,2,3,4
2296,9,COLEGIO MUNICIPAL LO CARTAGENA,Municipal DAEM,Rural,6,61,6115,Rengo,35,37.4398974586845,31,1,2,1
2297,7,ESCUELA GUSTAVO BISQUERTT S.,Municipal DAEM,Rural,6,61,6115,Rengo,96,35.2511568108168,18,0,0,0
2299,3,COLEGIO MUNICIPAL EL CERRILLO,Municipal DAEM,Rural,6,61,6115,Rengo,96,37.404073567087,18,0,0,1
2300,0,ESCUELA LA ISLA EMMA ESCOBAR DE LAGOS,Municipal DAEM,Urbano,6,61,6115,Rengo,57,42.141043960126,34,7,7,9
2301,9,COLEGIO MUNICIPAL DE APALTA,Municipal DAEM,Rural,6,61,6115,Rengo,52,39.4379173767475,42,3,2,5
2307,8,ESCUELA MARTA AVARIA SALVATIERRA,Municipal DAEM,Rural,6,61,6115,Rengo,23,40.4116383024357,16,2,3,2
2308,6,COLEGIO SAN ANTONIO DEL BALUARTE,Particular Subvencionado,Urbano,6,61,6115,Rengo,154,37.0016128349619,143,2,8,1
2309,4,CENTRO EDUCACIONAL ASUNCION,Particular Subvencionado,Urbano,6,61,6115,Rengo,79,37.8796221469245,69,3,4,3
2310,8,ESC.ALCIDES REYES FRIAS,Municipal DAEM,Urbano,6,61,6109,Malloa,83,37.9417427485665,73,4,4,2
2311,6,ESCUELA PELEQUEN,Municipal DAEM,Urbano,6,61,6109,Malloa,54,38.847398150803,42,5,4,3
2312,4,ESCUELA MUNICIPAL DE PANQUEHUE,Municipal DAEM,Rural,6,61,6109,Malloa,49,36.7582714935279,42,3,2,2
2313,2,ESCUELA MUNICIPAL DE LIMAHUE,Municipal DAEM,Rural,6,61,6109,Malloa,47,40.5559529178529,36,4,3,4
2314,0,ESCUELA MUNICIPAL DE CORCOLEN,Municipal DAEM,Rural,6,61,6109,Malloa,96,33.7188405749475,15,1,0,0
2319,1,LICEO REPUBLICA DE ITALIA,Municipal DAEM,Urbano,6,61,6114,Quinta de Tilcoco,75,42.8601883558145,41,8,10,16
2320,5,VIOLETA FUENTES CARVAJAL,Municipal DAEM,Rural,6,61,6114,Quinta de Tilcoco,36,40.4856760736757,25,3,4,4
2321,3,ESCUELA AMPARO RAYO HORTA,Municipal DAEM,Rural,6,61,6114,Quinta de Tilcoco,26,41.098197495325,14,6,3,3
2324,8,ESCUELA JAIME FELDMAN MILLER,Municipal DAEM,Rural,6,61,6114,Quinta de Tilcoco,35,37.2077950905523,31,3,1,0
2325,6,COLEGIO RAÚL RAMÍREZ MAYOL,Municipal DAEM,Rural,6,61,6114,Quinta de Tilcoco,30,42.1266165475673,20,3,3,4
2326,4,COLEGIO SAGRADO CORAZON DE JESUS,Particular Subvencionado,Urbano,6,61,6114,Quinta de Tilcoco,150,37.9354692810455,123,14,7,6
2329,9,LICEO IGNACIO CARRERA PINTO,Corporación Municipal,Urbano,6,61,6117,San Vicente,178,39.4373762235019,135,12,12,19
2330,2,ESC.CARMEN GALLEGOS DE ROBLE,Corporación Municipal,Urbano,6,61,6117,San Vicente,212,39.4895730168214,164,13,20,15
2331,0,CENTRO EDUC. REQUEGUA,Corporación Municipal,Rural,6,61,6117,San Vicente,96,46.0135864294105,3,2,0,3
2333,7,ESC.GUIDO ASSIS GONZALEZ,Corporación Municipal,Rural,6,61,6117,San Vicente,35,36.5882868511814,30,3,0,2
2334,5,ESCUELA MUNICIPAL RASTROJOS,Corporación Municipal,Rural,6,61,6117,San Vicente,42,40.9195579718983,28,4,5,5
2335,3,ESC. ENRIQUE YANEZ GONZALEZ,Corporación Municipal,Rural,6,61,6117,San Vicente,96,38.0663333901391,12,1,1,1
2336,1,ESCUELA EL LIBERTADOR,Corporación Municipal,Rural,6,61,6117,San Vicente,27,40.3323561249748,19,2,2,4
2338,8,ESC.JUAN BARROS ROLDAN,Corporación Municipal,Rural,6,61,6117,San Vicente,42,40.2682527910849,28,4,7,3
2339,6,ESCUELA MUNICIPAL ZUNIGA,Corporación Municipal,Rural,6,61,6117,San Vicente,101,39.5169711410013,69,9,9,14
2347,7,ESC.PARROCO M.BUSTAMANTE,Corporación Municipal,Rural,6,61,6117,San Vicente,23,44.1059052011244,14,4,1,4
2348,5,ESCUELA MUNICIPAL VINA TAGUA TAGUA,Corporación Municipal,Rural,6,61,6117,San Vicente,39,37.8509156608534,31,3,5,0
2355,8,COLEGIO EL SALVADOR,Particular Subvencionado,Urbano,6,61,6117,San Vicente,173,36.7825325217549,158,11,3,1
2356,6,COLEGIO SANTA INES,Particular Subvencionado,Urbano,6,61,6117,San Vicente,107,33.9176823245244,107,0,0,0
2359,0,ESCUELA LARMAHUE,Municipal DAEM,Rural,6,61,6113,Pichidegua,51,37.6820987957222,43,2,4,2
2360,4,CENTRO EDUCATIVO SIGLO XXI,Municipal DAEM,Rural,6,61,6113,Pichidegua,36,39.231164023992,27,3,3,3
2361,2,ESCUELA ENRIQUE SERRANO DE VIALE RIGO,Municipal DAEM,Urbano,6,61,6113,Pichidegua,79,38.5842508699674,64,4,6,5
2362,0,ESCUELA AMELIA LYNCH DE LYON,Municipal DAEM,Rural,6,61,6113,Pichidegua,42,38.477731356813,34,3,3,2
2363,9,ESCUELA MUNICIPAL DE SAN ROBERTO,Municipal DAEM,Rural,6,61,6113,Pichidegua,61,36.0644584510853,56,2,2,1
2364,7,ESCUELA REINO DE DINAMARCA,Municipal DAEM,Rural,6,61,6113,Pichidegua,43,39.8773813848134,34,4,2,3
2365,5,ESCUELA BASICA PATAGUAS CERRO,Municipal DAEM,Rural,6,61,6113,Pichidegua,64,39.4522344715189,50,6,5,3
2379,5,ESCUELA BASICA ANTONIO DE ZUNIGA,Municipal DAEM,Urbano,6,61,6112,Peumo,64,42.0322081916452,38,4,7,15
2380,9,ESCUELA MUNICIPAL ALCALDE G. BURMESTER,Municipal DAEM,Rural,6,61,6112,Peumo,42,41.1445780856238,25,3,7,7
2381,7,ESCUELA JUAN VALDES ORTUZAR,Municipal DAEM,Rural,6,61,6112,Peumo,40,40.5266559721087,27,3,3,7
2384,1,ESCUELA BASICA ROSARIO DE CODAO,Municipal DAEM,Rural,6,61,6112,Peumo,32,38.1794996006242,25,2,2,3
2386,8,ESCUELA PART. LUIS GARCIA DE LA HUERTA,Particular Subvencionado,Rural,6,61,6112,Peumo,78,37.6790148777061,71,2,1,4
2387,6,ESCUELA MUNICIPAL OSVALDO RUIZ GARCIA,Municipal DAEM,Urbano,6,61,6104,Coltauco,49,41.7185087446071,30,6,5,8
2388,4,ESCUELA MUNIC.SBTE LUIS CRUZ MARTINEZ,Municipal DAEM,Rural,6,61,6104,Coltauco,62,37.074943441012,54,3,1,4
2389,2,COLEGIO NUESTRA SEÑORA DE LORETO,Municipal DAEM,Rural,6,61,6104,Coltauco,65,38.5558716605214,56,4,2,3
2390,6,COLEGIO QUILLAYQUEN RINCONADA DE PARRAL,Municipal DAEM,Rural,6,61,6104,Coltauco,30,39.3778882825139,23,4,1,2
2393,0,ESCUELA MUNICIPAL DE LO DE CUEVAS,Municipal DAEM,Rural,6,61,6104,Coltauco,96,38.9441799509704,13,2,1,1
2395,7,ESCUELA MUNICIPAL DE VINA LA CRUZ,Municipal DAEM,Rural,6,61,6104,Coltauco,43,42.9897183694728,22,5,4,12
2397,3,ESCUELA CAPITAN IGNACIO CARRERA PINTO,Municipal DAEM,Rural,6,61,6104,Coltauco,52,40.0225948736297,41,4,1,6
2398,1,ESCUELA SUBTTE. ARTURO PEREZ CANTO,Municipal DAEM,Rural,6,61,6104,Coltauco,48,41.038251848032,29,6,5,8
2400,7,COLEGIO AMADA SOFIA GARCIA,Particular Subvencionado,Urbano,6,61,6104,Coltauco,81,39.2714985234928,60,10,6,5
2401,5,ESCUELA AGRICOLA SAN VICENTE DE PAUL,Particular Subvencionado,Rural,6,61,6104,Coltauco,65,42.2677259151985,38,6,4,17
2407,4,ESCUELA MUNICIPAL CHILLEHUE,Municipal DAEM,Rural,6,61,6103,Coinco,35,38.8302613008094,27,3,2,3
2409,0,ESCUELA MUNICIPAL COPEQUEN,Municipal DAEM,Rural,6,61,6103,Coinco,47,37.6571201851997,37,4,1,5
2412,0,ESCUELA LAURA MATUS MELENDEZ,Municipal DAEM,Urbano,6,61,6105,Doñihue,181,38.7246141569901,151,13,9,8
2414,7,COLEGIO MUNICIPAL LA ISLA,Municipal DAEM,Rural,6,61,6105,Doñihue,66,39.0462878529625,50,5,4,7
2415,5,ESCUELA LO MIRANDA,Municipal DAEM,Urbano,6,61,6105,Doñihue,67,38.1171356186518,61,4,0,2
2416,3,COLEGIO REPUBLICA DE CHILE,Municipal DAEM,Rural,6,61,6105,Doñihue,57,39.7217800580595,40,7,6,4
2420,1,ESCUELA PLAZUELA,Municipal DAEM,Rural,6,61,6105,Doñihue,49,38.4966533319248,44,2,2,1
2423,6,ESCUELA BASICA ROMILIO ARELLANO TRONCOSO,Municipal DAEM,Urbano,6,61,6107,Las Cabras,143,41.1869066146831,100,12,15,16
2424,4,ESCUELA OSVALDO CORREA FUENZALIDA,Municipal DAEM,Rural,6,61,6107,Las Cabras,49,40.9349166147876,30,4,5,10
2425,2,ESCUELA MUNICIPAL DE LOS AROMOS,Municipal DAEM,Rural,6,61,6107,Las Cabras,49,42.1526937332953,28,3,8,10
2426,0,ESC. CONTRAMAESTRE CONSTANTINO MICALVI,Municipal DAEM,Urbano,6,61,6107,Las Cabras,87,39.2844899048668,65,7,5,10
2427,9,ESCUELA MUNICIPAL MAESTRO JORGE LOPEZ OSORIO,Municipal DAEM,Rural,6,61,6107,Las Cabras,78,39.8236573873925,62,1,5,10
2428,7,ESCUELA REPUBLICA DE GRECIA,Municipal DAEM,Urbano,6,61,6107,Las Cabras,71,39.4240219361077,58,7,4,2
2429,5,COLEGIO INES DE SUAREZ,Municipal DAEM,Rural,6,61,6107,Las Cabras,62,41.8726996218803,40,7,6,9
2432,5,ESCUELA MUNICIPAL VILMA ALIAGA CALDERON,Municipal DAEM,Rural,6,61,6107,Las Cabras,64,38.840997288914,49,7,6,2
2438,4,COLEGIO MARIA LUISA FABRES VERGARA,Municipal DAEM,Rural,6,61,6107,Las Cabras,96,34.8487130102926,4,0,0,0
2453,8,LICEO JOSÉ GREGORIO ARGOMEDO,Particular Subvencionado,Urbano,6,63,6301,San Fernando,143,42.883274393846,72,18,24,29
2454,6,SAN FERNANDO COLLEGE,Particular Subvencionado,Urbano,6,63,6301,San Fernando,213,35.9678663795532,206,3,3,1
2455,4,COLEGIO INMACULADA CONCEPCION,Particular Subvencionado,Urbano,6,63,6301,San Fernando,252,35.5584190376863,239,6,3,4
2456,2,ESCUELA OLEGARIO LAZO BAEZA,Servicio Local de Educación(SLE),Urbano,6,63,6301,San Fernando,120,40.6921984324249,88,8,6,18
2457,0,ESCUELA BASICA ISABEL LA CATOLICA,Servicio Local de Educación(SLE),Urbano,6,63,6301,San Fernando,140,38.1682491753253,124,6,6,4
2458,9,ESCUELA JORGE MUNOZ SILVA,Servicio Local de Educación(SLE),Urbano,6,63,6301,San Fernando,103,40.2137694152593,74,6,10,13
2459,7,COLEGIO GIUSEPPE BERTOLUZZI DE FELIP,Servicio Local de Educación(SLE),Urbano,6,63,6301,San Fernando,29,39.9446703709629,26,1,0,2
2460,0,ESCUELA MARIA LUISA BOUCHON,Servicio Local de Educación(SLE),Urbano,6,63,6301,San Fernando,27,39.0740365428939,24,1,0,2
2461,9,ESCUELA VILLA CENTINELA,Servicio Local de Educación(SLE),Urbano,6,63,6301,San Fernando,126,42.5589244146967,74,8,17,27
2462,7,ESCUELA WASHINGTON OMAR VENEGAS,Servicio Local de Educación(SLE),Urbano,6,63,6301,San Fernando,42,38.5346730438372,32,3,3,4
2464,3,ESCUELA JOSE DE SAN MARTIN,Servicio Local de Educación(SLE),Urbano,6,63,6301,San Fernando,96,38.650567079665,14,2,1,1
2465,1,ESCUELA CONCENTRAC. RURAL SERGIO VERDUGO HERRERA,Servicio Local de Educación(SLE),Rural,6,63,6301,San Fernando,49,39.3579358142507,38,5,4,2
2467,8,ESCUELA BAS.ABEL BOUCHON FAURE,Servicio Local de Educación(SLE),Rural,6,63,6301,San Fernando,26,38.9257146980618,21,3,2,0
2469,4,ESCUELA ABRAHAM LINCOLN DE AGUA BUENA,Servicio Local de Educación(SLE),Rural,6,63,6301,San Fernando,28,35.7255318651858,25,1,2,0
2470,8,ESCUELA BAS.SAN JOSE DE LOS LINGUES,Servicio Local de Educación(SLE),Rural,6,63,6301,San Fernando,26,39.4837427829624,21,1,0,4
2471,6,ESCUELA BERNARDO MORENO FREDES,Servicio Local de Educación(SLE),Rural,6,63,6301,San Fernando,32,38.7385947218007,25,3,2,2
2472,4,ESCUELA BASICA ANTONIO LARA MEDINA,Servicio Local de Educación(SLE),Rural,6,63,6301,San Fernando,49,37.1002839040328,45,2,0,2
2476,7,ESCUELA BASICA GASPAR MARIN,Servicio Local de Educación(SLE),Rural,6,63,6301,San Fernando,96,42.2598160927837,9,3,3,1
2487,2,ESCUELA BAS.FERNANDO ARENAS ALMARZA,Servicio Local de Educación(SLE),Urbano,6,63,6303,Chimbarongo,88,42.8654559308866,52,6,12,18
2488,0,ESCUELA MUNICIPAL E-456,Servicio Local de Educación(SLE),Urbano,6,63,6303,Chimbarongo,44,41.6269219291337,28,5,2,9
2489,9,ESCUELA BAS. VILLA CONVENTO VIEJO,Servicio Local de Educación(SLE),Rural,6,63,6303,Chimbarongo,54,38.6956476073206,45,3,1,5
2490,2,ESCUELA MUNICIPAL TINGUIRIRICA ALTO F-411,Servicio Local de Educación(SLE),Rural,6,63,6303,Chimbarongo,31,37.4487158165532,28,0,1,2
2491,0,ESCUELA MUNICIPAL LAS QUEZADAS F-413,Servicio Local de Educación(SLE),Rural,6,63,6303,Chimbarongo,96,36.3914230524622,19,0,0,0
2492,9,ESCUELA MUNICIPAL F415 LO GONZALEZ,Servicio Local de Educación(SLE),Rural,6,63,6303,Chimbarongo,34,36.6482760145228,33,0,0,1
2493,7,ESCUELA BAS. JOSE MIGUEL CARRERA VERDUGO,Servicio Local de Educación(SLE),Rural,6,63,6303,Chimbarongo,39,36.78289707849,34,2,2,1
2494,5,ESCUELA MUNICIPAL F449 PEOR ES NADA,Servicio Local de Educación(SLE),Rural,6,63,6303,Chimbarongo,27,37.1066649465178,25,1,0,1
2495,3,ESCUELA MUNICIPAL F451 CODEGUA,Servicio Local de Educación(SLE),Rural,6,63,6303,Chimbarongo,44,40.067807159311,31,2,4,7
2496,1,ESCUELA MUNICIPAL F452 SANTA VALENTINA,Servicio Local de Educación(SLE),Rural,6,63,6303,Chimbarongo,96,40.5032981298377,7,2,1,1
2498,8,ESCUELA MUNICIPAL EL ROMERAL F-455,Servicio Local de Educación(SLE),Rural,6,63,6303,Chimbarongo,30,41.6684157954324,18,3,5,4
2500,3,ESCUELA MUNICIPAL G414 BARRIO ESTACION,Servicio Local de Educación(SLE),Rural,6,63,6303,Chimbarongo,96,36.3269578341544,16,1,0,0
2505,4,ESCUELA MUNICIPAL G448 HUEMUL,Servicio Local de Educación(SLE),Rural,6,63,6303,Chimbarongo,29,39.6532140080608,21,3,2,3
2506,2,ESCUELA MUNICIPAL G453 SAN JOSE DE LO TORO,Servicio Local de Educación(SLE),Rural,6,63,6303,Chimbarongo,96,35.535804714873,7,1,0,0
2508,9,ESCUELA SANTA EUGENIA,Servicio Local de Educación(SLE),Rural,6,63,6303,Chimbarongo,34,36.290487745621,31,1,1,1
2509,7,ESCUELA MUNICIPAL SANTA ISABEL G-503,Servicio Local de Educación(SLE),Rural,6,63,6303,Chimbarongo,96,38.7637091961685,6,0,2,0
2513,5,ESCUELA MUNICIPAL LAS MERCEDES G-507,Servicio Local de Educación(SLE),Rural,6,63,6303,Chimbarongo,29,38.0555510354565,26,1,2,0
2514,3,ESCUELA AGRICOLA LAS GARZAS,Particular Subvencionado,Rural,6,63,6303,Chimbarongo,62,43.7068548637674,31,9,10,12
2517,8,ESCUELA PARTICULAR MELECIA TOCORNAL,Particular Subvencionado,Rural,6,63,6303,Chimbarongo,51,40.2792516241731,35,8,4,4
2518,6,LICEO SAN FRANCISCO,Servicio Local de Educación(SLE),Urbano,6,63,6308,Placilla,44,43.4718204616073,21,4,5,14
2519,4,ESCUELA BASICA RAUL CACERES PACHECO,Servicio Local de Educación(SLE),Rural,6,63,6308,Placilla,34,41.6395994970029,18,5,3,8
2520,8,ESCUELA MUNICIPAL LA DEHESA,Servicio Local de Educación(SLE),Rural,6,63,6308,Placilla,40,38.3773396085337,31,4,2,3
2521,6,ESCUELA MUNICIPAL LA TUNA,Servicio Local de Educación(SLE),Rural,6,63,6308,Placilla,35,39.7505228456868,28,3,1,3
2523,2,ESCUELA EL AMANECER,Servicio Local de Educación(SLE),Rural,6,63,6308,Placilla,27,34.9772529659739,26,0,1,0
2524,0,ESCUELA DANY GERMAN GONZALEZ SOTO,Servicio Local de Educación(SLE),Rural,6,63,6308,Placilla,30,38.9250312089175,22,3,2,3
2525,9,COLEGIO BASICO CONSOLIDADO,Servicio Local de Educación(SLE),Urbano,6,63,6305,Nancagua,72,43.5421459902151,44,3,5,20
2526,7,ESCUELA BAS. IGNACIO CARRERA PINTO,Servicio Local de Educación(SLE),Rural,6,63,6305,Nancagua,96,37.877343106443,6,0,0,0
2527,5,ESCUELA BÁSICA PUQUILLAY,Servicio Local de Educación(SLE),Rural,6,63,6305,Nancagua,49,38.9466523638523,41,5,2,1
2528,3,ESCUELA BAS. ADRIANA LYON VIAL,Servicio Local de Educación(SLE),Rural,6,63,6305,Nancagua,74,39.9609642377631,55,7,5,7
2531,3,COLEGIO PARTICULAR EL PRINCIPITO,Particular Subvencionado,Urbano,6,63,6305,Nancagua,161,37.1521319401526,148,6,4,3
2532,1,COLEGIO LIBERTADOR O´HIGGINS DE CHEPICA,Municipal DAEM,Urbano,6,63,6302,Chépica,189,38.5481919481788,149,15,12,13
2537,2,ESCUELA LUIS ATHAS,Municipal DAEM,Rural,6,63,6302,Chépica,20,37.6676674403907,20,0,0,0
2538,0,ESCUELA LINDORFO MONTERO FUENZALIDA,Municipal DAEM,Rural,6,63,6302,Chépica,33,35.1346729690789,33,0,0,0
2539,9,ESCUELA LUIS ARTURO ZUNIGA FUENTES,Municipal DAEM,Rural,6,63,6302,Chépica,30,34.855628972694,27,2,1,0
2542,9,ESCUELA LUZ MARIA CRESPO URETA DE KERESTEGIAN,Municipal DAEM,Rural,6,63,6302,Chépica,35,36.7757745002805,31,4,0,0
2553,4,ESCUELA LUIS OYARZUN PEÑA,Municipal DAEM,Urbano,6,63,6310,Santa Cruz,205,40.4066920644501,145,25,15,20
2555,0,ESCUELA MARIA ARAYA VALDES,Municipal DAEM,Urbano,6,63,6310,Santa Cruz,48,42.8964474084101,29,5,4,10
2556,9,ESCUELA MUNICIPAL DE PANIAHUE,Municipal DAEM,Urbano,6,63,6310,Santa Cruz,38,38.416797148594,30,5,1,2
2557,7,ESCUELA GRANJA ADEODATO GARCIA VALENZUELA,Municipal DAEM,Rural,6,63,6310,Santa Cruz,35,37.7312618186968,30,4,0,1
2558,5,ESCUELA LA FINCA,Municipal DAEM,Rural,6,63,6310,Santa Cruz,96,42.6828801704923,5,0,1,1
2559,3,ESCUELA MUNICIPAL DE BARREALES,Municipal DAEM,Rural,6,63,6310,Santa Cruz,64,36.5111483883108,60,1,2,1
2560,7,ESC. MUNICIPAL LA LAJUELA,Municipal DAEM,Rural,6,63,6310,Santa Cruz,96,41.6160869674822,5,0,1,1
2561,5,ESCUELA MUNICIPAL DE QUINAHUE,Municipal DAEM,Rural,6,63,6310,Santa Cruz,24,35.0932077037662,22,2,0,0
2562,3,ESCUELA MUNICIPAL DE ISLA DE YAQUIL,Municipal DAEM,Rural,6,63,6310,Santa Cruz,49,36.6031293796516,48,0,0,1
2563,1,ESCUELA MUNICIPAL DE LA PATAGUA,Municipal DAEM,Rural,6,63,6310,Santa Cruz,20,37.5888244234342,18,2,0,0
2565,8,ESCUELA MUNICIPAL DE MILLAHUE DE APALTA,Municipal DAEM,Rural,6,63,6310,Santa Cruz,96,45.305908047211,7,4,1,6
2566,6,ESCUELA MUNICIPAL DE CUNACO,Servicio Local de Educación(SLE),Rural,6,63,6305,Nancagua,55,37.8210705053882,45,3,3,4
2570,4,ESCUELA MUNICIPAL DE LOS MAITENES,Municipal DAEM,Rural,6,63,6310,Santa Cruz,23,35.1732973626153,18,3,2,0
2576,3,ESCUELA MUNICIPAL DE GUINDO ALTO,Municipal DAEM,Rural,6,63,6310,Santa Cruz,96,40.1168881579485,13,2,2,2
2577,1,ESCUELA ANGEL ARRIGORRIAGA,Municipal DAEM,Rural,6,63,6310,Santa Cruz,96,38.3649474476697,13,0,1,1
2579,8,INSTITUTO REGIONAL FEDERICO ERRAZURIZ,Particular Subvencionado,Urbano,6,63,6310,Santa Cruz,250,40.3451854574894,164,30,26,30
2580,1,LICEO MARIA AUXILIADORA,Particular Subvencionado,Urbano,6,63,6310,Santa Cruz,176,36.3224590518961,166,6,4,0
2584,4,ESCUELA OCTAVIO MUJICA VALENZUELA,Municipal DAEM,Rural,6,63,6304,Lolol,67,38.7416441527197,51,6,6,4
2599,2,ESCUELA MUNICIPAL DE PUMANQUE,Municipal DAEM,Urbano,6,63,6309,Pumanque,48,36.8383433920857,41,3,1,3
2601,8,ESCUELA MUNICIPAL DE NILAHUE CORNEJO,Municipal DAEM,Rural,6,63,6309,Pumanque,38,38.25971043541,31,1,4,2
2611,5,ESCUELA MARGOT LOYOLA PALACIOS,Municipal DAEM,Urbano,6,63,6306,Palmilla,62,39.1715811858215,50,6,4,2
2612,3,LICEO SAN JOSE DEL CARMEN,Municipal DAEM,Rural,6,63,6306,Palmilla,79,39.3662476036875,57,7,4,11
2613,1,ESCUELA MUNICIPAL SANTA MATILDE,Municipal DAEM,Rural,6,63,6306,Palmilla,30,35.4836981200607,29,1,0,0
2615,8,ESCUELA JORGE ERRAZURIZ ECHEÑIQUE,Municipal DAEM,Rural,6,63,6306,Palmilla,47,37.2056494432,43,1,1,2
2626,3,COLEGIO MANUEL RODRIGUEZ ERDOIZA,Municipal DAEM,Urbano,6,63,6307,Peralillo,77,34.5224687043013,74,2,0,1
2627,1,ESCUELA GUSTAVO RIVERA BUSTOS,Municipal DAEM,Rural,6,63,6307,Peralillo,45,36.6613257121176,42,2,0,1
2636,0,ESCUELA PUEBLO DE VIUDAS,Municipal DAEM,Rural,6,62,6201,Pichilemu,45,38.1208977320118,34,2,6,3
2637,9,ESCUELA MUNICIPAL VILLA SAN PEDRO,Municipal DAEM,Rural,6,62,6206,Paredones,96,35.3353460867428,4,1,0,0
2650,6,ESCUELA CAHUIL,Municipal DAEM,Rural,6,62,6201,Pichilemu,43,37.7113742416719,38,2,0,3
2652,2,ESCUELA CIRUELOS,Municipal DAEM,Rural,6,62,6201,Pichilemu,23,30.8688450952883,23,0,0,0
2654,9,COLEGIO LIBERTADORES,Municipal DAEM,Rural,6,62,6201,Pichilemu,57,35.8444714047512,56,0,1,0
2656,5,COLEGIO DE LA PRECIOSA SANGRE,Particular Subvencionado,Urbano,6,62,6201,Pichilemu,81,34.4630865250823,79,0,2,0
2657,3,LICEO MUNICIPAL PABLO NERUDA,Municipal DAEM,Urbano,6,62,6205,Navidad,86,36.5538081782689,79,2,2,3
2660,3,ESCUELA FRANCISCO CHAVEZ CIFUENTES,Municipal DAEM,Urbano,6,62,6205,Navidad,57,37.2199172214954,49,4,3,1
2664,6,ESCUELA BASICA CONFEDERACION HELVETICA,Municipal DAEM,Rural,6,62,6205,Navidad,55,39.3567005328053,43,6,1,5
2682,4,ESCUELA MUNICIPAL QUELENTARO,Municipal DAEM,Rural,6,62,6203,Litueche,56,38.1128215677246,47,5,3,1
2686,7,ESCUELA MUNICIPAL PULIN,Municipal DAEM,Rural,6,62,6203,Litueche,30,36.1317733644205,26,2,2,0
2694,8,ESCUELA PROF. MONICA SILVA GOMEZ,Municipal DAEM,Urbano,6,62,6202,La Estrella,89,37.1315560752429,74,6,7,2
2707,3,ESCUELA MUNICIPAL NOBELES DE CHILE,Municipal DAEM,Rural,6,62,6204,Marchihue,58,36.6801423960248,55,1,2,0
2708,1,ESCUELA MUNICIPAL PAILIMO,Municipal DAEM,Rural,6,62,6204,Marchihue,32,40.2328329362275,22,3,3,4
2714,6,ESCUELA UNION DE MUJERES AMERICANAS,Municipal DAEM,Urbano,6,62,6206,Paredones,34,35.964538394471,32,1,0,1
2715,4,ESC.BASICA MERCEDES URZUA DIAZ,Municipal DAEM,Urbano,6,62,6206,Paredones,102,37.3257163345584,84,4,7,7
2716,2,ESCUELA MUNICIPAL SAN PEDRO DE ALCANTARA,Municipal DAEM,Rural,6,62,6206,Paredones,96,35.3514456348632,14,0,1,0
2717,0,ESCUELA MUNICIPAL ALBERTINA VALENZUELA,Municipal DAEM,Rural,6,62,6206,Paredones,96,34.9421651495606,12,0,0,0
2733,2,COLEGIO DEPORTIVO LUIS CRUZ MARTINEZ,Municipal DAEM,Urbano,7,73,7301,Curicó,60,40.0490555208752,49,2,2,7
2734,0,COLEGIO ALESSANDRI,Municipal DAEM,Urbano,7,73,7301,Curicó,121,38.4279510522988,107,6,3,5
2735,9,ESCUELA PRESIDENTE J.M.BALMACEDA,Municipal DAEM,Urbano,7,73,7301,Curicó,35,41.7195311299744,27,2,1,5
2736,7,ESCUELA PALESTINA,Municipal DAEM,Urbano,7,73,7301,Curicó,160,36.9568021593307,139,5,9,7
2737,5,COLEGIO POLIVALENTE JAPÓN,Municipal DAEM,Urbano,7,73,7301,Curicó,41,42.6664287067377,25,2,1,13
2738,3,ESCUELA REPUBLICA DE BRASIL,Municipal DAEM,Urbano,7,73,7301,Curicó,51,38.5244068970555,46,1,3,1
2740,5,ESCUELA GRECIA,Municipal DAEM,Urbano,7,73,7301,Curicó,57,38.8390824349863,44,4,7,2
2741,3,ESCUELA ERNESTO CASTRO ARELLANO,Municipal DAEM,Urbano,7,73,7301,Curicó,39,38.3607958938964,35,1,0,3
2742,1,COLEGIO URUGUAY,Municipal DAEM,Urbano,7,73,7301,Curicó,108,38.2011800963106,86,7,6,9
2744,8,ESCUELA ESPANA,Municipal DAEM,Urbano,7,73,7301,Curicó,229,38.3220206063172,185,13,14,17
2745,6,ESCUELA CATALUNA,Municipal DAEM,Urbano,7,73,7301,Curicó,79,41.2805324399623,47,9,9,14
2747,2,COLEGIO DE ARTE Y CULTURA SAN ANTONIO,Municipal DAEM,Urbano,7,73,7301,Curicó,32,35.9430991128858,31,0,0,1
2748,0,ESCUELA REPUBLICA ARGENTINA,Municipal DAEM,Urbano,7,73,7301,Curicó,38,41.0149570314381,28,3,2,5
2749,9,COLEGIO LOS CONQUISTADORES,Municipal DAEM,Urbano,7,73,7301,Curicó,38,44.518324603461,26,2,2,8
2750,2,ESCUELA MARIA INES RODRIGUEZ,Municipal DAEM,Urbano,7,73,7301,Curicó,29,42.5658783901961,19,2,1,7
2753,7,ESCUELA REPUBLICA ESTADOS UNIDOS,Municipal DAEM,Rural,7,73,7301,Curicó,106,37.2060294782929,91,5,4,6
2754,5,CENTRO EDUCATIVO POTRERO GRANDE,Municipal DAEM,Rural,7,73,7301,Curicó,96,39.5547105887605,14,0,1,0
2755,3,ESCUELA MARIA OLGA FIGUEROA LEYTON,Municipal DAEM,Rural,7,73,7301,Curicó,54,41.4450430558639,34,8,4,8
2756,1,ESCUELA DIEGO PORTALES P.,Municipal DAEM,Rural,7,73,7301,Curicó,59,39.4919135844905,46,5,1,7
2758,8,COLEGIO MULTICULTURAL RAYEN MAPU,Municipal DAEM,Rural,7,73,7301,Curicó,26,36.7666576858854,22,0,3,1
2761,8,ESCUELA LA OBRA,Municipal DAEM,Rural,7,73,7301,Curicó,46,36.0829487147423,43,1,0,2
2762,6,ESCUELA EL PORVENIR,Municipal DAEM,Rural,7,73,7301,Curicó,96,37.0074628644719,12,0,0,0
2763,4,ESCUELA REPUBLICA DE ITALIA,Municipal DAEM,Rural,7,73,7301,Curicó,40,41.8394654031179,21,5,7,7
2764,2,ESCUELA ISLA DE MARCHANT,Municipal DAEM,Rural,7,73,7301,Curicó,31,36.7687140023278,27,3,1,0
2776,6,ESCUELA EL MAITEN,Municipal DAEM,Rural,7,73,7301,Curicó,20,40.2885927423949,16,2,0,2
2780,4,ESCUELA HOLANDA,Municipal DAEM,Rural,7,73,7301,Curicó,30,39.0776986077973,25,0,2,3
2782,0,COLEGIO SAN RAMON NONATO,Particular Subvencionado,Urbano,7,73,7301,Curicó,243,38.1819788415889,191,21,18,13
2785,5,C.EDUC.MONS.MANUEL LARRAIN ERRAZURIZ.,Particular Subvencionado,Urbano,7,73,7301,Curicó,142,34.8559681358675,134,4,3,1
2787,1,COLEGIO SANTO TOMAS DE CURICO,Particular Subvencionado,Urbano,7,73,7301,Curicó,156,35.5093530950144,143,7,6,0
2795,2,ESCUELA TENO,Municipal DAEM,Urbano,7,73,7308,Teno,85,40.5045468840057,57,9,9,10
2796,0,ESCUELA COMALLE,Municipal DAEM,Rural,7,73,7308,Teno,57,37.0766558906009,52,1,2,2
2799,5,ESCUELA LA PURISIMA,Particular Subvencionado,Rural,7,73,7308,Teno,27,41.7654378540314,18,2,1,6
2800,2,ESCUELA MORZA,Municipal DAEM,Rural,7,73,7308,Teno,26,40.9015204617556,17,2,1,6
2801,0,ESCUELA MONTERILLA,Municipal DAEM,Rural,7,73,7308,Teno,40,36.4078244200101,38,0,0,2
2802,9,ESCUELA SUSANA MONTES VELASCO,Municipal DAEM,Rural,7,73,7308,Teno,41,35.781594990427,40,1,0,0
2803,7,ESCUELA LAS ARBOLEDAS,Municipal DAEM,Rural,7,73,7308,Teno,58,38.2629109973093,48,5,4,1
2804,5,ESC. MANUEL RODRIGUEZ ERDOIZA,Municipal DAEM,Rural,7,73,7308,Teno,33,37.5285987344104,31,2,0,0
2805,3,ESCUELA ALBORADA VENTANA DEL BAJO,Municipal DAEM,Rural,7,73,7308,Teno,24,36.3030845016768,23,0,0,1
2806,1,ESCUELA HUEMUL,Municipal DAEM,Rural,7,73,7308,Teno,96,41.471224800881,10,0,0,3
2814,2,ESCUELA SAN RAFAEL,Municipal DAEM,Rural,7,73,7308,Teno,26,38.6412114886645,22,2,2,0
2817,7,ESCUELA SAN CRISTOBAL,Municipal DAEM,Rural,7,73,7308,Teno,81,37.3651779634846,73,6,1,1
2820,7,ESCUELA LOS ALISOS,Municipal DAEM,Rural,7,73,7308,Teno,22,34.3108218809776,22,0,0,0
2822,3,ESCUELA ARTURO ALESSANDRI PALMA,Municipal DAEM,Urbano,7,73,7306,Romeral,68,39.3225993434285,51,7,4,6
2823,1,ESCUELA RAMON FREIRE,Municipal DAEM,Urbano,7,73,7306,Romeral,69,36.1973986475574,62,4,3,0
2825,8,ESCUELA AMERICA LATINA,Municipal DAEM,Rural,7,73,7306,Romeral,38,38.1747117338135,32,1,1,4
2826,6,ESCUELA TRES ESQUINAS,Municipal DAEM,Rural,7,73,7306,Romeral,52,38.5793333829197,44,1,4,3
2827,4,ESCUELA GUAICO CENTRO,Municipal DAEM,Rural,7,73,7306,Romeral,24,37.2935839558557,20,0,2,2
2829,0,ESCUELA BASICA LUIS ESCOBAR LARA,Municipal DAEM,Rural,7,73,7306,Romeral,96,38.2884156763082,9,1,0,1
2830,4,ESCUELA CARLOS LAZCANO ALFONSO,Municipal DAEM,Rural,7,73,7306,Romeral,96,36.8878706760263,18,0,0,1
2831,2,ESCUELA GERARDO RODRIGUEZ ORTUZAR,Municipal DAEM,Rural,7,73,7306,Romeral,96,38.1432965466411,9,1,0,2
2832,0,ESCUELA BASICA GISLLEN E. BERNUCCI GIUSTACORI,Municipal DAEM,Rural,7,73,7306,Romeral,96,35.9626077326715,14,0,0,0
2839,8,ESCUELA PRESIDENTE EDUARDO FREI MONTALVA,Municipal DAEM,Urbano,7,73,7304,Molina,115,41.7232985728477,73,15,8,19
2840,1,ESCUELA SUPERIOR DE MOLINA,Municipal DAEM,Urbano,7,73,7304,Molina,65,42.406854314852,45,4,7,9
2842,8,LUIS MALDONADO BOGGIANO,Municipal DAEM,Rural,7,73,7304,Molina,38,39.6878808406539,29,2,5,2
2843,6,ESCUELA EL PROGRESO,Municipal DAEM,Rural,7,73,7304,Molina,43,40.441802932908,31,3,3,6
2844,4,ESC.INTERN.LAS PALMAS TRES ESQUINAS,Municipal DAEM,Rural,7,73,7304,Molina,29,40.0836590555948,24,1,2,2
2845,2,ESCUELA SAN PEDRO DE MOLINA,Municipal DAEM,Urbano,7,73,7304,Molina,65,38.0518553503858,54,3,4,4
2847,9,ESCUELA CASA BLANCA,Municipal DAEM,Rural,7,73,7304,Molina,82,39.5232878130842,65,2,7,8
2848,7,ESCUELA QUECHEREGUAS DE PICHINGAL,Municipal DAEM,Rural,7,73,7304,Molina,30,41.1943607498434,18,1,4,7
2859,2,ESCUELA BAJO LOS ROMEROS,Municipal DAEM,Rural,7,73,7304,Molina,91,38.9883708696744,77,3,4,7
2862,2,ESCUELA PARTICULAR NTRA.SRA.DEL TRANSITO,Particular Subvencionado,Urbano,7,73,7304,Molina,137,38.5540282178991,112,11,10,4
2863,0,COLEGIO ADVENTISTA DE MOLINA,Particular Subvencionado,Urbano,7,73,7304,Molina,122,36.6891059780189,109,5,3,5
2866,5,ESCUELA VILLA PRAT,Municipal DAEM,Urbano,7,73,7307,Sagrada Familia,48,38.3147827789526,37,0,6,5
2867,3,ESC.DE EDUC.GRAL. BASICA MONSENOR ENRIQUE COR,Municipal DAEM,Urbano,7,73,7307,Sagrada Familia,89,37.7693763103488,72,6,7,4
2868,1,ESCUELA SANTA ROSA,Municipal DAEM,Rural,7,73,7307,Sagrada Familia,30,37.0108540113004,25,2,1,2
2870,3,ESCUELA LA ISLA,Municipal DAEM,Rural,7,73,7307,Sagrada Familia,59,37.7328141147006,48,4,5,2
2871,1,ESCUELA LO VALDIVIA,Municipal DAEM,Rural,7,73,7307,Sagrada Familia,86,37.2263808390497,74,6,4,2
2873,8,ESCUELA JOSE CANEPA VACCAREZZA,Municipal DAEM,Rural,7,73,7307,Sagrada Familia,37,37.5783584010097,33,0,1,3
2875,4,ESCUELA SANTA EMILIA,Municipal DAEM,Rural,7,73,7307,Sagrada Familia,23,36.9984670439782,22,0,1,0
2876,2,ESCUELA EUGENIO TAGLE VALDES,Municipal DAEM,Rural,7,73,7307,Sagrada Familia,28,36.0310118095999,24,3,0,1
2877,0,ESCUELA LA HIGUERILLA,Municipal DAEM,Rural,7,73,7307,Sagrada Familia,96,34.4395889502586,8,0,0,1
2883,5,ESCUELA LA HUERTA DE MATAQUITO,Municipal DAEM,Urbano,7,73,7302,Hualañé,28,39.3778299447806,19,2,5,2
2884,3,ESCUELA CARLOS CORREA NUNEZ,Municipal DAEM,Rural,7,73,7302,Hualañé,41,34.5762605763055,39,0,1,1
2892,4,ESCUELA DE BARBA RUBIA,Municipal DAEM,Rural,7,73,7302,Hualañé,96,37.9517491452584,8,0,0,1
2894,0,ESCUELA AMELIA VIAL DE CONCHA,Municipal DAEM,Rural,7,73,7302,Hualañé,60,34.6918746916442,59,0,0,1
2895,9,ESCUELA PARTICULAR LOS COIPOS,Particular Subvencionado,Rural,7,73,7302,Hualañé,96,39.2705256270354,3,0,0,0
2896,7,LICEO BICENTENARIO AUGUSTO SANTELICES VALENZUELA,Municipal DAEM,Urbano,7,73,7303,Licantén,85,37.1524840679585,66,7,9,3
2903,3,COLEGIO DR. MANUEL AVILES INOSTROZA,Municipal DAEM,Rural,7,73,7303,Licantén,40,35.3989558840024,40,0,0,0
2907,6,ESCUELA PLAYA LINDA DE LIPIMAVIDA,Municipal DAEM,Rural,7,73,7309,Vichuquén,96,34.8364192003255,1,0,0,0
2908,4,LICEO TECNICO PROFESIONAL ALEJANDRO ROJAS SIERRA,Municipal DAEM,Rural,7,73,7303,Licantén,96,42.47437919345,10,2,1,6
2909,2,LICEO NUEVO HORIZONTE,Municipal DAEM,Urbano,7,73,7309,Vichuquén,32,38.0671895361306,29,1,1,1
2910,6,LICEO BICENTENARIO DE EXCELENCIA ENTRE AGUAS DE LLICO,Municipal DAEM,Rural,7,73,7309,Vichuquén,32,35.0048020917192,30,2,0,0
2911,4,ESCUELA LAGO VICHUQUEN,Municipal DAEM,Rural,7,73,7309,Vichuquén,22,31.6271876212828,22,0,0,0
2914,9,ESCUELA EMA CORNEJO DE CARDOEN,Municipal DAEM,Rural,7,73,7309,Vichuquén,96,35.6510021941113,12,2,0,0
2917,3,ESCUELA RAUCO,Municipal DAEM,Urbano,7,73,7305,Rauco,67,37.2148987735034,60,1,1,5
2918,1,ESCUELA LOS ALMENDROS,Municipal DAEM,Rural,7,73,7305,Rauco,20,37.2364056846562,20,0,0,0
2920,3,ESCUELA LUIS LEYTON RUBIO,Municipal DAEM,Rural,7,73,7305,Rauco,52,36.3175157915926,50,1,1,0
2927,0,ESCUELA EL PLUMERO,Municipal DAEM,Rural,7,73,7305,Rauco,40,36.6394765650411,35,4,1,0
2930,0,LICEO DE CULTURA Y DIFUSION ARTISTICA,Municipal DAEM,Urbano,7,71,7101,Talca,123,37.776699492883,103,10,3,7
2935,1,LICEO MARTA DONOSO ESPEJO,Municipal DAEM,Urbano,7,71,7101,Talca,164,41.7273263746916,98,14,18,34
2940,8,LICEO CARLOS CONDELL,Municipal DAEM,Urbano,7,71,7101,Talca,36,43.0952305393053,25,1,2,8
2941,6,ESCUELA HERMANO GUIDO GOOSSENS,Municipal DAEM,Urbano,7,71,7101,Talca,43,41.0633395163767,26,6,7,4
2942,4,ESCUELA JUAN LUIS SANFUENTES,Municipal DAEM,Urbano,7,71,7101,Talca,211,39.0997082433391,169,16,10,16
2944,0,ESCUELA JOSE M. BALMACEDA Y FERNANDEZ,Municipal DAEM,Urbano,7,71,7101,Talca,83,37.6269223517234,73,4,4,2
2945,9,ESCUELA PROSPERIDAD,Municipal DAEM,Urbano,7,71,7101,Talca,72,38.7409724118357,60,3,4,5
2946,7,ESCUELA CARLOS SPANO,Municipal DAEM,Urbano,7,71,7101,Talca,77,40.8034489785833,60,3,2,12
2947,5,ESCUELA LAS ARAUCARIAS,Municipal DAEM,Urbano,7,71,7101,Talca,96,51.1627648280912,10,2,0,7
2948,3,ESCUELA CARLOS SALINAS LAGOS,Municipal DAEM,Urbano,7,71,7101,Talca,170,36.825449547363,153,8,7,2
2949,1,ESCUELA BASICA,Municipal DAEM,Urbano,7,71,7101,Talca,196,35.1402453572021,176,7,9,4
2950,5,ESCUELA EL EDEN,Municipal DAEM,Urbano,7,71,7101,Talca,62,40.6647438286532,48,3,5,6
2951,3,ESCUELA LA FLORIDA,Municipal DAEM,Urbano,7,71,7101,Talca,33,37.8573019929765,31,1,1,0
2952,1,ESCUELA VILLA LA PAZ,Municipal DAEM,Urbano,7,71,7101,Talca,22,42.5881785541186,14,0,2,6
2955,6,ESCUELA FELIPE CUBILLOS BRILLA EL SOL,Municipal DAEM,Urbano,7,71,7101,Talca,29,44.4779329486338,11,3,4,11
2956,4,ESCUELA AURORA DE CHILE,Municipal DAEM,Urbano,7,71,7101,Talca,131,37.3061521628483,118,5,5,3
2957,2,ESCUELA UNO SAN AGUSTIN,Municipal DAEM,Urbano,7,71,7101,Talca,89,40.5315357997684,67,8,4,10
2958,0,ESCUELA JOSE ABELARDO NUNEZ,Municipal DAEM,Urbano,7,71,7101,Talca,88,40.3968924515103,65,9,4,10
2959,9,LORENZO VAROLI GHERARDI,Municipal DAEM,Urbano,7,71,7101,Talca,60,39.5848574706774,48,4,3,5
2964,5,ESCUELA LAS AMERICAS,Municipal DAEM,Urbano,7,71,7101,Talca,145,40.6105943665972,96,19,16,14
2965,3,ESCUELA COOPERATIVA LIRCAY MANUEL YAÑEZ OLAVE,Municipal DAEM,Urbano,7,71,7101,Talca,71,40.1069619490422,54,6,3,8
2966,1,ESCUELA COSTANERA,Municipal DAEM,Urbano,7,71,7101,Talca,31,42.1159551179935,22,1,1,7
2968,8,ESCUELA ANTUPEHUEN,Municipal DAEM,Urbano,7,71,7101,Talca,32,40.2830119740503,22,5,2,3
2972,6,ESCUELA ESPERANZA,Municipal DAEM,Urbano,7,71,7101,Talca,80,41.1729943200654,48,10,8,14
2973,4,LICEO ABATE MOLINA,Municipal DAEM,Urbano,7,71,7101,Talca,318,36.9103651203311,277,14,13,14
2975,0,ESCUELA HUILQUILEMU,Municipal DAEM,Rural,7,71,7101,Talca,40,40.2787238896916,31,4,0,5
2977,7,ESCUELA VINA PURISIMA,Municipal DAEM,Rural,7,71,7101,Talca,43,35.0434446471848,42,0,0,1
2978,5,ESCUELA SAN MIGUEL,Municipal DAEM,Urbano,7,71,7101,Talca,60,39.8824631671556,46,5,4,5
2979,3,LICEO TECNICO-PROFESIONAL EL SAUCE,Municipal DAEM,Rural,7,71,7101,Talca,58,40.3004185700385,39,7,4,8
2980,7,ESCUELA SANTA MARTA,Municipal DAEM,Rural,7,71,7101,Talca,96,43.4143589799563,6,4,2,4
2981,5,ESCUELA PANGUILEMO,Municipal DAEM,Urbano,7,71,7101,Talca,42,35.2854205996168,41,0,1,0
2983,1,ESCUELA BASICA PUERTAS NEGRAS,Municipal DAEM,Urbano,7,71,7101,Talca,20,38.1372673477213,17,2,0,1
2986,6,ESCUELA EL ORIENTE,Municipal DAEM,Rural,7,71,7101,Talca,29,38.4663065785625,21,4,1,3
2990,4,ESCUELA PARTICULAR AMOR DE DIOS,Particular Subvencionado,Urbano,7,71,7101,Talca,146,37.0127838612572,136,7,1,2
2991,2,COLEGIO MONSENOR MANUEL LARRAIN,Particular Subvencionado,Urbano,7,71,7101,Talca,146,35.9606000337941,139,5,2,0
2992,0,COLEGIO INTEGRADO SAN PIO X SECTOR PTE.,Particular Subvencionado,Urbano,7,71,7101,Talca,211,35.1769303316236,203,5,1,2
2993,9,COLEGIO MARIA RAQUEL,Particular Subvencionado,Urbano,7,71,7101,Talca,46,41.5095971831905,27,3,7,9
2995,5,INSTITUTO ANDRES BELLO,Particular Subvencionado,Urbano,7,71,7101,Talca,268,35.5834322647501,257,8,1,2
2997,1,COLEGIO DARIO SALAS,Particular Subvencionado,Urbano,7,71,7101,Talca,258,41.6981454822449,154,27,23,54
2999,8,COLEGIO CAMILO HENRIQUEZ,Particular Subvencionado,Urbano,7,71,7101,Talca,66,39.2496437179671,49,3,9,5
3005,8,LICEO SANTA TERESITA,Particular Subvencionado,Urbano,7,71,7101,Talca,177,40.7864540618641,118,11,16,32
3006,6,CENTRO EDUCATIVO SALESIANOS TALCA,Particular Subvencionado,Urbano,7,71,7101,Talca,181,39.0699545629579,136,10,15,20
3008,2,COLEGIO ARTISTICO DEL MAULE,Particular Subvencionado,Urbano,7,71,7101,Talca,30,37.3215138331446,26,2,0,2
3010,4,COLEGIO SAN FRANCISCO DE ASIS,Particular Subvencionado,Urbano,7,71,7101,Talca,49,39.8197980236213,37,2,3,7
3013,9,COLEGIO JUAN IGNACIO MOLINA,Particular Subvencionado,Urbano,7,71,7101,Talca,202,38.2846978593832,166,12,8,16
3016,3,LICEO DE PELARCO,Municipal DAEM,Urbano,7,71,7106,Pelarco,66,35.4827503054957,59,0,4,3
3017,1,ESCUELA SAN RAFAEL,Municipal DAEM,Urbano,7,71,7110,San Rafael,155,37.1066506169583,133,12,5,5
3019,8,ESCUELA HERNAN CIUDAD INOSTROZA,Municipal DAEM,Rural,7,71,7106,Pelarco,50,36.1037146732807,49,0,1,0
3020,1,ESCUELA ALTO PANGUE,Municipal DAEM,Rural,7,71,7110,San Rafael,30,33.6817077723952,29,1,0,0
3022,8,ESCUELA PABLO CORREA MONTT,Municipal DAEM,Rural,7,71,7106,Pelarco,30,35.7406092033934,29,0,0,1
3023,6,ESCUELA FLAVIO PAVEZ GONZALEZ,Municipal DAEM,Rural,7,71,7106,Pelarco,23,38.3582304205787,18,1,1,3
3025,2,ESCUELA PANGUE ARRIBA,Municipal DAEM,Rural,7,71,7110,San Rafael,51,38.3649213280644,45,6,0,0
3028,7,ESCUELA EL MILAGRO,Municipal DAEM,Rural,7,71,7110,San Rafael,96,38.5144931924562,7,0,0,1
3032,5,ESCUELA PARTICULAR SAN SEBASTIAN,Particular Subvencionado,Rural,7,71,7106,Pelarco,31,39.9989782556901,21,4,4,2
3033,3,LICEO BICENTENARIO AGROINDUSTRIAL RIO CLARO,Municipal DAEM,Urbano,7,71,7108,Río Claro,108,42.8363217690464,61,7,10,30
3034,1,ESCUELA BASICA JUAN LUIS SANFUENTES ANDONAEGUI,Municipal DAEM,Urbano,7,71,7108,Río Claro,46,36.3593353363939,41,3,2,0
3037,6,ESCUELA PORVENIR,Municipal DAEM,Rural,7,71,7108,Río Claro,69,36.9992200492615,64,3,1,1
3038,4,ESCUELA LA CHISPA,Municipal DAEM,Rural,7,71,7108,Río Claro,20,37.2420326844155,19,1,0,0
3039,2,ESCUELA ODESSA,Municipal DAEM,Rural,7,71,7108,Río Claro,94,39.2034471001539,70,4,7,13
3045,7,ESCUELA SANTA HERMINIA,Municipal DAEM,Rural,7,71,7108,Río Claro,30,38.0546731306481,26,3,1,0
3056,2,ESCUELA SAN CLEMENTE,Municipal DAEM,Urbano,7,71,7109,San Clemente,152,39.1629618050327,121,7,9,15
3057,0,ESCUELA ARTURO PRAT CHACON,Municipal DAEM,Urbano,7,71,7109,San Clemente,44,40.7997863005294,31,4,5,4
3058,9,ESCUELA AURORA,Municipal DAEM,Rural,7,71,7109,San Clemente,48,38.4621580694828,41,5,1,1
3059,7,COLEGIO DEIDAMIA PAREDES BELLO,Municipal DAEM,Rural,7,71,7109,San Clemente,61,38.0120101782384,50,3,2,6
3060,0,ESCUELA RAMADILLAS,Municipal DAEM,Urbano,7,71,7109,San Clemente,131,36.8810235646676,111,7,6,7
3061,9,ESCUELA PUNTA DE DIAMANTE,Municipal DAEM,Rural,7,71,7109,San Clemente,22,37.1302940305756,20,2,0,0
3062,7,ESCUELA PEUMO NEGRO,Municipal DAEM,Rural,7,71,7109,San Clemente,31,40.8214333489835,20,5,1,5
3063,5,ESCUELA CORRALONES,Municipal DAEM,Rural,7,71,7109,San Clemente,32,36.424763316657,29,1,1,1
3065,1,ESCUELA ENRIQUE CORREA GUZMAN,Municipal DAEM,Rural,7,71,7109,San Clemente,96,36.2337914766686,14,1,0,0
3067,8,ESCUELA LEOPOLDO GUARDA GEYNTES,Municipal DAEM,Rural,7,71,7109,San Clemente,96,40.4476644043794,12,3,1,1
3068,6,ESCUELA BELLA UNION,Municipal DAEM,Rural,7,71,7109,San Clemente,20,37.3525093121812,19,1,0,0
3069,4,ESCUELA QUERI,Municipal DAEM,Rural,7,71,7109,San Clemente,46,37.3866625186979,42,3,0,1
3070,8,ESCUELA CHEQUEN DE LA PENA,Municipal DAEM,Rural,7,71,7109,San Clemente,46,39.4022159046161,38,4,2,2
3076,7,ESCUELA BRAMADERO,Municipal DAEM,Rural,7,71,7109,San Clemente,96,39.295443194631,7,0,0,1
3079,1,ESCUELA ELENA BURGOS MOREIRA,Municipal DAEM,Rural,7,71,7109,San Clemente,96,36.7671479070945,13,0,1,0
3081,3,ESCUELA BAJO PERQUIN,Municipal DAEM,Rural,7,71,7109,San Clemente,96,37.1292681581325,17,2,0,0
3084,8,ESCUELA LOS ROBLES DE VILCHES CENTRO,Municipal DAEM,Rural,7,71,7109,San Clemente,96,41.2419136239082,3,0,1,0
3085,6,ESCUELA PASO NEVADO,Municipal DAEM,Rural,7,71,7109,San Clemente,96,35.0014337006309,9,0,0,0
3086,4,ESCUELA LOS MONTES,Municipal DAEM,Rural,7,71,7109,San Clemente,36,37.0638090196308,34,1,0,1
3090,2,ESCUELA EL COLORADO,Municipal DAEM,Rural,7,71,7109,San Clemente,41,37.2571075833245,36,0,1,4
3096,1,ESCUELA LOS ALMENDROS,Municipal DAEM,Rural,7,71,7109,San Clemente,30,39.0245230203151,23,2,2,3
3104,6,ESCUELA LA PLACETA,Municipal DAEM,Rural,7,71,7109,San Clemente,96,32.6498317481418,4,0,0,0
3107,0,ESCUELA SANTA ELENA,Municipal DAEM,Rural,7,71,7109,San Clemente,96,34.6950182494237,14,0,0,0
3108,9,COLEGIO PAULA MONTAL,Particular Subvencionado,Urbano,7,71,7109,San Clemente,90,36.4397177232842,80,3,2,5
3110,0,COMPLEJO EDUCACIONAL MAULE,Municipal DAEM,Urbano,7,71,7105,Maule,102,36.5179078387015,99,2,0,1
3111,9,ESCUELA VILLA CULENAR,Municipal DAEM,Urbano,7,71,7101,Talca,110,40.9690459268158,76,14,7,13
3112,7,ESCUELA CALLEJONES,Municipal DAEM,Rural,7,71,7105,Maule,21,36.4817515801852,20,0,0,1
3113,5,ESCUELA COLIN,Municipal DAEM,Rural,7,71,7105,Maule,53,40.3618871085281,44,2,3,4
3114,3,ESCUELA CHACARILLA,Municipal DAEM,Rural,7,71,7105,Maule,55,37.260414644251,51,3,1,0
3115,1,ESCUELA RURAL DUAO,Municipal DAEM,Rural,7,71,7105,Maule,28,36.2394677901484,26,1,1,0
3117,8,ESCUELA RURAL NUMPAY,Municipal DAEM,Rural,7,71,7105,Maule,50,38.8160856271262,37,4,5,4
3118,6,ESCUELA QUINIPEUMO,Municipal DAEM,Rural,7,71,7105,Maule,21,39.2695527825558,16,1,3,1
3122,4,ESCUELA EL CANELO,Municipal DAEM,Rural,7,71,7105,Maule,26,34.8872985435222,26,0,0,0
3128,3,LICEO SAN IGNACIO,Servicio Local de Educación(SLE),Urbano,7,71,7104,Empedrado,87,36.7525226998112,77,5,2,3
3130,5,ESCUELA PEDRO ANTONIO TEJOS TEJOS,Servicio Local de Educación(SLE),Rural,7,71,7104,Empedrado,34,37.1611121848763,28,3,2,1
3134,8,ESCUELA MARIA OLGA VEGA VEGA,Servicio Local de Educación(SLE),Rural,7,71,7104,Empedrado,96,36.1899672933557,4,0,0,0
3138,0,COMPLEJO EDUCACIONAL PENCAHUE,Municipal DAEM,Urbano,7,71,7107,Pencahue,93,34.0329457405313,88,3,1,1
3139,9,ESCUELA PADRE LUIS OLIVA NAVARRETE,Municipal DAEM,Rural,7,71,7107,Pencahue,96,37.3606393779052,18,0,0,1
3140,2,ESCUELA CORINTO,Municipal DAEM,Rural,7,71,7107,Pencahue,96,34.4187219049346,8,0,0,0
3143,7,ESCUELA SANTA LAURA DE LO FIGUEROA,Municipal DAEM,Rural,7,71,7107,Pencahue,31,36.0784767663149,28,1,0,2
3166,6,ESCUELA ENRIQUE DONN MULLER,Servicio Local de Educación(SLE),Urbano,7,71,7102,Constitución,123,41.7795463572516,77,9,10,27
3168,2,ESCUELA SUPERIOR NUEVA BILBAO,Servicio Local de Educación(SLE),Urbano,7,71,7102,Constitución,57,40.9209826674839,42,4,6,5
3169,0,ESCUELA CERRO ALTO JOSE OPAZO DIAZ,Servicio Local de Educación(SLE),Urbano,7,71,7102,Constitución,175,37.6882747680755,143,12,7,13
3172,0,LICEO BICENTENARIO DE EXCELENCIA TECNICO PROFESIONAL PUTÚ,Servicio Local de Educación(SLE),Rural,7,71,7102,Constitución,76,35.7006531901746,68,2,2,4
3173,9,LICEO RURAL ENRIQUE MAC IVER,Servicio Local de Educación(SLE),Rural,7,71,7102,Constitución,130,43.7246156220866,64,11,17,38
3174,7,ESCUELA LAS CORRIENTES,Servicio Local de Educación(SLE),Rural,7,71,7102,Constitución,35,36.8776125289546,31,1,3,0
3185,2,ESCUELA COSTA BLANCA,Servicio Local de Educación(SLE),Rural,7,71,7102,Constitución,58,39.8274803012638,42,4,6,6
3191,7,ESCUELA SANTA AURORA DE CARRIZAL,Servicio Local de Educación(SLE),Rural,7,71,7102,Constitución,96,42.4285773098924,5,0,0,1
3201,8,ESCUELA PARTICULAR SANTA ROSA,Particular Subvencionado,Urbano,7,71,7102,Constitución,80,36.730695163671,71,7,1,1
3202,6,COLEGIO BICENTENARIO DE EXCELENCIA SAN ALBERTO HURTADO,Particular Subvencionado,Urbano,7,71,7102,Constitución,174,39.4115461398253,127,15,20,12
3203,4,COLEGIO SANTIAGO ONEDERRA,Particular Subvencionado,Urbano,7,71,7102,Constitución,180,34.4443675818613,177,1,2,0
3206,9,ESCUELA FRAY PEDRO ARMENGOL VALENZUELA,Municipal DAEM,Rural,7,71,7103,Curepto,96,35.4281557336412,15,0,1,0
3207,7,ESCUELA PEDRO ANTONIO GONZALEZ,Municipal DAEM,Urbano,7,71,7103,Curepto,95,34.8487662549373,93,1,1,0
3209,3,ESCUELA ELENA ARMIJO MORALES,Municipal DAEM,Rural,7,71,7103,Curepto,39,36.9687544394751,34,2,1,2
3212,3,ESCUELA ANA LUISA ESPINA RIVERO,Municipal DAEM,Rural,7,71,7103,Curepto,96,35.780268186069,10,0,0,0
3217,4,ESCUELA JUAN JESUS GONZALEZ AVENDAÑO,Municipal DAEM,Rural,7,71,7103,Curepto,96,29.2111886286647,7,0,0,0
3238,7,ESCUELA MARINA ROJAS SANDOVAL,Municipal DAEM,Rural,7,71,7103,Curepto,23,38.1397243823178,19,1,2,1
3247,6,LICEO VALENTIN LETELIER,Municipal DAEM,Urbano,7,74,7401,Linares,179,35.6087225898447,167,5,4,3
3248,4,INSTITUTO COMERCIAL,Municipal DAEM,Urbano,7,74,7401,Linares,35,38.694917004572,26,4,4,1
3249,2,ESCUELA UNO ISABEL RIQUELME,Municipal DAEM,Urbano,7,74,7401,Linares,122,40.8621775441501,91,6,12,13
3250,6,ESCUELA PRESIDENTE CARLOS IBANEZ DEL C.,Municipal DAEM,Urbano,7,74,7401,Linares,54,42.1169541948123,32,5,8,9
3251,4,COLEGIO MARGOT LOYOLA PALACIOS,Municipal DAEM,Urbano,7,74,7401,Linares,142,38.1234076340349,117,10,9,6
3252,2,LICEO TECNICO PROFESIONAL DIEGO PORTALES,Municipal DAEM,Urbano,7,74,7401,Linares,51,36.3365871652318,48,0,1,2
3253,0,JUAN MARTINEZ DE ROZAS,Municipal DAEM,Urbano,7,74,7401,Linares,96,39.6335943492145,12,3,4,0
3255,7,ESCUELA SANTA BARBARA,Municipal DAEM,Urbano,7,74,7401,Linares,45,41.7178956832717,26,7,2,10
3256,5,ESCUELA RAMON BELMAR SALDIAS,Municipal DAEM,Urbano,7,74,7401,Linares,113,35.8119912671164,109,3,1,0
3257,3,ESCUELA ALEJANDRO GIDI,Municipal DAEM,Urbano,7,74,7401,Linares,37,41.1071664326995,21,3,5,8
3258,1,ESCUELA BASICA ESPANA,Municipal DAEM,Urbano,7,74,7401,Linares,88,38.3804920215827,72,6,4,6
3260,3,ESCUELA LOS LEONES,Municipal DAEM,Urbano,7,74,7401,Linares,39,43.5509257789025,21,3,4,11
3261,1,PEDRO AGUIRRE CERDA,Municipal DAEM,Urbano,7,74,7401,Linares,30,41.6229302208716,17,3,2,8
3263,8,ESCUELA MAITENES,Municipal DAEM,Rural,7,74,7401,Linares,21,36.416779591188,20,0,1,0
3264,6,ESCUELA SAN VICTOR ALAMOS,Municipal DAEM,Rural,7,74,7401,Linares,35,37.9696124214058,29,3,2,1
3266,2,ESCUELA SAN ANTONIO,Municipal DAEM,Rural,7,74,7401,Linares,34,39.0748444067327,27,4,3,0
3267,0,ESCUELA GRACIELA LETELIER,Municipal DAEM,Rural,7,74,7401,Linares,109,38.3909993015312,89,12,7,1
3268,9,ESCUELA SALOMON SALMAN DABUD,Municipal DAEM,Urbano,7,74,7401,Linares,83,37.0832748515584,77,2,1,3
3269,7,ESCUELA LAS HORNILLAS,Municipal DAEM,Rural,7,74,7401,Linares,50,36.3911355670464,42,3,3,2
3270,0,JANUARIO ESPINOSA,Municipal DAEM,Rural,7,74,7401,Linares,23,40.6013853213974,15,4,2,2
3273,5,ESCUELA MATIAS COUSINO,Municipal DAEM,Rural,7,74,7401,Linares,23,39.2467596432957,17,2,3,1
3285,9,ESCUELA LLANKANAO MANUEL FRANCISCO MEZA SECO,Municipal DAEM,Rural,7,74,7401,Linares,47,39.5547365199468,38,3,3,3
3290,5,LICEO MARIA AUXILIADORA,Particular Subvencionado,Urbano,7,74,7401,Linares,90,36.3993257411524,82,4,3,1
3291,3,ESCUELA BASICA ALCALDE HECTOR PINOCHET C,Particular Subvencionado,Urbano,7,74,7401,Linares,47,44.3833642965533,29,1,5,12
3292,1,ESCUELA PARTICULAR GABRIELA MISTRAL,Particular Subvencionado,Urbano,7,74,7401,Linares,81,39.3209618225496,58,13,7,3
3294,8,COLEGIO PARTICULAR MANUEL BULNES,Particular Subvencionado,Urbano,7,74,7401,Linares,126,36.9998799948497,113,3,8,2
3296,4,ESC.AGRIC.PART.SALESIANA DON BOSCO,Particular Subvencionado,Urbano,7,74,7401,Linares,178,40.0448941760795,120,29,16,13
3297,2,ESCUELA PARTICULAR PROSPERO VILLAR BRAVO,Particular Subvencionado,Urbano,7,74,7401,Linares,51,41.067137184505,33,3,2,13
3298,0,LICEO NUESTRA SEÑORA DEL ROSARIO,Particular Subvencionado,Urbano,7,74,7401,Linares,183,38.3220477986207,147,14,16,6
3299,9,ESCUELA MARCELA PAZ,Particular Subvencionado,Urbano,7,74,7401,Linares,28,38.8279805899206,20,2,4,2
3300,6,INSTITUTO LINARES,Particular Subvencionado,Urbano,7,74,7401,Linares,183,36.1253187792931,172,8,0,3
3302,2,COLEGIO LA PROVIDENCIA,Particular Subvencionado,Urbano,7,74,7401,Linares,176,38.2273350628723,152,6,10,8
3303,0,COLEGIO AMELIA TRONCOSO,Particular Subvencionado,Urbano,7,74,7401,Linares,151,38.8255331739185,121,12,9,9
3304,9,COLEGIO SAN MIGUEL ARCANGEL,Particular Subvencionado,Urbano,7,74,7401,Linares,162,38.802677475248,135,15,9,3
3308,1,COLEGIO CONCEPCION LINARES,Particular Subvencionado,Urbano,7,74,7401,Linares,161,36.1728939275808,151,6,2,2
3310,3,COLEGIO EVANGELICO ADONAY,Particular Subvencionado,Urbano,7,74,7401,Linares,64,39.9725051734109,45,5,6,8
3311,1,ESCUELA LUCILA GODOY,Particular Subvencionado,Urbano,7,74,7401,Linares,87,38.265724666924,80,6,0,1
3313,8,LICEO JUAN DE DIOS PUGA,Municipal DAEM,Urbano,7,74,7408,Yerbas Buenas,66,37.9816070979657,57,4,1,4
3314,6,ESCUELA MAITENCILLO,Municipal DAEM,Rural,7,74,7408,Yerbas Buenas,62,37.7136783621919,47,10,4,1
3315,4,ESCUELA SILVANO FERNANDEZ,Municipal DAEM,Rural,7,74,7408,Yerbas Buenas,33,36.3500301668335,30,0,2,1
3316,2,ESCUELA SANTA ANA DE QUERI,Municipal DAEM,Rural,7,74,7408,Yerbas Buenas,33,38.2062242704593,28,3,0,2
3317,0,LICEO JUAN GOMEZ MILLAS,Municipal DAEM,Rural,7,74,7408,Yerbas Buenas,59,43.9934777068287,28,7,7,17
3318,9,ESCUELA JORGE SALGADO PICA,Municipal DAEM,Rural,7,74,7408,Yerbas Buenas,96,38.5275383593215,10,2,0,1
3319,7,ESCUELA ALFREDO NOGUERA PRIETO,Municipal DAEM,Rural,7,74,7407,Villa Alegre,46,36.9931056594833,41,0,2,3
3321,9,ESCUELA SANTA ELENA,Municipal DAEM,Rural,7,74,7408,Yerbas Buenas,96,38.2171946977138,13,3,1,0
3323,5,ESCUELA LUIS AMBROSIO CONCHA,Municipal DAEM,Rural,7,74,7408,Yerbas Buenas,51,40.7395391117482,32,4,2,13
3325,1,ESCUELA PARTICULAR ARTURO PRAT,Particular Subvencionado,Rural,7,74,7408,Yerbas Buenas,28,41.3367490736114,18,5,3,2
3329,4,ESCUELA MAULE SUR OLGA PINTO GARCIA,Municipal DAEM,Rural,7,74,7402,Colbún,63,39.84249538614,50,7,3,3
3330,8,ESCUELA LA FLORESTA,Municipal DAEM,Rural,7,74,7402,Colbún,34,39.6700943733331,24,8,2,0
3332,4,ESCUELA ANDRES BELLO,Municipal DAEM,Rural,7,74,7402,Colbún,42,34.2129416327254,40,1,1,0
3333,2,ESCUELA CARLOS DEL CAMPO RIVERA,Municipal DAEM,Rural,7,74,7402,Colbún,48,38.0653118674036,40,1,4,3
3334,0,ESCUELA MONSENOR MANUEL LARRAIN E.,Municipal DAEM,Rural,7,74,7402,Colbún,85,37.0169142337825,81,1,1,2
3335,9,ESCUELA PANIMAVIDA,Municipal DAEM,Rural,7,74,7402,Colbún,116,38.329053956886,94,12,6,4
3345,6,ESCUELA LOMAS DE PUTAGAN,Municipal DAEM,Rural,7,74,7402,Colbún,96,41.8291156252539,12,2,1,4
3347,2,ESCUELA PARTICULAR MARTA BRUNET,Particular Subvencionado,Urbano,7,74,7402,Colbún,67,36.5690845560615,61,4,1,1
3349,9,ESCUELA JUAN DE LA CRUZ DOMINGUEZ G.,Municipal DAEM,Urbano,7,74,7403,Longaví,119,42.32421016906,72,13,14,20
3352,9,ESCUELA ANSELMO DEL CARMEN TAPIA LOYOLA,Municipal DAEM,Rural,7,74,7403,Longaví,96,40.548027902053,15,1,1,2
3353,7,ESCUELA ROBERTO OPAZO GALVEZ,Municipal DAEM,Rural,7,74,7403,Longaví,25,37.8106924161203,21,0,1,3
3354,5,ESCUELA ONOFRE VASQUEZ NORAMBUENA,Municipal DAEM,Rural,7,74,7403,Longaví,38,38.2790018407069,29,2,4,3
3355,3,ESCUELA GABRIELA MISTRAL,Municipal DAEM,Rural,7,74,7403,Longaví,26,42.0964457463617,16,1,2,7
3356,1,ESCUELA CARDENAL JOSE MARIA CARO,Municipal DAEM,Rural,7,74,7403,Longaví,61,36.4690863967357,58,1,1,1
3358,8,ESCUELA JOSE MIGUEL CARRERA,Municipal DAEM,Rural,7,74,7403,Longaví,21,36.8777154562306,20,0,1,0
3359,6,LICEO LAURA URRUTIA BENAVENTE,Municipal DAEM,Rural,7,74,7403,Longaví,38,38.3414482422046,30,2,1,5
3361,8,ESCUELA FRANCISCO URRUTIA URRUTIA,Municipal DAEM,Rural,7,74,7403,Longaví,48,37.9414245078368,44,3,0,1
3362,6,ESCUELA GABRIEL BENAVENTE BENAVENTE,Municipal DAEM,Rural,7,74,7403,Longaví,60,38.1575482323634,50,3,4,3
3364,2,ESCUELA LUIS PEREIRA INIGUEZ,Municipal DAEM,Rural,7,74,7403,Longaví,96,39.246736552759,7,4,0,0
3365,0,ESCUELA MARIA AMBROSIA TAPIA MENDEZ,Municipal DAEM,Rural,7,74,7403,Longaví,53,40.9657307770535,34,5,1,13
3368,5,ESCUELA JUAN SEGUNDO MUNOZ BRIONES,Municipal DAEM,Rural,7,74,7403,Longaví,21,41.5947519935347,14,3,2,2
3371,5,ESCUELA PAULA JARAQUEMADA,Municipal DAEM,Rural,7,74,7403,Longaví,21,38.5513232241719,17,2,0,2
3376,6,ESCUELA MARCELA PAZ,Municipal DAEM,Rural,7,74,7403,Longaví,32,33.3857668123531,31,0,1,0
3381,2,ESCUELA ANGEL CRUCHAGA SANTA MARIA,Municipal DAEM,Rural,7,74,7403,Longaví,22,36.2937586535427,19,2,0,1
3382,0,ESCUELA PEDRO ALESSANDRI VARGAS,Municipal DAEM,Rural,7,74,7403,Longaví,37,39.4005608308167,30,2,2,3
3387,1,LICEO FEDERICO HEISE MARTI,Municipal DAEM,Urbano,7,74,7404,Parral,53,42.4377924970608,34,2,3,14
3389,8,ESCUELA SANTIAGO URRUTIA BENAVENTE,Municipal DAEM,Urbano,7,74,7404,Parral,47,39.9858517957902,32,4,6,5
3390,1,ESCUELA LUIS ARMANDO GOMEZ MUNOZ,Municipal DAEM,Urbano,7,74,7404,Parral,62,40.9673974567137,36,5,9,12
3393,6,ESCUELA ARRAU MENDEZ,Municipal DAEM,Urbano,7,74,7404,Parral,53,42.5276665341508,35,1,5,12
3395,2,ESCUELA NIDER ORREGO QUEVEDO,Municipal DAEM,Urbano,7,74,7404,Parral,100,38.5416490379178,85,6,4,5
3398,7,ESCUELA JOSE MATTA CALLEJON,Municipal DAEM,Urbano,7,74,7404,Parral,59,40.5192158178001,41,8,6,4
3400,2,COLEGIO ALBERTO MOLINA CASTILLO,Municipal DAEM,Rural,7,74,7404,Parral,37,40.9792758313199,25,2,3,7
3401,0,ESCUELA EL LIBERTADOR,Municipal DAEM,Rural,7,74,7404,Parral,40,36.8724330256363,33,2,3,2
3402,9,ESCUELA FRANCISCO PEREZ LAVIN,Municipal DAEM,Rural,7,74,7404,Parral,38,38.3965464924437,29,6,2,1
3404,5,ESCUELA IGNACIO URRUTIA DE LA SOTTA,Municipal DAEM,Rural,7,74,7404,Parral,31,36.6810363431152,30,0,0,1
3405,3,ESCUELA ARMANDO GUZMAN MORALES,Municipal DAEM,Rural,7,74,7404,Parral,96,37.5417233166531,5,0,0,1
3408,8,ESCUELA FRANCISCO MAUREIRA,Municipal DAEM,Rural,7,74,7404,Parral,96,34.1638212524463,17,0,0,0
3430,4,INSTITUTO PARRAL,Particular Subvencionado,Urbano,7,74,7404,Parral,81,35.0094020047312,76,4,1,0
3431,2,COLEGIO SAN JOSE,Particular Subvencionado,Urbano,7,74,7404,Parral,141,35.7155796242347,125,9,4,3
3432,0,COLEGIO PARTICULAR PROVIDENCIA,Particular Subvencionado,Urbano,7,74,7404,Parral,156,36.1005799932142,148,2,3,3
3433,9,COLEGIO CONCEPCION DE PARRAL,Particular Subvencionado,Urbano,7,74,7404,Parral,130,33.5974895839026,126,1,2,1
3434,7,LICEO GUILLERMO MARIN LARRAIN,Municipal DAEM,Urbano,7,74,7405,Retiro,69,39.1823738794974,55,3,5,6
3435,5,ESCUELA MANUEL MONTT,Municipal DAEM,Urbano,7,74,7405,Retiro,77,41.1351199540485,53,2,10,12
3436,3,ESCUELA COPIHUE,Municipal DAEM,Urbano,7,74,7405,Retiro,53,36.4474801661387,48,2,0,3
3437,1,ESCUELA RAMON BARROS LUCO,Municipal DAEM,Rural,7,74,7405,Retiro,22,37.8999699219344,21,0,0,1
3440,1,ESCUELA GERTRUDIS ALARCON ARCE,Municipal DAEM,Rural,7,74,7405,Retiro,96,37.3335525824261,13,0,0,0
3442,8,COLEGIO AJIAL,Municipal DAEM,Rural,7,74,7405,Retiro,55,39.8177101602804,40,4,5,6
3443,6,COLEGIO ROBINSON CABRERA BELTRAN,Municipal DAEM,Rural,7,74,7405,Retiro,59,38.8622469687768,46,4,2,7
3445,2,ESCUELA ROMERAL,Municipal DAEM,Rural,7,74,7405,Retiro,32,40.7444683075969,23,4,1,4
3448,7,ESCUELA SANTA ISABEL,Municipal DAEM,Rural,7,74,7405,Retiro,96,37.8463600466444,12,2,1,0
3449,5,ESCUELA SAN RAMON,Municipal DAEM,Rural,7,74,7405,Retiro,96,38.9157448803753,2,1,0,0
3450,9,ESCUELA SANTA DELFINA,Municipal DAEM,Rural,7,74,7405,Retiro,96,36.0520217996223,11,1,0,0
3454,1,ESCUELA LOS ROBLES,Municipal DAEM,Rural,7,74,7405,Retiro,23,35.1318159518154,23,0,0,0
3458,4,ESCUELA MARIA IGNACIA MENA MONROY,Municipal DAEM,Rural,7,74,7405,Retiro,96,37.6083793000778,7,0,2,0
3460,6,COLEGIO BICENTENARIO POLIVALENTE LAS CAMELIAS,Particular Subvencionado,Rural,7,74,7405,Retiro,72,35.7739645656991,66,3,3,0
3462,2,ESCUELA TIMOTEO ARAYA ALEGRIA,Municipal DAEM,Urbano,7,74,7407,Villa Alegre,75,41.918097639848,45,9,9,12
3463,0,ESCUELA MALAQUIAS CONCHA ORTIZ,Municipal DAEM,Rural,7,74,7407,Villa Alegre,96,40.137495711207,7,2,0,1
3464,9,ESCUELA HERNAN LOBOS ARIAS,Municipal DAEM,Rural,7,74,7407,Villa Alegre,67,39.9405255957937,49,4,8,6
3465,7,ESCUELA ALCALDE SERAFIN GUTIERREZ F.,Municipal DAEM,Rural,7,74,7407,Villa Alegre,50,39.8209474497377,35,1,8,6
3466,5,ESCUELA ALCALDE ORLANDO RODRIGUEZ DEL C.,Municipal DAEM,Rural,7,74,7407,Villa Alegre,40,38.9152159660987,35,1,4,0
3467,3,ESCUELA ALCALDE MANUEL SALVADOR DEL C.,Municipal DAEM,Rural,7,74,7407,Villa Alegre,26,39.4255240358342,22,0,1,3
3468,1,ESCUELA ASCENCIO ASTORQUIZA ZABALA,Municipal DAEM,Rural,7,74,7407,Villa Alegre,20,38.6052827645156,17,1,1,1
3470,3,ESCUELA TRINIDAD ALCAINO TAPIA,Municipal DAEM,Rural,7,74,7407,Villa Alegre,50,39.443594336039,37,4,3,6
3471,1,ESCUELA PROFESOR RAMON LEIVA NARVAEZ,Municipal DAEM,Rural,7,74,7407,Villa Alegre,40,36.166955388005,39,0,1,0
3475,4,ESCUELA JOSE PALMA FERNANDEZ,Municipal DAEM,Rural,7,74,7407,Villa Alegre,43,39.1335511155142,32,5,3,3
3480,0,ESCUELA JOSE MANUEL BALMACEDA,Municipal DAEM,Urbano,7,74,7406,San Javier,138,41.4626936692073,88,14,11,25
3481,9,ESCUELA MANUEL DE SALAS,Municipal DAEM,Urbano,7,74,7406,San Javier,102,39.5704960711816,79,5,6,12
3482,7,ESCUELA JUSTA NARVAEZ,Municipal DAEM,Urbano,7,74,7406,San Javier,60,39.0630873110669,47,6,1,6
3483,5,ESCUELA GERONIMO LAGOS LISBOA,Municipal DAEM,Urbano,7,74,7406,San Javier,148,39.9898051797575,106,16,13,13
3488,6,ESCUELA IRENE MORALES,Municipal DAEM,Rural,7,74,7406,San Javier,96,36.4023264707854,10,2,0,0
3489,4,ESCUELA JORGE GONZALEZ BASTIAS,Municipal DAEM,Rural,7,74,7406,San Javier,28,35.3927553890389,25,1,1,1
3490,8,ESCUELA JULIO MONTT SALAMANCA,Municipal DAEM,Rural,7,74,7406,San Javier,50,41.331460524824,34,3,5,8
3491,6,ESCUELA JUAN DE DIOS ALDEA,Municipal DAEM,Rural,7,74,7406,San Javier,29,41.4823807977222,18,3,3,5
3492,4,ESCUELA BERNARDO OHIGGINS,Municipal DAEM,Rural,7,74,7406,San Javier,50,39.3822038911533,38,3,6,3
3494,0,ESCUELA MANUEL RODRIGUEZ,Municipal DAEM,Rural,7,74,7406,San Javier,36,36.3271716070854,32,1,1,2
3495,9,ESCUELA PEDRO LAGOS,Municipal DAEM,Rural,7,74,7406,San Javier,48,35.6170735885907,44,0,2,2
3497,5,ESCUELA JOSE MIGUEL CARRERA,Municipal DAEM,Rural,7,74,7406,San Javier,39,38.5310075177611,34,2,2,1
3517,3,ESCUELA CANDELARIA PEREZ,Municipal DAEM,Rural,7,74,7406,San Javier,28,39.9456735344435,19,4,3,2
3520,3,ESCUELA MARIANO LATORRE,Municipal DAEM,Rural,7,74,7406,San Javier,96,37.0032004366632,7,0,0,0
3530,0,COLEGIO PARTICULAR SAN JOSE,Particular Subvencionado,Urbano,7,74,7406,San Javier,164,37.2164812444229,148,8,5,3
3531,9,INSTITUTO REGIONAL DEL MAULE,Particular Subvencionado,Urbano,7,74,7406,San Javier,168,38.3228505369574,134,17,10,7
3532,7,COLEGIO PARTICULAR PIAGET,Particular Subvencionado,Urbano,7,74,7406,San Javier,83,37.9680897633625,70,3,6,4
3533,5,LICEO SAGRADOS CORAZONES,Particular Subvencionado,Urbano,7,74,7406,San Javier,180,37.1438897295982,157,14,5,4
3538,6,LICEO ANTONIO VARAS,Servicio Local de Educación(SLE),Urbano,7,72,7201,Cauquenes,172,35.6853282481006,157,6,5,4
3539,4,LICEO CLAUDINA URRUTIA DE LAVIN,Servicio Local de Educación(SLE),Urbano,7,72,7201,Cauquenes,101,36.3864766742983,94,1,2,4
3541,6,ESCUELA ANIBAL PINTO,Servicio Local de Educación(SLE),Urbano,7,72,7201,Cauquenes,101,38.59912325357,90,6,2,3
3544,0,COLEGIO BLANCO ENCALADA,Servicio Local de Educación(SLE),Urbano,7,72,7201,Cauquenes,52,35.8279618210111,50,1,0,1
3545,9,ESCUELA ARTISTICA BARRIO ESTACION,Servicio Local de Educación(SLE),Urbano,7,72,7201,Cauquenes,64,42.1642536737707,35,8,8,13
3546,7,ESCUELA INDEPENDENCIA,Servicio Local de Educación(SLE),Urbano,7,72,7201,Cauquenes,63,36.4368917069201,60,2,0,1
3548,3,ESCUELA ECOLOGICA ROSITA OHIGGINS,Servicio Local de Educación(SLE),Urbano,7,72,7201,Cauquenes,33,39.070247432169,28,0,0,5
3549,1,ESCUELA PORONGO,Servicio Local de Educación(SLE),Urbano,7,72,7201,Cauquenes,85,38.1824026448295,71,2,11,1
3550,5,ESCUELA PURISIMA CONCEPCION DE POCILLAS,Servicio Local de Educación(SLE),Rural,7,72,7201,Cauquenes,96,36.4679989323892,13,3,0,0
3551,3,ESCUELA LOS CONQUISTADORES,Servicio Local de Educación(SLE),Urbano,7,72,7201,Cauquenes,31,35.6408800700134,30,1,0,0
3552,1,ESCUELA ADOLFO QUIROZ HERNANDEZ,Servicio Local de Educación(SLE),Rural,7,72,7201,Cauquenes,30,36.3615452497563,27,2,0,1
3554,8,ESCUELA CLORINDO ALVEAR,Servicio Local de Educación(SLE),Rural,7,72,7201,Cauquenes,21,33.0006021408544,20,1,0,0
3555,6,ESCUELA OCTAVIO PALMA PEREZ,Servicio Local de Educación(SLE),Rural,7,72,7201,Cauquenes,96,33.3882482394568,10,0,0,0
3588,2,ESCUELA ESTER URRUTIA DE RUIZ,Servicio Local de Educación(SLE),Rural,7,72,7201,Cauquenes,96,39.7978198135143,4,0,1,0
3602,1,ESCUELA EL TROZO,Servicio Local de Educación(SLE),Rural,7,72,7201,Cauquenes,96,38.6859246611237,7,1,1,1
3604,8,ESCUELA CABRERIA,Servicio Local de Educación(SLE),Rural,7,72,7201,Cauquenes,96,31.8078333893016,1,0,0,0
3608,0,LICEO INMACULADA CONCEPCION,Particular Subvencionado,Urbano,7,72,7201,Cauquenes,160,36.7345874040408,142,6,3,9
3609,9,LICEO PELLUHUE,Servicio Local de Educación(SLE),Urbano,7,72,7203,Pelluhue,145,38.2955386202502,109,9,14,13
3610,2,ESCUELA GLADYS CANALES PAREDES,Servicio Local de Educación(SLE),Urbano,7,72,7203,Pelluhue,67,33.8155499038269,66,1,0,0
3611,0,ESCUELA BLANCA BUSTOS CASTILLO,Servicio Local de Educación(SLE),Rural,7,72,7203,Pelluhue,53,33.636035063519,53,0,0,0
3619,6,ESCUELA LOS HEROES,Servicio Local de Educación(SLE),Urbano,7,72,7202,Chanco,86,36.5707512516024,82,1,0,3
3621,8,ESCUELA SAN AMBROSIO,Servicio Local de Educación(SLE),Urbano,7,72,7202,Chanco,63,36.4413661640967,55,1,4,3
3622,6,ESCUELA PAHUIL,Servicio Local de Educación(SLE),Rural,7,72,7202,Chanco,46,33.445479499141,46,0,0,0
3623,4,ESCUELA CARRERAS CORTAS,Servicio Local de Educación(SLE),Rural,7,72,7202,Chanco,96,36.1246618708658,13,0,1,1
3638,2,LICEO BICENTENARIO MARTA BRUNET CÁRAVES,Municipal DAEM,Urbano,16,161,16101,Chillán,47,41.8691821275545,32,2,0,13
3639,0,LICEO NARCISO TONDREAU,Municipal DAEM,Urbano,16,161,16101,Chillán,123,39.0829283689542,87,13,8,15
3656,0,LICEO POLIVALENTE JUAN PACHECO ALTAMIRANO,Municipal DAEM,Urbano,16,161,16103,Chillán Viejo,60,39.5041582300873,44,4,5,7
3657,9,LICEO LIBERTADOR BERNARDO O´HIGGINS RIQUELME,Municipal DAEM,Urbano,16,161,16101,Chillán,52,40.3755953743552,35,3,5,9
3659,5,ESCUELA ARTURO MERINO BENITEZ,Municipal DAEM,Urbano,16,161,16101,Chillán,54,38.5532762213044,45,4,3,2
3660,9,ESCUELA GABRIELA MISTRAL,Municipal DAEM,Urbano,16,161,16101,Chillán,32,41.5849758180234,22,2,3,5
3662,5,LICEO REPÚBLICA DE ITALIA ARTURO BONOMETTI BROGI,Municipal DAEM,Urbano,16,161,16101,Chillán,120,37.6648247203124,106,7,1,6
3663,3,ESCUELA REPUBLICA DE MEXICO,Municipal DAEM,Urbano,16,161,16101,Chillán,187,39.2434296351187,145,17,14,11
3664,1,ESCUELA BASICA EL TEJAR,Municipal DAEM,Urbano,16,161,16101,Chillán,24,41.4637575267587,16,3,2,3
3666,8,ESCUELA MARIA AMALIA SAAVEDRA MARTINEZ,Municipal DAEM,Urbano,16,161,16101,Chillán,24,39.3747816987525,18,3,1,2
3667,6,ESCUELA BASICA LA CASTILLA,Municipal DAEM,Urbano,16,161,16101,Chillán,96,39.7197363509569,12,2,1,2
3668,4,ESCUELA PALESTINA,Municipal DAEM,Urbano,16,161,16101,Chillán,43,36.03439351439,40,2,0,1
3669,2,ESCUELA BÁSICA ROSITA O´HIGGINS RIQUELME,Municipal DAEM,Urbano,16,161,16101,Chillán,46,38.4923626578332,40,3,1,2
3670,6,ESCUELA BASICA REYES DE ESPANA,Municipal DAEM,Urbano,16,161,16101,Chillán,121,39.7375944174888,86,17,13,5
3671,4,ESCUELA BASICA JUAN MADRID AZOLA,Municipal DAEM,Urbano,16,161,16101,Chillán,75,40.4470186429012,50,11,8,6
3672,2,ESC. BASICA ARTURO MUTIZABAL SOTOMAYOR,Municipal DAEM,Urbano,16,161,16101,Chillán,36,40.3830420916775,26,3,3,4
3673,0,ESCUELA BASICA QUILAMAPU,Municipal DAEM,Urbano,16,161,16101,Chillán,29,36.1127268824554,28,1,0,0
3675,7,ESCUELA BASICA JOSE MARIA CARO RODRIGUEZ,Municipal DAEM,Urbano,16,161,16101,Chillán,40,35.9463714006003,38,0,1,1
3677,3,ESCUELA BASICA LAS CANOAS,Municipal DAEM,Urbano,16,161,16101,Chillán,38,36.493125667082,35,1,1,1
3678,1,ESCUELA 27 DE ABRIL,Municipal DAEM,Rural,16,161,16101,Chillán,96,38.7104876718967,14,1,0,1
3681,1,ESCUELA BASICA CAPILLA COX,Municipal DAEM,Rural,16,161,16101,Chillán,24,38.9910354247517,18,4,2,0
3683,8,ESCUELA BASICA RUCAPEQUEN,Municipal DAEM,Rural,16,161,16103,Chillán Viejo,33,39.7631290106433,24,4,3,2
3685,4,ESCUELA BASICA QUINCHAMALI,Municipal DAEM,Rural,16,161,16101,Chillán,36,33.6082158633314,36,0,0,0
3686,2,ESCUELA BASICA NEBUCO,Municipal DAEM,Rural,16,161,16103,Chillán Viejo,96,35.097134496227,11,0,0,0
3691,9,ESCUELA PAUL HARRIS,Municipal DAEM,Rural,16,161,16101,Chillán,96,37.0886975139088,8,0,0,0
3698,6,ESCUELA BASICA QUILMO,Municipal DAEM,Rural,16,161,16103,Chillán Viejo,21,42.5497719372477,11,3,4,3
3703,6,ESCUELA ANTONIO MACHADO,Municipal DAEM,Rural,16,161,16101,Chillán,96,36.48652670775,9,0,0,1
3704,4,ESCUELA BASICA COLLIGUAY,Municipal DAEM,Rural,16,161,16101,Chillán,96,35.2146225985713,12,0,0,0
3709,5,ESCUELA BASICA LOS COLIGUES,Municipal DAEM,Rural,16,161,16103,Chillán Viejo,96,32.0416706166424,4,0,0,0
3711,7,COLEGIO DE LA PURISIMA CONCEPCION,Particular Subvencionado,Urbano,16,161,16101,Chillán,159,37.1956565020225,131,8,5,15
3713,3,COLEGIO SEMINARIO PADRE ALBERTO HURTADO,Particular Subvencionado,Urbano,16,161,16101,Chillán,320,33.2656704852158,315,3,0,2
3714,1,ESCUELA PARTICULAR ADVENTISTA,Particular Subvencionado,Urbano,16,161,16101,Chillán,156,35.7394379553046,146,4,2,4
3716,8,COLEGIO SANTA ISABEL CHILLÁN,Particular Subvencionado,Urbano,16,161,16101,Chillán,21,34.0769053944925,20,0,0,1
3717,6,ESCUELA PARTICULAR HISPANO AMERICANO,Particular Subvencionado,Urbano,16,161,16101,Chillán,162,38.0917389901902,141,7,6,8
3718,4,INSTITUTO SANTA MARIA,Particular Subvencionado,Urbano,16,161,16101,Chillán,232,34.7582451572835,228,3,1,0
3719,2,COLEGIO COYAM,Particular Subvencionado,Urbano,16,161,16101,Chillán,134,41.2823226677262,84,9,17,24
3723,0,COLEGIO DARIO SALAS,Particular Subvencionado,Urbano,16,161,16101,Chillán,153,38.1520254833364,126,12,7,8
3724,9,COLEGIO SAN VICENTE DE PAUL,Particular Subvencionado,Urbano,16,161,16101,Chillán,169,37.4268684613119,151,7,8,3
3726,5,COLEGIO CRISTIANO HOREB,Particular Subvencionado,Urbano,16,161,16103,Chillán Viejo,68,37.7071577256125,60,1,2,5
3728,1,COLEGIO SAN BUENAVENTURA,Particular Subvencionado,Urbano,16,161,16101,Chillán,141,38.4813877128616,120,9,7,5
3730,3,COLEGIO SAGRADO CORAZÓN DE JESÚS,Particular Subvencionado,Urbano,16,161,16101,Chillán,81,37.0494244583649,69,6,4,2
3731,1,COLEGIO SAN VALENTIN,Particular Subvencionado,Urbano,16,161,16103,Chillán Viejo,45,37.5069829436801,39,2,1,3
3733,8,COLEGIO GABRIELA MISTRAL,Particular Subvencionado,Urbano,16,161,16101,Chillán,64,41.518749966876,37,5,11,11
3735,4,COLEGIO CHILLAN,Particular Subvencionado,Urbano,16,161,16101,Chillán,80,38.4386931670784,67,4,5,4
3740,0,ESCUELA GENERAL DOMINGO URRUTIA,Servicio Local de Educación(SLE),Urbano,16,163,16301,San Carlos,39,37.7022514503163,32,6,1,0
3743,5,LICEO BICENTENARIO DE EXCELENCIA DIEGO PORTALES PALAZUELOS,Servicio Local de Educación(SLE),Urbano,16,163,16301,San Carlos,125,36.87506570837,113,4,5,3
3744,3,ESCUELA GENERAL JOSÉ MIGUEL CARRERA VERDUGO,Servicio Local de Educación(SLE),Urbano,16,163,16301,San Carlos,44,40.6516471891167,33,4,3,4
3745,1,ESCUELA GENERAL SOFANOR PARRA HERMOSILLA,Servicio Local de Educación(SLE),Urbano,16,163,16301,San Carlos,63,38.913948665317,50,7,2,4
3749,4,ESCUELA JOAQUIN DEL PINO ROZAS Y NEGRETE,Servicio Local de Educación(SLE),Urbano,16,163,16301,San Carlos,30,40.2332656644861,23,1,4,2
3754,0,ESCUELA BULI,Servicio Local de Educación(SLE),Rural,16,163,16301,San Carlos,96,35.0630307380985,10,0,0,0
3755,9,ESCUELA NINQUIHUE,Servicio Local de Educación(SLE),Rural,16,163,16301,San Carlos,43,36.3276722970401,40,1,2,0
3758,3,ESCUELA EL CARBON,Servicio Local de Educación(SLE),Rural,16,163,16301,San Carlos,96,36.8771491935913,18,1,0,0
3759,1,ESCUELA CACHAPOAL,Servicio Local de Educación(SLE),Rural,16,163,16301,San Carlos,21,36.2299263221975,18,1,1,1
3760,5,ESCUELA RIBERA DE NUBLE,Servicio Local de Educación(SLE),Rural,16,163,16301,San Carlos,96,37.696410909473,16,0,0,0
3762,1,ESCUELA MONTE BLANCO,Servicio Local de Educación(SLE),Rural,16,163,16301,San Carlos,45,41.197072734311,27,3,5,10
3768,0,ESCUELA LAS ARBOLEDAS,Servicio Local de Educación(SLE),Rural,16,163,16301,San Carlos,38,39.5250333815287,28,4,3,3
3776,1,ESCUELA QUILELTO,Servicio Local de Educación(SLE),Rural,16,163,16301,San Carlos,96,39.5807694653758,3,2,1,0
3781,8,ESCUELA MILLAUQUEN,Servicio Local de Educación(SLE),Rural,16,163,16301,San Carlos,96,32.1697039299799,4,0,0,0
3782,6,ESCUELA MANUEL ANTONIO CASTILLO VELASCO,Servicio Local de Educación(SLE),Rural,16,163,16301,San Carlos,40,37.1491199908714,34,3,0,3
3783,4,ESCUELAS LAS JUNTAS,Servicio Local de Educación(SLE),Rural,16,163,16301,San Carlos,96,35.0606870551923,4,0,0,0
3784,2,ESCUELA JUNQUILLO,Servicio Local de Educación(SLE),Rural,16,163,16301,San Carlos,96,37.4186192307828,15,0,1,0
3786,9,ESCUELA EL SAUCE,Servicio Local de Educación(SLE),Rural,16,163,16301,San Carlos,30,35.3450810708411,26,2,1,1
3795,8,INSTITUTO SANTA MARIA DE SAN CARLOS,Particular Subvencionado,Urbano,16,163,16301,San Carlos,144,35.1980673022578,136,6,1,1
3796,6,LICEO BICENTENARIO POLIVALENTE NUESTRA SEÑORA DE LA MERCED,Particular Subvencionado,Urbano,16,163,16301,San Carlos,168,37.140305861243,145,6,10,7
3797,4,COLEGIO SAGRADO CORAZON DE JESUS,Particular Subvencionado,Urbano,16,163,16301,San Carlos,176,38.4505844112944,146,15,6,9
3798,2,ESCUELA SAN JORGE DE NIQUEN,Servicio Local de Educación(SLE),Rural,16,163,16303,Ñiquén,36,35.5502277769278,32,3,1,0
3799,0,ESCUELA CHACAY,Servicio Local de Educación(SLE),Rural,16,163,16303,Ñiquén,46,34.8177260632823,43,1,1,1
3800,8,LICEO TIUQUILEMU,Servicio Local de Educación(SLE),Rural,16,163,16303,Ñiquén,33,40.0774041487235,25,4,1,3
3801,6,ESCUELA NIQUEN,Servicio Local de Educación(SLE),Rural,16,163,16303,Ñiquén,25,39.5428517418586,18,1,3,3
3802,4,LICEO SAN GREGORIO,Servicio Local de Educación(SLE),Urbano,16,163,16303,Ñiquén,89,36.6868602296756,76,3,5,5
3804,0,ESCUELA ZEMITA,Servicio Local de Educación(SLE),Rural,16,163,16303,Ñiquén,96,38.6195932487583,6,0,1,1
3815,6,ESCUELA PUERTAS DE VIRGUIN,Servicio Local de Educación(SLE),Rural,16,163,16303,Ñiquén,28,35.9107376114263,27,1,0,0
3820,2,ESCUELA BULI-CASERIO,Servicio Local de Educación(SLE),Rural,16,163,16303,Ñiquén,96,38.1320735597724,13,3,0,1
3823,7,LICEO BICENTENARIO POLIVALENTE JORGE ALESSANDRI RODRIGUEZ,Servicio Local de Educación(SLE),Urbano,16,163,16304,San Fabián,110,37.381529147788,89,6,5,10
3829,6,ESCUELA BÁSICA JOSÉ ANDRES LEIVA LEIVA,Servicio Local de Educación(SLE),Rural,16,163,16304,San Fabián,96,31.0603100779398,9,0,0,0
3831,8,ESCUELA BASICA PASO ANCHO,Servicio Local de Educación(SLE),Rural,16,163,16304,San Fabián,31,38.815919727842,26,2,2,1
3833,4,ESCUELA BASICA TRABUNCURA,Servicio Local de Educación(SLE),Rural,16,163,16304,San Fabián,96,35.7726138568108,6,0,0,0
3835,0,ESCUELA BRITANICA GUILLERMINA DRAKE WOOD,Servicio Local de Educación(SLE),Urbano,16,163,16302,Coihueco,123,36.7418634035443,110,4,5,4
3836,9,ESCUELA DOMITILA URREJOLA MENCHACA,Servicio Local de Educación(SLE),Rural,16,163,16302,Coihueco,43,38.1210615942882,35,1,4,3
3837,7,ESCUELA ENRIQUE GRAF REYES,Servicio Local de Educación(SLE),Rural,16,163,16302,Coihueco,96,37.0824984554735,10,0,1,1
3838,5,ESCUELA BASICA TANILVORO,Servicio Local de Educación(SLE),Rural,16,163,16302,Coihueco,96,45.0147928510107,3,0,0,1
3839,3,ESCUELA TALQUIPEN,Servicio Local de Educación(SLE),Rural,16,163,16302,Coihueco,45,37.6824845601418,38,1,2,4
3840,7,ESCUELA BASICA NIBLINTO,Servicio Local de Educación(SLE),Rural,16,163,16302,Coihueco,25,34.9373498902365,23,1,0,1
3841,5,ESCUELA GUARDIA MARINA ERNESTO RIQUELME,Servicio Local de Educación(SLE),Rural,16,163,16302,Coihueco,28,35.1545732355841,25,3,0,0
3842,3,ESCUELA HEROES DE IQUIQUE,Servicio Local de Educación(SLE),Rural,16,163,16302,Coihueco,48,33.1857385806078,46,0,2,0
3843,1,ESCUELA PORVENIR DE CATO,Servicio Local de Educación(SLE),Rural,16,163,16302,Coihueco,62,36.4411387691551,58,2,1,1
3849,0,ESCUELA CAMILO HENRIQUEZ,Municipal DAEM,Rural,16,161,16101,Chillán,20,37.1015251812272,16,1,1,2
3855,5,ESCUELA GENERAL PEDRO LAGOS MARCHANT,Servicio Local de Educación(SLE),Rural,16,163,16302,Coihueco,36,37.4589747894812,35,0,0,1
3856,3,ESCUELA MANUEL MATUS HERMOSILLA,Servicio Local de Educación(SLE),Rural,16,163,16302,Coihueco,47,38.4521975753826,38,1,7,1
3857,1,ESCUELA BENJAMIN VICUNA MACKENNA,Servicio Local de Educación(SLE),Rural,16,163,16302,Coihueco,96,33.3912938367718,4,0,0,0
3859,8,ESCUELA SAN ANTONIO DE FRUTILLARES,Servicio Local de Educación(SLE),Rural,16,163,16302,Coihueco,96,35.1954102652389,4,0,0,0
3866,0,ESCUELA PARTICULAR LAS MARIPOSAS,Particular Subvencionado,Rural,16,161,16101,Chillán,89,34.7407141980596,86,2,1,0
3867,9,ESCUELA PARTIC.LOS ALTOS DE MIRAFLORES,Particular Subvencionado,Rural,16,163,16302,Coihueco,24,40.6318972506875,16,4,2,2
3869,5,ESCUELA AGROECOLÓGICAS LAS ISLAS,Particular Subvencionado,Rural,16,163,16302,Coihueco,96,38.2087577831667,3,1,0,0
3872,5,ESCUELA JOSE TOHA SOLDEVILLA,Servicio Local de Educación(SLE),Rural,16,161,16106,Pinto,59,32.9247932801602,58,0,0,1
3885,7,COLEGIO FRANCISCO DE ASIS,Particular Subvencionado,Urbano,16,161,16106,Pinto,139,34.227566893071,135,1,2,1
3886,5,LICEO BICENTENARIO MANUEL JESUS ORTIZ,Municipal DAEM,Urbano,16,161,16108,San Ignacio,56,36.4904189060372,51,3,1,1
3887,3,LICEO BICENTENARIO DE EXCELENCIA PUEBLO SECO,Municipal DAEM,Rural,16,161,16108,San Ignacio,80,35.892881786282,75,1,2,2
3888,1,COLEGIO BICENTENARIO DE EXCELENCIA POLITECNICO VICTOR JARA,Municipal DAEM,Rural,16,161,16108,San Ignacio,44,34.9139334972443,42,1,1,0
3890,3,ESCUELA MARÍA LUISA ESPINOZA RUIZ,Municipal DAEM,Rural,16,161,16108,San Ignacio,23,36.5560520583055,22,1,0,0
3891,1,ESCUELA LAS QUILAS,Municipal DAEM,Rural,16,161,16108,San Ignacio,96,33.344827780728,10,0,0,0
3897,0,ESCUELA CALLE ALEGRE,Municipal DAEM,Rural,16,161,16108,San Ignacio,96,29.1501031991008,3,0,0,0
3898,9,ESCUELA SANTA JUANA,Municipal DAEM,Rural,16,161,16108,San Ignacio,96,30.0549468837234,2,0,0,0
3899,7,ESCUELA COLTON VARIANTE,Municipal DAEM,Rural,16,161,16108,San Ignacio,96,34.1751725689964,11,0,0,0
3903,9,ESCUELA MAYULERMO,Municipal DAEM,Rural,16,161,16108,San Ignacio,96,33.7196460606504,11,0,0,0
3906,3,ESCUELA SELVA NEGRA,Municipal DAEM,Rural,16,161,16108,San Ignacio,96,34.2518574267902,5,1,0,0
3907,1,COLEGIO BICENTENARIO MARY WARD,Particular Subvencionado,Urbano,16,161,16108,San Ignacio,148,34.8925640005807,144,3,1,0
3910,1,ESCUELA VIRGEN DEL CARMEN,Municipal DAEM,Urbano,16,161,16104,El Carmen,213,35.5847120293108,201,5,3,4
3912,8,ESCUELA DEL CARMEN SAN MARTÍN OTÁROLA,Municipal DAEM,Rural,16,161,16104,El Carmen,96,34.6541490907161,11,0,0,0
3913,6,ESCUELA NAVIDAD-TREHUALEMU,Municipal DAEM,Rural,16,161,16104,El Carmen,32,33.034329818187,32,0,0,0
3914,4,ESCUELA BERNARDINO MUNOZ GONZALEZ,Municipal DAEM,Rural,16,161,16104,El Carmen,96,29.6736764458834,13,0,0,0
3916,0,ESCUELA CAPILLA NORTE,Municipal DAEM,Rural,16,161,16104,El Carmen,96,34.4050259449803,8,0,0,0
3918,7,ESCUELA LUIS TEODORO ORTEGA OYARCE,Municipal DAEM,Rural,16,161,16104,El Carmen,96,32.9916097181448,6,0,1,0
3922,5,ESCUELA MATA REDONDA,Municipal DAEM,Rural,16,161,16104,El Carmen,96,34.0542354164551,7,0,1,0
3935,7,ESCUELA DE SAN VICENTE ALTO,Municipal DAEM,Rural,16,161,16104,El Carmen,96,32.2904641138636,15,0,0,0
3941,1,LICEO CAMPANARIO,Municipal DAEM,Urbano,16,161,16109,Yungay,62,38.706713984951,46,8,3,5
3948,9,ESCUELA SAN MIGUEL DE ITATA,Municipal DAEM,Rural,16,161,16109,Yungay,96,36.6365622677479,17,0,0,1
3955,1,ESCUELA BASICA RANCHILLOS,Municipal DAEM,Rural,16,161,16109,Yungay,24,41.0746012476383,15,2,4,3
3957,8,ESCUELA LOS MAYOS,Municipal DAEM,Rural,16,161,16109,Yungay,30,38.0971947249676,27,0,1,2
3960,8,COLEGIO DIVINA PASTORA,Particular Subvencionado,Urbano,16,161,16109,Yungay,88,35.5598250012318,83,2,1,2
3967,5,ESCUELA BASICA GENERAL CRUZ,Municipal DAEM,Rural,16,161,16105,Pemuco,25,36.0352525741617,23,1,1,0
3971,3,ESCUELA JOSÉ RENÉ SALGADO,Municipal DAEM,Rural,16,161,16105,Pemuco,96,34.8245890903911,12,0,0,0
3972,1,ESCUELA ARTURO MATTE ALESSANDRI,Municipal DAEM,Rural,16,161,16105,Pemuco,34,35.2879433577194,32,1,1,0
3974,8,ESCUELA BASICA VALLE HERMOSO,Municipal DAEM,Rural,16,161,16105,Pemuco,96,34.1109892921585,15,1,0,0
3976,4,LICEO MANUEL BULNES,Municipal DAEM,Urbano,16,161,16102,Bulnes,46,41.2517851413878,26,4,7,9
3977,2,LICEO BICENTENARIO SANTA CRUZ DE LARQUI,Municipal DAEM,Urbano,16,161,16102,Bulnes,133,38.5573052926079,111,9,5,8
3978,0,ESCUELA CELIA URRUTIA PRIETO,Municipal DAEM,Urbano,16,161,16102,Bulnes,20,43.4381403921148,13,2,1,4
3980,2,ESCUELA BASICA PUEBLO SECO SANTA CLARA,Municipal DAEM,Rural,16,161,16102,Bulnes,38,35.4912769744887,38,0,0,0
3981,0,ESCUELA EL PALPAL DE SANTA CLARA,Municipal DAEM,Rural,16,161,16102,Bulnes,27,34.1308257644742,27,0,0,0
3982,9,ESCUELA BATALLA DEL ROBLE,Municipal DAEM,Rural,16,161,16102,Bulnes,33,37.7637521573612,30,1,0,2
3983,7,ESCUELA EVARISTA OGALDE ORTEGA,Municipal DAEM,Rural,16,161,16102,Bulnes,21,37.7578149093381,18,0,1,2
3984,5,ESCUELA CANTA RANA,Municipal DAEM,Rural,16,161,16102,Bulnes,96,36.2958116223829,17,2,0,0
3991,8,ESCUELA COLTON QUILLAY,Municipal DAEM,Rural,16,161,16102,Bulnes,96,37.576057901827,6,0,0,0
3999,3,ESCUELA BASICA HEROES DEL ITATA,Municipal DAEM,Urbano,16,161,16107,Quillón,92,36.4510533295726,83,3,2,4
4000,2,ESCUELA BÁSICA AMANDA CHÁVEZ NAVARRETE,Municipal DAEM,Urbano,16,161,16107,Quillón,84,35.1963527792087,77,2,3,2
4001,0,ESCUELA PEDRO ENRIQUE TORRES SABELLE,Municipal DAEM,Rural,16,161,16107,Quillón,96,35.1550258848772,18,0,1,0
4002,9,ESCUELA BASICA EL CASINO,Municipal DAEM,Rural,16,161,16107,Quillón,70,34.4879867863577,67,2,1,0
4005,3,ESCUELA BÁSICA PUERTO LOS FRUTALES DE COYANCO,Municipal DAEM,Rural,16,161,16107,Quillón,39,37.730898996267,36,0,2,1
4006,1,ESCUELA BASICA LIUCURA BAJO,Municipal DAEM,Rural,16,161,16107,Quillón,96,34.3655874776354,10,0,0,0
4019,3,ESCUELA BÁSICA LAGUNA AVENDAÑO,Municipal DAEM,Rural,16,161,16107,Quillón,47,34.149837218296,47,0,0,0
4026,6,ESCUELA BASICA NUEVA ALDEA,Municipal DAEM,Rural,16,162,16206,Ranquil,96,35.0708409539849,14,0,0,0
4027,4,ESCUELA BASICA VEGAS DE CONCHA,Municipal DAEM,Rural,16,162,16206,Ranquil,26,34.6890027385205,25,0,1,0
4029,0,ESCUELA BASICA SAN IGNACIO DE PALOMARES,Municipal DAEM,Rural,16,162,16206,Ranquil,31,37.139166207708,24,2,2,3
4032,0,LICEO BICENTENARIO DE EXCELENCIA NIBALDO SEPÚLVEDA FERNÁNDEZ,Municipal DAEM,Urbano,16,162,16205,Portezuelo,57,36.1904084934379,49,1,3,4
4034,7,ESCUELA LOMAS DE CHUDAL,Municipal DAEM,Rural,16,162,16205,Portezuelo,22,34.2400590858312,21,1,0,0
4039,8,ESCUELA SAN FRANCISCO DE ASIS,Municipal DAEM,Rural,16,162,16205,Portezuelo,96,35.7107840333383,10,0,0,0
4043,6,COLEGIO NUESTRA SEÑORA DEL CARMEN,Particular Subvencionado,Urbano,16,162,16205,Portezuelo,57,36.4872231578698,45,5,4,3
4048,7,ESCUELA VILLA JESUS DE COELEMU,Municipal DAEM,Urbano,16,162,16203,Coelemu,133,32.8523999425462,131,1,1,0
4050,9,ESCUELA MARIA TERESA MARCHANT CONTRERAS,Municipal DAEM,Urbano,16,162,16203,Coelemu,94,32.2625018260373,93,0,0,1
4051,7,ESCUELA CLEMENTINA MAUREIRA ALMANZA,Municipal DAEM,Rural,16,162,16203,Coelemu,34,34.6521413082948,32,0,1,1
4052,5,ESCUELA GUARILIHUE ALTO,Municipal DAEM,Rural,16,162,16203,Coelemu,50,35.3860216076004,46,1,1,2
4059,2,ESCUELA FELIPE CUBILLOS SIGAL,Municipal DAEM,Rural,16,162,16203,Coelemu,96,38.1021095185078,7,0,1,0
4061,4,ESCUELA BASICA AMERICA,Municipal DAEM,Rural,16,162,16206,Ranquil,96,33.4565091511071,9,0,0,0
4062,2,ESCUELA VEGAS DE ITATA,Municipal DAEM,Rural,16,162,16203,Coelemu,96,37.3670073958575,3,1,0,1
4070,3,ESCUELA BASICA MAITENCO,Municipal DAEM,Rural,16,162,16207,Treguaco,96,30.8533130029016,16,0,0,0
4071,1,ESCUELA BÁSICA VALLE LONQUÉN,Municipal DAEM,Rural,16,162,16207,Treguaco,52,32.3173855093214,51,0,0,1
4076,2,ESCUELA BASICA MINAS DE LEUQUE,Municipal DAEM,Rural,16,162,16207,Treguaco,96,34.9346835996532,18,0,0,0
4085,1,ESCUELA BASICA EL TOLLO,Municipal DAEM,Rural,16,162,16202,Cobquecura,96,35.5241112437683,4,0,0,0
4087,8,ESCUELA BASICA BUCHUPUREO,Municipal DAEM,Urbano,16,162,16202,Cobquecura,35,32.9537609906411,33,0,0,2
4090,8,ESCUELA BASICA COLMUYAO,Municipal DAEM,Rural,16,162,16202,Cobquecura,96,29.2004187969073,5,0,0,0
4094,0,ESCUELA BASICA TAUCU,Municipal DAEM,Rural,16,162,16202,Cobquecura,96,30.7415010777793,10,0,0,0
4096,7,ESCUELA BASICA QUILE,Municipal DAEM,Rural,16,162,16202,Cobquecura,96,32.9061020746026,4,0,0,0
4103,3,ESCUELA GRUMETE CORTES,Municipal DAEM,Urbano,16,162,16201,Quirihue,75,35.406664920757,67,2,4,2
4104,1,ESCUELA NUEVA AMERICA,Municipal DAEM,Urbano,16,162,16201,Quirihue,104,34.5603536929118,101,1,0,2
4107,6,ESCUELA BASICA SANTA CAROLINA,Municipal DAEM,Rural,16,162,16201,Quirihue,96,36.3981120000231,3,0,0,0
4112,2,ESCUELA BASICA SANTA ELENA,Municipal DAEM,Rural,16,162,16201,Quirihue,96,34.4749268343633,3,0,0,0
4125,4,ESCUELA ROSARIO CHACON BARRIOS,Municipal DAEM,Rural,16,162,16204,Ninhue,96,28.1759809853888,11,0,0,0
4128,9,ESCUELA BASICA DE RELOCA,Municipal DAEM,Rural,16,162,16204,Ninhue,96,26.7225005671814,3,0,0,0
4130,0,ESCUELA BASICA EL RINCON,Municipal DAEM,Rural,16,162,16204,Ninhue,96,30.0724773678657,9,0,0,0
4131,9,ESCUELA DOCTOR DAVID BENAVENTE SEPÚLVEDA,Municipal DAEM,Rural,16,162,16204,Ninhue,96,26.9599978757045,6,0,0,0
4133,5,ESCUELA ALIPIA ACEVEDO,Municipal DAEM,Rural,16,162,16204,Ninhue,96,24.277316083824,2,0,0,0
4134,3,ESCUELA BASICA TALHUAN,Municipal DAEM,Rural,16,162,16204,Ninhue,96,29.7751739358817,12,0,0,0
4139,4,ESCUELA PARTICULAR ADVENTISTA QUIRAO,Particular Subvencionado,Rural,16,162,16204,Ninhue,26,28.2726979859794,26,0,0,0
4140,8,LICEO BICENTENARIO DE EXCELENCIA POLIVALENTE SAN NICOLÁS,Municipal DAEM,Urbano,16,163,16305,San Nicolás,451,39.6248420971398,323,47,30,51
4141,6,LICEO BICENTENARIO DE EXCELENCIA TÉCNICO PUENTE ÑUBLE,Municipal DAEM,Rural,16,163,16305,San Nicolás,78,39.4599425121405,58,9,6,5
4142,4,ESCUELA LA MERCED,Servicio Local de Educación(SLE),Rural,16,163,16301,San Carlos,96,40.9807584249877,3,1,1,1
4146,7,ESCUELA BASICA LA LOMA,Municipal DAEM,Rural,16,163,16305,San Nicolás,32,37.5306094100873,29,1,0,2
4158,0,ESCUELA BASICA MONTELEON,Municipal DAEM,Rural,16,163,16305,San Nicolás,27,36.6369420654684,24,1,1,1
4160,2,LICEO COMERCIAL CAMILO HENRIQUEZ,Particular Subvencionado,Urbano,8,83,8301,Los Ángeles,176,39.8929949711484,131,14,9,22
4163,7,LICEO BICENTENARIO LOS ÁNGELES,Municipal DAEM,Urbano,8,83,8301,Los Ángeles,506,37.5674567127167,416,29,34,27
4164,5,LICEO COEDUCACIONAL SANTA MARÍA DE LOS ÁNGELES,Municipal DAEM,Urbano,8,83,8301,Los Ángeles,154,38.0713456833121,127,10,7,10
4168,8,ESCUELA GENERAL BERNARDO O HIGGINS,Municipal DAEM,Urbano,8,83,8301,Los Ángeles,31,42.5558560901262,16,1,7,7
4169,6,ESCUELA ESPANA,Municipal DAEM,Urbano,8,83,8301,Los Ángeles,126,39.4277234377492,93,15,10,8
4171,8,ESCUELA COLONIA ARABE,Municipal DAEM,Urbano,8,83,8301,Los Ángeles,63,39.9450754136315,45,4,4,10
4172,6,ESCUELA GENERAL JOSE DE SAN MARTIN,Municipal DAEM,Urbano,8,83,8301,Los Ángeles,37,40.1713293763644,26,4,2,5
4173,4,ESCUELA BLANCO ENCALADA,Municipal DAEM,Urbano,8,83,8301,Los Ángeles,96,37.665200994656,82,4,7,3
4174,2,ESCUELA HOGAR NIEVES VASQUEZ PALACIOS,Municipal DAEM,Urbano,8,83,8301,Los Ángeles,79,40.373957380913,56,10,6,7
4175,0,ESCUELA THOMAS JEFFERSON,Municipal DAEM,Urbano,8,83,8301,Los Ángeles,64,37.3580095472634,54,4,2,4
4176,9,ESCUELA JOSE MANSO DE VELASCO,Municipal DAEM,Urbano,8,83,8301,Los Ángeles,54,38.0563888486707,45,0,4,5
4177,7,ESCUELA CLARA REBOLLEDO DE GODOY,Municipal DAEM,Urbano,8,83,8301,Los Ángeles,96,40.0758822654944,15,1,0,1
4179,3,ESCUELA PEDRO RUIZ ALDEA,Municipal DAEM,Urbano,8,83,8301,Los Ángeles,86,37.6436179527172,78,3,3,2
4180,7,ESCUELA ARTURO ALESSANDRI PALMA,Municipal DAEM,Urbano,8,83,8301,Los Ángeles,101,36.797975237246,89,4,4,4
4181,5,ESCUELA BASICA REPUBLICA DE ISRAEL,Municipal DAEM,Urbano,8,83,8301,Los Ángeles,47,36.8529738835964,42,2,2,1
4183,1,ESCUELA BASICA 21 DE MAYO,Municipal DAEM,Urbano,8,83,8301,Los Ángeles,32,39.3550099501432,24,1,5,2
4185,8,ESCUELA ISLA DE LAJA,Municipal DAEM,Urbano,8,83,8301,Los Ángeles,97,40.5569411886587,70,13,7,7
4186,6,ESCUELA BASICA REPUBLICA DE ALEMANIA,Municipal DAEM,Urbano,8,83,8301,Los Ángeles,57,39.467269805365,47,6,2,2
4188,2,ESCUELA REPUBLICA DE GRECIA,Municipal DAEM,Urbano,8,83,8301,Los Ángeles,96,42.191857052935,11,1,1,2
4189,0,ESCUELA BASICA 11 DE SEPTIEMBRE,Municipal DAEM,Urbano,8,83,8301,Los Ángeles,34,38.60666809665,30,2,1,1
4190,4,LICEO SANTA FE,Municipal DAEM,Rural,8,83,8301,Los Ángeles,102,36.7228024854298,90,8,2,2
4191,2,ESCUELA BASICA SANTA CLARA DE CHACAYAL,Municipal DAEM,Rural,8,83,8301,Los Ángeles,32,37.806034227749,29,2,1,0
4193,9,ESCUELA BASICA LOS MOLINOS,Municipal DAEM,Rural,8,83,8301,Los Ángeles,96,36.7159077049955,13,1,0,0
4194,7,ESCUELA BASICA LA QUEBRADA,Municipal DAEM,Rural,8,83,8301,Los Ángeles,22,36.1004703506732,21,1,0,0
4195,5,LICEO AGROINDUSTRIAL LLANO BLANCO,Municipal DAEM,Rural,8,83,8301,Los Ángeles,65,41.1738718233491,43,14,1,7
4197,1,ESCUELA CORONEL GUILLERMO MARIN CARMONA,Municipal DAEM,Rural,8,83,8301,Los Ángeles,38,39.0994778113516,32,3,0,3
4199,8,ESCUELA BASICA LA AGUADA DE CUEL,Municipal DAEM,Rural,8,83,8301,Los Ángeles,40,38.655730429885,33,3,2,2
4200,5,ESCUELA BASICA VIRQUENCO,Municipal DAEM,Rural,8,83,8301,Los Ángeles,39,39.6295751975316,28,6,3,2
4201,3,ESCUELA BÁSICA HITILHUE,Municipal DAEM,Rural,8,83,8301,Los Ángeles,49,37.2485687394552,43,0,4,2
4202,1,ESCUELA BASICA LOS TRONCOS,Municipal DAEM,Rural,8,83,8301,Los Ángeles,96,46.7071577618914,3,0,2,2
4204,8,ESCUELA BASICA MILLANTU,Municipal DAEM,Rural,8,83,8301,Los Ángeles,37,38.1530427770041,30,4,1,2
4205,6,ESCUELA DIEGO PORTALES PALAZUELOS,Municipal DAEM,Rural,8,83,8301,Los Ángeles,79,36.5619387238466,71,2,5,1
4207,2,ESCUELA BÁSICA LA RINCONADA DEL SALTO,Municipal DAEM,Rural,8,83,8301,Los Ángeles,31,35.9762887345789,26,2,1,2
4210,2,ESCUELA BASICA COYANCO,Municipal DAEM,Rural,8,83,8301,Los Ángeles,96,34.2542952738929,8,0,0,0
4221,8,ESCUELA BASICA LA CAPILLA,Municipal DAEM,Rural,8,83,8301,Los Ángeles,96,37.4288030430959,17,1,0,0
4231,5,ESCUELA BASICA LA LEYENDA,Municipal DAEM,Rural,8,83,8301,Los Ángeles,22,35.0669066803828,21,0,1,0
4235,8,ESCUELA BASICA EL AMANECER DE DUQUECO,Municipal DAEM,Rural,8,83,8301,Los Ángeles,45,38.0430919734877,38,4,2,1
4254,4,ESCUELA PUENTE PERALES,Municipal DAEM,Rural,8,83,8304,Laja,35,37.5163138061714,31,2,2,0
4255,2,ESCUELA BASICA EL NOGAL.,Municipal DAEM,Rural,8,83,8301,Los Ángeles,34,39.7318986511665,26,4,1,3
4258,7,ESCUELA SANTA MARÍA DE LOS ÁNGELES,Particular Subvencionado,Urbano,8,83,8301,Los Ángeles,71,38.5267230288693,59,3,5,4
4259,5,COLEGIO SAN NICOLÁS,Particular Subvencionado,Urbano,8,83,8301,Los Ángeles,80,39.6596957657333,64,5,5,6
4262,5,COLEGIO PARTICULAR MARTA BRUNET,Particular Subvencionado,Urbano,8,83,8301,Los Ángeles,112,38.6880198358524,86,5,10,11
4263,3,COLEGIO SAN RAFAEL ARCANGEL,Particular Subvencionado,Urbano,8,83,8301,Los Ángeles,181,37.3089336933801,153,13,12,3
4266,8,COLEGIO LOS ANGELES,Particular Subvencionado,Urbano,8,83,8301,Los Ángeles,85,35.6440769522796,79,1,2,3
4268,4,ESCUELA PARTICULAR ADVENTISTA,Particular Subvencionado,Urbano,8,83,8301,Los Ángeles,72,34.9807137346523,66,2,1,3
4269,2,COLEGIO HISPANOAMERICANO,Particular Subvencionado,Urbano,8,83,8301,Los Ángeles,132,38.2249483870127,113,11,5,3
4270,6,LICEO PARTICULAR CARLOS CONDELL,Particular Subvencionado,Urbano,8,83,8301,Los Ángeles,57,41.8988110119179,39,3,4,11
4272,2,ESCUELA PARTICULAR DIEGO DE ALMAGRO,Particular Subvencionado,Urbano,8,83,8301,Los Ángeles,45,37.5052573324617,35,1,4,5
4275,7,ESCUELA PARTICULAR LA VICTORIA,Particular Subvencionado,Rural,8,83,8301,Los Ángeles,82,39.1225884221372,60,8,4,10
4277,3,CENTRO EDUCACIÓN ADVENTISTA LOS ÁNGELES,Particular Subvencionado,Rural,8,83,8301,Los Ángeles,270,34.030122249211,267,1,2,0
4280,3,ESCUELA PARTICULAR SAN JOSÉ,Particular Subvencionado,Rural,8,83,8301,Los Ángeles,77,37.7410251862187,62,6,4,5
4281,1,ESCUELA PARTICULAR RURAL LOS COPIHUES,Particular Subvencionado,Rural,8,83,8301,Los Ángeles,96,43.9569123607569,8,1,3,3
4290,0,ESCUELA CHARRUA,Municipal DAEM,Rural,8,83,8303,Cabrero,37,37.0043487342269,33,2,0,2
4292,7,ESCUELA SALTO EL LAJA,Municipal DAEM,Rural,8,83,8303,Cabrero,59,37.576376952329,51,2,4,2
4307,9,COLEGIO SAN JOSE,Particular Subvencionado,Urbano,8,83,8303,Cabrero,178,36.3316615112474,160,8,7,3
4308,7,COLEGIO ABEL INOSTROZA GUTIERREZ,Particular Subvencionado,Urbano,8,83,8303,Cabrero,59,34.6846876270574,57,1,1,0
4310,9,LICEO ANDRÉS ALCÁZAR DE TUCAPEL,Municipal DAEM,Urbano,8,83,8312,Tucapel,54,39.6227602939993,41,4,4,5
4311,7,ESCUELA LOS AVELLANOS,Municipal DAEM,Rural,8,83,8312,Tucapel,24,34.7792286852984,23,0,0,1
4312,5,ESCUELA ALEJANDRO PEREZ URBANO,Municipal DAEM,Rural,8,83,8312,Tucapel,40,37.567001299098,35,4,0,1
4324,9,LICEO DOCTOR VÍCTOR RÍOS RUIZ,Municipal DAEM,Urbano,8,83,8302,Antuco,105,36.0998026759659,93,4,6,2
4331,1,LICEO BICENTENARIO FRANCISCO BASCUNAN GUERRERO,Municipal DAEM,Urbano,8,83,8309,Quilleco,105,36.4200707657547,95,3,3,4
4333,8,LICEO ISABEL RIQUELME,Municipal DAEM,Urbano,8,83,8309,Quilleco,58,36.7319441018659,49,3,3,3
4334,6,ESCUELA BASICA VILLA MERCEDES,Municipal DAEM,Urbano,8,83,8309,Quilleco,30,33.7801457834194,29,1,0,0
4348,6,ESCUELA BASICA EL ESFUERZO,Municipal DAEM,Rural,8,83,8309,Quilleco,96,35.6208142468528,11,0,0,0
4352,4,ESCUELA BÁSICA ENRIQUE BERNSTEIN CARABANTES,Municipal DAEM,Urbano,8,83,8311,Santa Bárbara,76,37.7715377853577,64,2,5,5
4354,0,ESCUELA DE CONCENTRACIÓN FRONTERIZA RALCO ALTO BIOBÍO,Municipal DAEM,Rural,8,83,8314,Alto Biobío,85,32.3314419748348,83,1,1,0
4355,9,ESCUELA DE EDUCACIÓN GENERAL BÁSICA EL HUACHI,Municipal DAEM,Rural,8,83,8311,Santa Bárbara,96,38.0875653972747,4,0,1,0
4356,7,ESCUELA LOS BOLDOS,Municipal DAEM,Rural,8,83,8311,Santa Bárbara,24,34.021373379713,23,0,1,0
4357,5,ESCUELA BASICA VILLACURA,Municipal DAEM,Rural,8,83,8311,Santa Bárbara,96,37.3328925988757,10,1,1,0
4358,3,ESCUELA MARIANO PUGA VEGA,Municipal DAEM,Rural,8,83,8311,Santa Bárbara,38,35.8612670124688,35,2,0,1
4372,9,ESCUELA QUILLAILEO,Municipal DAEM,Rural,8,83,8311,Santa Bárbara,96,34.6116217445204,5,0,0,0
4375,3,ESCUELA RALCO LEPOY,Municipal DAEM,Rural,8,83,8314,Alto Biobío,33,37.472553218361,31,0,2,0
4379,6,ESCUELA CALLAQUI,Municipal DAEM,Rural,8,83,8314,Alto Biobío,37,36.1469266444224,35,0,1,1
4382,6,COLEGIO SANTA BARBARA,Particular Subvencionado,Urbano,8,83,8311,Santa Bárbara,90,34.8442364708255,88,1,1,0
4387,7,ESCUELA LAS PARCELAS,Particular Subvencionado,Rural,8,83,8301,Los Ángeles,21,39.1110417252418,15,1,3,2
4389,3,ESCUELA PARTICULAR TRAPA TRAPA,Particular Subvencionado,Rural,8,83,8314,Alto Biobío,96,37.2293193344191,12,0,1,4
4391,5,ESCUELA EL CASTILLO,Particular Subvencionado,Rural,8,83,8311,Santa Bárbara,96,40.9748855148224,12,0,1,4
4392,3,LICEO BICENTENARIO VALLE DEL SOL QUILACO,Municipal DAEM,Urbano,8,83,8308,Quilaco,87,37.1067714609676,81,4,0,2
4393,1,ESCUELA BASICA RUCALHUE,Municipal DAEM,Rural,8,83,8308,Quilaco,96,34.9940739302105,11,0,0,0
4396,6,ESCUELA BASICA CAMPAMENTO,Municipal DAEM,Rural,8,83,8308,Quilaco,96,33.593459812232,7,0,0,0
4402,4,ESCUELA BASICA LONCOPANGUE,Municipal DAEM,Rural,8,83,8308,Quilaco,96,37.1566819911915,10,0,0,0
4405,9,ESCUELA BLANCO ENCALADA,Municipal DAEM,Urbano,8,83,8305,Mulchén,121,37.7270866700087,98,11,4,8
4406,7,ESCUELA BASICA MULCHEN,Municipal DAEM,Urbano,8,83,8305,Mulchén,143,37.4223835110677,121,10,6,6
4407,5,ESCUELA IGNACIO VERDUGO CAVADA,Municipal DAEM,Urbano,8,83,8305,Mulchén,65,37.8522585359922,53,4,4,4
4408,3,LICEO CRISOL,Municipal DAEM,Urbano,8,83,8305,Mulchén,49,42.8375003484654,27,4,8,10
4409,1,ESCUELA SACERDOTE ALEJANDRO MANERA,Municipal DAEM,Urbano,8,83,8305,Mulchén,77,35.0181089995831,69,4,3,1
4410,5,ESCUELA ARTÍSTICA VILLA LAS PEÑAS,Municipal DAEM,Urbano,8,83,8305,Mulchén,59,39.6407795709287,44,5,6,4
4414,8,ESCUELA BASICA MUNILQUE IZAURIETA,Municipal DAEM,Rural,8,83,8305,Mulchén,96,37.4387796859076,8,2,0,0
4437,7,ESCUELA BASICA AURORA DE ENERO,Municipal DAEM,Rural,8,83,8305,Mulchén,96,33.861062193909,6,0,0,0
4443,1,ESCUELA SAN BERNARDINO DE SENA,Particular Subvencionado,Urbano,8,83,8305,Mulchén,69,37.3896843063688,64,3,2,0
4446,6,LICEO POLIVALENTE LA FRONTERA,Municipal DAEM,Urbano,8,83,8307,Negrete,153,37.4394354671406,143,7,1,2
4447,4,ESCUELA BASICA RIHUE,Municipal DAEM,Rural,8,83,8307,Negrete,35,36.8964585374207,32,2,0,1
4448,2,ESCUELA BASICA VILLA COIGUE,Municipal DAEM,Urbano,8,83,8307,Negrete,45,39.3213969131049,34,3,6,2
4449,0,ESCUELA BASICA VAQUERIA,Municipal DAEM,Rural,8,83,8307,Negrete,48,42.0338712519842,30,6,8,4
4452,0,ESCUELA EL SABER,Municipal DAEM,Urbano,8,83,8306,Nacimiento,167,34.634187823584,162,2,2,1
4453,9,ESCUELA OSCAR GUERRERO QUINSAC,Municipal DAEM,Urbano,8,83,8306,Nacimiento,52,35.6765184660342,49,1,2,0
4454,7,ESCUELA CANADA,Municipal DAEM,Urbano,8,83,8306,Nacimiento,101,34.5490897808091,98,0,0,3
4455,5,ESCUELA TOQUI LAUTARO,Municipal DAEM,Urbano,8,83,8306,Nacimiento,96,37.437946861666,80,5,7,4
4456,3,ESCUELA BASICA DOLLINCO,Municipal DAEM,Rural,8,83,8306,Nacimiento,96,41.4431370131504,12,0,2,4
4481,4,ESCUELA JOSE ABELARDO NUNEZ,Municipal DAEM,Urbano,8,83,8304,Laja,71,39.0131447571,58,3,7,3
4482,2,ESCUELA NIVEQUETEN,Municipal DAEM,Urbano,8,83,8304,Laja,143,35.5466579779001,131,6,4,2
4484,9,ESCUELA BASICA LA COLONIA,Municipal DAEM,Rural,8,83,8304,Laja,96,37.3148642717102,17,0,1,0
4485,7,ESCUELA FRANCISCO PEDRO ZATTERA GUELFI,Municipal DAEM,Rural,8,83,8304,Laja,29,38.7709570230694,24,3,1,1
4486,5,ESCUELA LAS CIÉNAGAS,Municipal DAEM,Rural,8,83,8304,Laja,21,35.5007850535531,19,1,1,0
4496,2,COLEGIO PARTICULAR SAN MAURICIO,Particular Subvencionado,Urbano,8,83,8304,Laja,31,36.9695148012415,27,3,1,0
4497,0,ESCUELA PARTICULAR ALFA Y OMEGA,Particular Subvencionado,Urbano,8,83,8304,Laja,35,42.1710397526338,27,1,1,6
4500,4,LICEO ISIDORA AGUIRRE TUPPER,Municipal DAEM,Urbano,8,83,8310,San Rosendo,60,36.9367948864513,54,4,1,1
4503,9,ESCUELA BASICA LOS CALLEJONES,Municipal DAEM,Rural,8,83,8310,San Rosendo,96,35.8586483603936,12,0,0,1
4506,3,ESCUELA HÉROES DE CHILE,Municipal DAEM,Urbano,8,83,8313,Yumbel,77,37.9682998533409,67,4,4,2
4507,1,LICEO TÉCNICO PROFESIONAL GONZALO GUGLIELMI MONTIEL,Municipal DAEM,Urbano,8,83,8313,Yumbel,77,40.4027953980694,50,10,4,13
4509,8,LICEO MUNICIPAL RIO CLARO,Municipal DAEM,Rural,8,83,8313,Yumbel,53,35.8501533346885,48,4,1,0
4512,8,ESCUELA ENRIQUE PUFFE KIND,Municipal DAEM,Rural,8,83,8313,Yumbel,27,36.7804912359945,23,2,1,1
4513,6,ESCUELA PADRE PEDRO CAMPOS MENCHACA,Municipal DAEM,Rural,8,83,8313,Yumbel,40,36.3775278031334,34,1,3,2
4514,4,ESCUELA MUNICIPAL RERE,Municipal DAEM,Rural,8,83,8313,Yumbel,96,33.8012406463306,6,1,0,0
4530,6,INSTITUTO SAN SEBASTIÁN BÁSICO.,Particular Subvencionado,Urbano,8,83,8313,Yumbel,160,33.9542524906087,160,0,0,0
4531,4,COLEGIO MARINA DE CHILE,Servicio Local de Educación(SLE),Urbano,8,81,8101,Concepción,149,40.7011284226556,108,14,8,19
4548,9,COLEGIO BIOBÍO,Servicio Local de Educación(SLE),Urbano,8,81,8101,Concepción,56,39.4049979124906,47,2,3,4
4551,9,ESCUELA BÁSICA COMÚN HOSPITAL,Servicio Local de Educación(SLE),Urbano,8,81,8101,Concepción,96,45.2363018961847,2,1,0,3
4555,1,LICEO ENRIQUE MOLINA GARMENDIA,Servicio Local de Educación(SLE),Urbano,8,81,8101,Concepción,29,42.3140908979532,19,2,2,6
4560,8,LICEO CHIGUAYANTE,Servicio Local de Educación(SLE),Urbano,8,81,8103,Chiguayante,36,39.9908679636731,30,2,0,4
4561,6,LICEO JUAN MARTINEZ DE ROZAS,Servicio Local de Educación(SLE),Urbano,8,81,8101,Concepción,34,50.8472840780578,13,3,1,17
4563,2,COLEGIO REPÚBLICA DEL ECUADOR,Servicio Local de Educación(SLE),Urbano,8,81,8101,Concepción,38,40.6712218164221,26,3,4,5
4564,0,COLEGIO BICENTENARIO REPÚBLICA DEL BRASIL,Servicio Local de Educación(SLE),Urbano,8,81,8101,Concepción,245,40.9538029564979,162,25,11,47
4565,9,LICEO DOMINGO SANTA MARÍA,Servicio Local de Educación(SLE),Urbano,8,81,8101,Concepción,79,40.6832773513902,58,5,3,13
4569,1,ESCUELA DIEGO PORTALES PALAZUELOS,Servicio Local de Educación(SLE),Urbano,8,81,8101,Concepción,48,40.0129997278106,35,4,4,5
4571,3,COLEGIO JOSE HIPOLITO SALAS Y TORO,Servicio Local de Educación(SLE),Urbano,8,81,8103,Chiguayante,51,43.5330333161371,25,6,7,13
4572,1,COLEGIO GRAN BRETAÑA,Servicio Local de Educación(SLE),Urbano,8,81,8101,Concepción,75,43.536273419744,35,11,10,19
4574,8,COLEGIO BICENTENARIO ESPAÑA,Servicio Local de Educación(SLE),Urbano,8,81,8101,Concepción,139,40.4177351820462,102,6,8,23
4575,6,COLEGIO JOHN KENNEDY,Servicio Local de Educación(SLE),Urbano,8,81,8103,Chiguayante,80,40.9731481861021,55,4,6,15
4576,4,ESCUELA BELGICA,Servicio Local de Educación(SLE),Urbano,8,81,8103,Chiguayante,43,37.4041922505817,36,4,3,0
4577,2,COLEGIO REPÚBLICA DE ISRAEL,Servicio Local de Educación(SLE),Urbano,8,81,8101,Concepción,68,40.6392997647164,50,3,6,9
4578,0,ESCUELA DARIO SALAS MARCHANT,Servicio Local de Educación(SLE),Urbano,8,81,8108,San Pedro de la Paz,137,38.6204350900111,113,15,6,3
4579,9,ESCUELA BASICA RENE LOUVEL BERT,Servicio Local de Educación(SLE),Urbano,8,81,8101,Concepción,66,38.2997823062566,57,6,2,1
4581,0,ESCUELA OSCAR CASTRO ZUNIGA,Servicio Local de Educación(SLE),Urbano,8,81,8101,Concepción,26,44.4405780549177,15,2,0,9
4582,9,ESCUELA ESTHER HUNNEUS DE CLARO,Servicio Local de Educación(SLE),Urbano,8,81,8101,Concepción,34,42.330305364575,22,4,2,6
4585,3,LICEO REBECA MATTE BELLO,Servicio Local de Educación(SLE),Urbano,8,81,8101,Concepción,57,39.2981376063816,42,5,4,6
4586,1,ESCUELA BASICA MANQUIMAVIDA,Servicio Local de Educación(SLE),Urbano,8,81,8103,Chiguayante,30,40.0608033978615,24,3,1,2
4588,8,COLEGIO JUAN GREGORIO LAS HERAS,Servicio Local de Educación(SLE),Urbano,8,81,8101,Concepción,169,43.2390587769856,91,14,23,41
4589,6,LICEO LUCERO GONZALEZ,Servicio Local de Educación(SLE),Urbano,8,81,8101,Concepción,52,42.5070860183063,26,9,9,8
4591,8,COLEGIO REPUBLICA DE GRECIA,Servicio Local de Educación(SLE),Urbano,8,81,8103,Chiguayante,73,43.274217456472,33,15,6,19
4592,6,ESCUELA BÁSICA IRENE FREI DE CID,Servicio Local de Educación(SLE),Urbano,8,81,8101,Concepción,52,42.457531620244,33,3,4,12
4593,4,BASICA SARGENTO CANDELARIA PEREZ,Servicio Local de Educación(SLE),Urbano,8,81,8108,San Pedro de la Paz,51,41.2223259224177,31,10,6,4
4594,2,ESCUELA MIGUEL JOSE ZANARTU SANTA MARIA,Servicio Local de Educación(SLE),Urbano,8,81,8108,San Pedro de la Paz,142,38.9442766082851,116,9,7,10
4595,0,ESCUELA ENRIQUE SORO BARRIGA,Servicio Local de Educación(SLE),Urbano,8,81,8108,San Pedro de la Paz,140,36.1149834298445,134,2,2,2
4603,5,ESCUELA BASICA LAGOS DE CHILE,Servicio Local de Educación(SLE),Urbano,8,81,8101,Concepción,29,40.6337409228945,19,3,3,4
4609,4,ESCUELA PALESTINA DE PALOMARES,Servicio Local de Educación(SLE),Urbano,8,81,8101,Concepción,32,37.8963944746097,29,2,1,0
4611,6,ESCUELA BASICA LUIS ALBERTO ACEVEDO,Servicio Local de Educación(SLE),Urbano,8,81,8108,San Pedro de la Paz,67,38.6177366062356,54,6,3,4
4612,4,ESCUELA LUIS ALFREDO MUÑOZ BURBOA,Servicio Local de Educación(SLE),Urbano,8,81,8101,Concepción,96,39.0636311301169,15,0,2,2
4613,2,ESCUELA BASICA LAUTARO,Servicio Local de Educación(SLE),Urbano,8,81,8101,Concepción,24,45.9592223541138,11,2,4,7
4614,0,ESCUELA BASICA AGUA DE LA GLORIA,Servicio Local de Educación(SLE),Rural,8,81,8101,Concepción,52,36.4557224711357,49,2,0,1
4615,9,ESCUELA BASICA BOCA DEL BIO BIO SUR,Servicio Local de Educación(SLE),Urbano,8,81,8108,San Pedro de la Paz,101,42.9981907618377,53,10,17,21
4616,7,ESCUELA BASICA MICHAIHUE,Servicio Local de Educación(SLE),Urbano,8,81,8108,San Pedro de la Paz,115,41.6762703060826,71,11,10,23
4617,5,COLEGIO GALVARINO DE LOMAS COLORADAS,Servicio Local de Educación(SLE),Urbano,8,81,8108,San Pedro de la Paz,78,38.5146089531733,68,4,2,4
4622,1,ESCUELA BASICA FUNDO CHANCO,Servicio Local de Educación(SLE),Rural,8,81,8101,Concepción,33,34.3908086011097,32,0,0,1
4626,4,ESCUELA JOSE MIGUEL CARRERA,Particular Subvencionado,Urbano,8,81,8108,San Pedro de la Paz,165,39.7684873166069,125,17,9,14
4627,2,COLEGIO PARTICULAR AURORA DE CHILE,Particular Subvencionado,Urbano,8,81,8103,Chiguayante,134,35.8346612234045,128,0,3,3
4628,0,ESCUELA PARTICULAR PRESIDENTE GABRIEL GONZÁLEZ VIDELA,Particular Subvencionado,Urbano,8,81,8103,Chiguayante,21,39.9674168543141,14,2,2,3
4629,9,ESCUELA PARTICULAR PEDRO DE ONA,Particular Subvencionado,Urbano,8,81,8108,San Pedro de la Paz,83,36.7481517150156,80,1,1,1
4630,2,COLEGIO DEL SAGRADO CORAZON,Particular Subvencionado,Urbano,8,81,8101,Concepción,159,36.3497417452771,142,7,7,3
4631,0,COLEGIO PARTICULAR ANDRÉS BELLO,Particular Subvencionado,Urbano,8,81,8103,Chiguayante,290,40.9410948630728,189,17,36,48
4633,7,COLEGIO PARTICULAR SANTA INES,Particular Subvencionado,Urbano,8,81,8103,Chiguayante,48,36.9728396821454,41,2,2,3
4635,3,COLEGIO LAGUNA REDONDA,Particular Subvencionado,Urbano,8,81,8101,Concepción,63,38.0952026375474,56,1,1,5
4636,1,COLEGIO MARCELA PAZ,Particular Subvencionado,Urbano,8,81,8101,Concepción,80,36.2234649380992,75,3,1,1
4641,8,COLEGIO PARTICULAR ALBORADA,Particular Subvencionado,Urbano,8,81,8108,San Pedro de la Paz,178,37.4370622133382,158,6,6,8
4644,2,COLEGIO PARTICULAR JUAN BOSCO,Particular Subvencionado,Urbano,8,81,8108,San Pedro de la Paz,241,36.480635568684,223,7,5,6
4645,0,COLEGIO PARTICULAR EL LIBERTADOR,Particular Subvencionado,Urbano,8,81,8101,Concepción,58,35.9748629266409,54,0,3,1
4646,9,COLEGIO SANTA SABINA,Particular Subvencionado,Urbano,8,81,8101,Concepción,225,36.0832879779126,211,10,2,2
4647,7,COLEGIO PARTICULAR ALONSO DE ERCILLA,Particular Subvencionado,Urbano,8,81,8101,Concepción,22,40.7802049985366,15,3,1,3
4648,5,ESCUELA BASICA MALVINA ROMERO VIDAL,Particular Subvencionado,Urbano,8,81,8101,Concepción,48,36.4125802845568,43,0,4,1
4650,7,COLEGIO COLEGIO MARTÍN LUTHER,Particular Subvencionado,Urbano,8,81,8108,San Pedro de la Paz,61,38.2558531612023,50,4,3,4
4655,8,COLEGIO ADVENTISTA DE CONCEPCION,Particular Subvencionado,Urbano,8,81,8101,Concepción,90,34.2647461006081,88,1,0,1
4656,6,ESCUELA PARTICULAR INSTITUTO SAN PEDRO,Particular Subvencionado,Urbano,8,81,8108,San Pedro de la Paz,152,36.87107417365,139,8,4,1
4658,2,ESCUELA PARTICULAR MANQUIMAVIDA,Particular Subvencionado,Urbano,8,81,8103,Chiguayante,131,39.9509904851923,93,14,14,10
4659,0,COLEGIO LA PROVIDENCIA,Particular Subvencionado,Urbano,8,81,8101,Concepción,161,37.1004652803925,147,7,5,2
4660,4,ESCUELA PARTTICULAR SANTA CATALINA DE SIENA,Particular Subvencionado,Urbano,8,81,8101,Concepción,68,35.9998957778865,65,2,0,1
4662,0,COLEGIO SAN IGNACIO,Particular Subvencionado,Urbano,8,81,8108,San Pedro de la Paz,258,36.8022341122875,230,17,7,4
4663,9,COLEGIO MARIA INMACULADA,Particular Subvencionado,Urbano,8,81,8101,Concepción,270,34.8524055193658,259,6,3,2
4664,7,COLEGIO SANTA EUFRASIA,Particular Subvencionado,Urbano,8,81,8101,Concepción,167,37.7545693882587,140,9,9,9
4665,5,COLEGIO EDWARD,Particular Subvencionado,Urbano,8,81,8101,Concepción,63,35.1133414629537,59,3,1,0
4666,3,COLEGIO SANTA LUISA DE CONCEPCION,Particular Subvencionado,Urbano,8,81,8101,Concepción,160,36.0040406352601,146,2,10,2
4667,1,COLEGIO SAN PATRICIO,Particular Subvencionado,Urbano,8,81,8103,Chiguayante,176,37.2079671529161,160,5,5,6
4669,8,LICEO SAN AGUSTIN DE CONCEPCION,Particular Subvencionado,Urbano,8,81,8101,Concepción,180,34.3495062585322,178,1,1,0
4670,1,ESCUELA PARTICULAR EL NAZARENO,Particular Subvencionado,Urbano,8,81,8101,Concepción,34,40.8095618111023,21,3,6,4
4672,8,LICEO TÉCNICO PROFESIONAL BICENTENARIO JORGE SÁNCHEZ UGARTE,Particular Subvencionado,Urbano,8,81,8101,Concepción,270,40.6605649737796,188,28,24,30
4675,2,ESCUELA PARTICULAR ANDRES BELLO,Particular Subvencionado,Urbano,8,81,8108,San Pedro de la Paz,89,37.9426627644027,74,9,2,4
4677,9,ESCUELA PARTICULAR SAN JOSE,Particular Subvencionado,Urbano,8,81,8108,San Pedro de la Paz,90,36.6482817933056,83,4,2,1
4691,4,COLEGIO CHILENO ARABE,Particular Subvencionado,Urbano,8,81,8103,Chiguayante,117,35.6663490385189,111,1,4,1
4711,2,ARTURO PRAT CHACON,Municipal DAEM,Urbano,8,81,8110,Talcahuano,59,37.7674206778896,49,3,5,2
4712,0,LICEO SANTA LEONOR,Municipal DAEM,Urbano,8,81,8110,Talcahuano,88,40.3767191869885,63,7,7,11
4713,9,ESCUELA THOMAS JEFFERSON D 465,Municipal DAEM,Urbano,8,81,8112,Hualpén,117,41.0667834052863,78,9,7,23
4714,7,ESCUELA HELEN KELLER ADAMS,Municipal DAEM,Urbano,8,81,8112,Hualpén,58,40.1292494353805,39,7,5,7
4717,1,LICEO TÉCNICO PROFESIONAL LUCILA GODOY ALCAYAGA,Municipal DAEM,Urbano,8,81,8112,Hualpén,49,41.0109112979242,34,7,3,5
4719,8,ESCUELA REPUBLICA DEL PERU,Municipal DAEM,Urbano,8,81,8112,Hualpén,97,37.8916613613096,83,3,6,5
4720,1,ESCUELA D N° 475,Municipal DAEM,Urbano,8,81,8110,Talcahuano,33,39.94679691402,21,3,4,5
4722,8,ESCUELA BLANCA ESTELA PRAT CARVAJAL,Municipal DAEM,Urbano,8,81,8112,Hualpén,153,38.8823752007119,127,4,5,17
4723,6,ESCUELA MEXICO ESTADO DE GUERRERO,Municipal DAEM,Urbano,8,81,8110,Talcahuano,111,38.8634298534277,91,6,8,6
4724,4,ESCUELA BASICA LA DAMA BLANCA,Municipal DAEM,Urbano,8,81,8110,Talcahuano,74,39.6920404873782,55,6,3,10
4725,2,ESCUELA VILLA INDEPENDENCIA,Municipal DAEM,Urbano,8,81,8110,Talcahuano,53,37.489181405421,46,1,1,5
4726,0,ESCUELA BASICA LAS HIGUERAS,Municipal DAEM,Urbano,8,81,8110,Talcahuano,37,36.2430392414301,35,2,0,0
4727,9,COLEGIO HUACHIPATO,Municipal DAEM,Urbano,8,81,8110,Talcahuano,45,39.5496644291635,35,2,2,6
4728,7,COLEGIO LOS CONDORES,Municipal DAEM,Urbano,8,81,8110,Talcahuano,96,36.095993803229,88,3,1,4
4730,9,ESCUELA ALONKURA,Municipal DAEM,Urbano,8,81,8112,Hualpén,102,37.6049026247485,88,2,1,11
4731,7,ESCUELA BÁSICA CRISTÓBAL COLÓN,Municipal DAEM,Urbano,8,81,8112,Hualpén,32,38.2657412310118,24,5,2,1
4732,5,ESCUELA BASICA CRUZ DEL SUR,Municipal DAEM,Urbano,8,81,8110,Talcahuano,57,39.7003017750427,38,4,5,10
4733,3,LICEO BICENTENARIO ANITA SERRANO SEPULVEDA,Municipal DAEM,Urbano,8,81,8110,Talcahuano,48,40.1474388044302,32,4,5,7
4734,1,ESCUELA BASICA LIBERTAD,Municipal DAEM,Urbano,8,81,8110,Talcahuano,49,40.9183210532646,37,2,2,8
4736,8,ESCUELA CORNETA CABRALES,Municipal DAEM,Urbano,8,81,8110,Talcahuano,75,34.199912650968,72,2,1,0
4737,6,COLEGIO BASICO VILLA ACERO,Municipal DAEM,Urbano,8,81,8112,Hualpén,154,37.0488748185419,139,7,4,4
4742,2,COLEGIO REMODELACION SIMONS,Municipal DAEM,Urbano,8,81,8110,Talcahuano,65,39.8763304517344,47,5,5,8
4744,9,ESCUELA BASICA CERRO CORNOU,Municipal DAEM,Urbano,8,81,8110,Talcahuano,28,36.9726875302384,25,1,2,0
4746,5,ESCUELA BUENA VISTA ZAROR,Municipal DAEM,Urbano,8,81,8110,Talcahuano,61,40.6659255266277,41,6,11,3
4747,3,ESCUELA F 500 HUERTOS FAMILIARES,Municipal DAEM,Urbano,8,81,8110,Talcahuano,25,37.5212836380491,19,1,3,2
4750,3,ESCUELA SANTA CLARA,Municipal DAEM,Urbano,8,81,8110,Talcahuano,25,38.3786723003947,19,1,5,0
4753,8,ESCUELA BASICA PENINSULA DE TUMBES,Municipal DAEM,Rural,8,81,8110,Talcahuano,37,36.2373322281304,35,0,0,2
4754,6,ESCUELA BASICA CERRO SAN FRANCISCO,Municipal DAEM,Urbano,8,81,8110,Talcahuano,156,40.9180220983875,107,18,12,19
4760,0,COLEGIO BERNARDO O´HIGGINS,Particular Subvencionado,Urbano,8,81,8112,Hualpén,86,37.1231917874727,77,3,4,2
4762,7,LICEO LA ASUNCION,Particular Subvencionado,Urbano,8,81,8110,Talcahuano,439,38.0617815276855,377,29,21,12
4767,8,ESCUELA PARTICULAR MANUEL RODRIGUEZ,Particular Subvencionado,Urbano,8,81,8112,Hualpén,70,40.0878993405944,48,11,8,3
4772,4,ESCUELA ADVENTISTA DE HUALPEN,Particular Subvencionado,Urbano,8,81,8112,Hualpén,165,34.2098727373207,159,5,0,1
4777,5,ESCUELA PARTICULAR ESMERALDA,Particular Subvencionado,Urbano,8,81,8110,Talcahuano,96,39.5071703247877,12,3,1,3
4778,3,COLEGIO PARTICULAR TALCAHUANO,Particular Subvencionado,Urbano,8,81,8110,Talcahuano,100,36.7975600210662,87,7,5,1
4779,1,COLEGIO ADVENTISTA DE TALCAHUANO CENTRO,Particular Subvencionado,Urbano,8,81,8110,Talcahuano,93,37.3822642483089,83,6,1,3
4781,3,ESCUELA BASICA ELIEZER,Particular Subvencionado,Urbano,8,81,8110,Talcahuano,47,38.6568458061372,43,2,0,2
4782,1,CENTRO EDUCACIÓN EVANGÉLICO DE HUALPÉN,Particular Subvencionado,Urbano,8,81,8112,Hualpén,158,41.2389969633924,104,14,19,21
4785,6,COLEGIO SANTA BERNARDITA,Particular Subvencionado,Urbano,8,81,8110,Talcahuano,139,34.9157027187676,134,3,1,1
4786,4,ESCUELA SANTA TERESITA,Particular Subvencionado,Urbano,8,81,8112,Hualpén,80,34.6539286528503,77,2,1,0
4790,2,COLEGIO MONTANER DE HUALPEN,Particular Subvencionado,Urbano,8,81,8112,Hualpén,181,33.3497415909283,179,2,0,0
4792,9,COLEGIO SANTA CECILIA,Particular Subvencionado,Urbano,8,81,8110,Talcahuano,55,36.9789083157134,50,3,1,1
4806,2,ESCUELA REPUBLICA DE ITALIA,Municipal DAEM,Urbano,8,81,8107,Penco,67,38.9086381933487,53,3,3,8
4807,0,ESCUELA ISLA DE PASCUA,Municipal DAEM,Urbano,8,81,8107,Penco,138,36.8743302573674,124,7,3,4
4808,9,ESCUELA PENCO,Municipal DAEM,Urbano,8,81,8107,Penco,53,40.6901677209692,35,7,3,8
4809,7,ESCUELA EDUARDO CAMBELL SAAVEDRA,Municipal DAEM,Urbano,8,81,8107,Penco,32,40.2678578706236,22,2,3,5
4810,0,ESCUELA ALMIRANTE JORGE MONTT ÁLVAREZ,Municipal DAEM,Urbano,8,81,8107,Penco,64,37.3647216583259,55,5,3,1
4811,9,ESCUELA ALMIRANTE PATRICIO LYNCH,Municipal DAEM,Urbano,8,81,8107,Penco,59,39.3784350525528,43,4,5,7
4812,7,ESCUELA LA GREDA,Municipal DAEM,Rural,8,81,8107,Penco,27,39.245649695656,22,2,2,1
4813,5,ESCUELA VIPLA,Municipal DAEM,Urbano,8,81,8107,Penco,26,38.6779514613173,20,4,1,1
4814,3,ESCUELA ETHEL HENCK DE GRANT,Municipal DAEM,Rural,8,81,8107,Penco,49,40.2284199327458,29,6,6,8
4817,8,ESCUELA BASICA PRIMER AGUA ABAJO,Municipal DAEM,Rural,8,81,8107,Penco,96,37.2478850278612,9,1,0,0
4818,6,COLEGIO PARTICULAR FUNNY SCHOOL,Particular Subvencionado,Urbano,8,81,8107,Penco,53,38.6324369737308,43,3,4,3
4820,8,ESCUELA PARTICULAR QUEEN ELIZABETH SCHOOL,Particular Subvencionado,Urbano,8,81,8107,Penco,73,37.0949427436933,63,3,3,4
4822,4,COLEGIO EL REFUGIO,Particular Subvencionado,Urbano,8,81,8107,Penco,93,38.8668968233351,66,9,10,8
4830,5,LICEO REPÚBLICA DEL ECUADOR,Municipal DAEM,Urbano,8,81,8111,Tomé,175,36.9186221408087,158,7,7,3
4831,3,ESCUELA BASICA BELLAVISTA,Municipal DAEM,Urbano,8,81,8111,Tomé,86,35.9840409499931,81,1,2,2
4832,1,ESCUELA BASICA IGNACIO SERRANO MONTANER,Municipal DAEM,Urbano,8,81,8111,Tomé,29,34.1712529567478,29,0,0,0
4834,8,ESCUELA BASICA DICHATO,Municipal DAEM,Urbano,8,81,8111,Tomé,115,34.6911566543337,103,4,4,4
4835,6,ESCUELA BASICA ARTURO PRAT,Municipal DAEM,Urbano,8,81,8111,Tomé,113,33.2143570320209,110,0,3,0
4836,4,ESCUELA BASICA REPUBLICA DE PANAMA,Municipal DAEM,Urbano,8,81,8111,Tomé,35,36.0899771793305,32,1,1,1
4837,2,ESCUELA BASICA RAFAEL,Municipal DAEM,Rural,8,81,8111,Tomé,54,37.5960896143312,48,1,3,2
4838,0,ESCUELA BASICA CARLOS MAHNS CHOUPAY,Municipal DAEM,Urbano,8,81,8111,Tomé,62,32.3774193592692,61,1,0,0
4839,9,ESCUELA BASICA COCHOLGUE,Municipal DAEM,Rural,8,81,8111,Tomé,33,36.0088227728245,33,0,0,0
4840,2,ESCUELA PATRIMONIAL CALIFORNIA,Municipal DAEM,Urbano,8,81,8111,Tomé,36,37.1702748513163,32,1,2,1
4841,0,ESCUELA BASICA CERRO ESTANQUE,Municipal DAEM,Urbano,8,81,8111,Tomé,67,34.9229827465015,66,1,0,0
4842,9,ESCUELA MARIANO EGANA,Municipal DAEM,Urbano,8,81,8111,Tomé,49,36.4869407364987,44,1,1,3
4843,7,ESCUELA BÁSICA LISA ENRIQUETA PETER TEUBNER,Municipal DAEM,Urbano,8,81,8111,Tomé,65,36.8489416909339,56,5,4,0
4844,5,ESCUELA BASICA MENQUE,Municipal DAEM,Rural,8,81,8111,Tomé,96,31.6398201306172,10,0,0,0
4845,3,ESCUELA BASICA PUNTA DE PARRA,Municipal DAEM,Rural,8,81,8111,Tomé,34,34.9573156675172,32,0,2,0
4848,8,ESCUELA BASICA SAN CARLITOS,Municipal DAEM,Rural,8,81,8111,Tomé,24,33.8316410875566,24,0,0,0
4852,6,ESCUELA BASICA CALETA DEL MEDIO,Municipal DAEM,Rural,8,81,8111,Tomé,24,33.5166652454833,23,0,1,0
4860,7,ESCUELA BASICA VEGAS DE COLIUMO,Municipal DAEM,Rural,8,81,8111,Tomé,96,35.059209668555,9,0,0,0
4865,8,ESCUELA PARTICULAR MARGARITA NASEAU,Particular Subvencionado,Urbano,8,81,8111,Tomé,140,36.0848875774708,130,7,2,1
4866,6,COLEGIO DOCTOR GUILLERMO VELASCO BARROS,Particular Subvencionado,Urbano,8,81,8111,Tomé,122,37.2716444451933,109,6,6,1
4867,4,ESCUELA BASICA RAFAEL AMPUERO VILLARROEL,Particular Subvencionado,Rural,8,81,8111,Tomé,96,33.317105331618,11,0,0,0
4868,2,COLEGIO PADRE LUIS AMIGO,Particular Subvencionado,Urbano,8,81,8101,Concepción,91,39.5315801856893,69,10,5,7
4869,0,ESCUELA BASICA FLORIDA,Servicio Local de Educación(SLE),Urbano,8,81,8104,Florida,98,34.0496854383136,93,2,2,1
4871,2,LICEO COPIULEMU,Servicio Local de Educación(SLE),Rural,8,81,8104,Florida,62,37.5216496133391,52,4,3,3
4873,9,ESCUELA RAHUIL,Servicio Local de Educación(SLE),Rural,8,81,8104,Florida,39,30.6369216459578,38,0,1,0
4890,9,ESCUELA BASICA VILLAMAVIDA,Servicio Local de Educación(SLE),Rural,8,81,8104,Florida,27,37.8295877556245,22,2,1,2
4898,4,ESCUELA MANUEL AMAT Y JUNIET,Servicio Local de Educación(SLE),Urbano,8,81,8105,Hualqui,144,36.7755664138383,134,4,3,3
4902,6,ESCUELA CARLOS ALBERTO FERNÁNDEZ CASTILLO,Servicio Local de Educación(SLE),Rural,8,81,8105,Hualqui,52,36.8013808621522,46,4,1,1
4908,5,ESCUELA ALEJANDRO VARELA SANTA MARIA,Servicio Local de Educación(SLE),Rural,8,81,8105,Hualqui,24,35.7610612138884,23,1,0,0
4909,3,ESCUELA PROFESORA JUANA SALGADO PARRA DE UNIHUE,Servicio Local de Educación(SLE),Rural,8,81,8105,Hualqui,96,40.8059039386194,13,1,1,2
4922,0,COLEGIO CONCEPCION HUALQUI,Particular Subvencionado,Urbano,8,81,8105,Hualqui,120,39.0278719151742,96,10,6,8
4926,3,ESCUELA RECAREDO VIGUERAS ARANEDA,Servicio Local de Educación(SLE),Urbano,8,81,8109,Santa Juana,101,36.6142685531915,93,3,4,1
4927,1,ESCUELA COLICO ALTO,Servicio Local de Educación(SLE),Rural,8,81,8109,Santa Juana,96,39.6664610891284,9,0,0,2
4943,3,ESCUELA CHACAYAL,Servicio Local de Educación(SLE),Rural,8,81,8109,Santa Juana,28,34.2824841334138,27,1,0,0
4946,8,ESCUELA LA GENERALA,Servicio Local de Educación(SLE),Rural,8,81,8109,Santa Juana,96,35.225069913731,8,0,0,0
4947,6,ESCUELA PARTICULAR CLORINDA AVELLO,Particular Subvencionado,Urbano,8,81,8109,Santa Juana,158,36.1594700568494,139,12,3,4
4952,2,LICEO BALDOMERO LILLO FIGUEROA,Servicio Local de Educación(SLE),Urbano,8,81,8106,Lota,105,39.8364086913541,75,9,11,10
4953,0,ESCUELA ISIDORA GOYENECHEA,Servicio Local de Educación(SLE),Urbano,8,81,8106,Lota,81,39.5372772735728,63,4,7,7
4954,9,ESCUELA BASICA SANTA MARIA DE GUADALUPE,Servicio Local de Educación(SLE),Urbano,8,81,8106,Lota,50,37.6515797926266,42,4,3,1
4955,7,ESCUELA BASICA KONRAD ADENAUER,Servicio Local de Educación(SLE),Urbano,8,81,8106,Lota,24,42.0739654379279,17,2,2,3
4956,5,ESCUELA BASICA BELLO HORIZONTE,Servicio Local de Educación(SLE),Urbano,8,81,8106,Lota,74,39.650143317359,54,6,5,9
4958,1,LICEO THOMPSON MATTHEWS,Servicio Local de Educación(SLE),Urbano,8,81,8106,Lota,99,38.2142847354266,89,3,4,3
4960,3,COLEGIO ANGEL DE PEREDO,Servicio Local de Educación(SLE),Urbano,8,81,8106,Lota,142,40.2323971083295,110,6,12,14
4961,1,ESCUELA BASICA COLCURA,Servicio Local de Educación(SLE),Urbano,8,81,8106,Lota,32,36.6858087400256,27,4,1,0
4967,0,ESCUELA BASICA CENTENARIO,Servicio Local de Educación(SLE),Urbano,8,81,8106,Lota,60,35.9347636036714,55,2,3,0
4968,9,ESCUELA BÁSICA ARTÍSTICA ISAÍAS GUEVARA SOTO,Servicio Local de Educación(SLE),Urbano,8,81,8106,Lota,22,38.2080813834387,19,0,0,3
4969,7,LICEO SANTA DORIS,Particular Subvencionado,Urbano,8,81,8106,Lota,32,44.0722957813732,16,3,5,8
4973,5,INSTITUTO HUMANIDADES SAN FRANCISCO DE ASIS,Particular Subvencionado,Urbano,8,81,8106,Lota,174,36.790989345614,159,8,5,2
4974,3,ESCUELA PARTICULAR GETSEMANI,Particular Subvencionado,Urbano,8,81,8106,Lota,66,39.1411263405074,49,6,6,5
4982,4,LICEO CORONEL ANTONIO SALAMANCA,Servicio Local de Educación(SLE),Urbano,8,81,8102,Coronel,67,39.0630361126948,50,5,5,7
4983,2,LICEO YOBILO DE CORONEL,Servicio Local de Educación(SLE),Urbano,8,81,8102,Coronel,61,40.3495254559529,42,4,3,12
4984,0,ESCUELA ROSITA RENARD,Servicio Local de Educación(SLE),Urbano,8,81,8102,Coronel,128,38.5288656590928,105,12,9,2
4985,9,ESCUELA BASICA PLAYAS NEGRAS,Servicio Local de Educación(SLE),Urbano,8,81,8102,Coronel,32,35.8586220855593,31,0,1,0
4986,7,ESCUELA ROSA MEDEL AGUILERA,Servicio Local de Educación(SLE),Urbano,8,81,8102,Coronel,37,40.3607076702098,28,3,2,4
4987,5,ESCUELA BASICA JAVIERA CARRERA,Servicio Local de Educación(SLE),Urbano,8,81,8102,Coronel,71,40.0577619019775,48,4,7,12
4988,3,ESCUELA RAFAEL SOTOMAYOR BAEZA,Servicio Local de Educación(SLE),Urbano,8,81,8102,Coronel,141,38.1227802073843,121,9,9,2
4989,1,ESCUELA VICTOR DOMINGO SILVA,Servicio Local de Educación(SLE),Urbano,8,81,8102,Coronel,95,39.4975755509315,72,8,9,6
4990,5,ESCUELA AMBROSIO O´HIGGINS,Servicio Local de Educación(SLE),Urbano,8,81,8102,Coronel,80,37.1200227947157,75,2,1,2
4991,3,ESCUELA REPUBLICA DE FRANCIA,Servicio Local de Educación(SLE),Urbano,8,81,8102,Coronel,40,38.3337274641072,31,3,3,3
4992,1,ESCUELA REMIGIO CASTRO ABURTO,Servicio Local de Educación(SLE),Urbano,8,81,8102,Coronel,95,38.0137622784307,80,7,3,5
4994,8,ESCUELA ADELAIDA MIGUIELES SOTO,Servicio Local de Educación(SLE),Urbano,8,81,8102,Coronel,102,37.4690915678906,84,7,7,4
4995,6,ESCUELA OCTAVIO SALINAS CARIAGA,Servicio Local de Educación(SLE),Urbano,8,81,8102,Coronel,75,40.6187895798864,53,6,10,6
4996,4,ESCUELA VISTA HERMOSA,Servicio Local de Educación(SLE),Urbano,8,81,8102,Coronel,65,36.0485368012826,62,3,0,0
4997,2,ESCUELA JORGE ROJAS MIRANDA,Servicio Local de Educación(SLE),Urbano,8,81,8102,Coronel,38,37.0366337478789,33,4,1,0
4998,0,ESCUELA ROSA YANEZ RODRIGUEZ,Servicio Local de Educación(SLE),Urbano,8,81,8102,Coronel,46,35.6954281138913,42,1,1,2
5001,6,ESCUELA ARTURO HUGHES CERNA,Servicio Local de Educación(SLE),Urbano,8,81,8102,Coronel,197,37.2291362545626,179,7,5,6
5002,4,ESCUELA JUAN JOSE LATORRE BENAVENTE,Servicio Local de Educación(SLE),Rural,8,81,8102,Coronel,25,39.7434448357073,17,3,1,4
5003,2,ESCUELA FRANCISCO COLOANE,Servicio Local de Educación(SLE),Rural,8,81,8102,Coronel,20,34.5186118599294,20,0,0,0
5009,1,COLEGIO PARTICULAR GABRIELA MISTRAL,Particular Subvencionado,Urbano,8,81,8102,Coronel,71,37.6095251467396,61,4,3,3
5010,5,ESCUELA METODISTA,Particular Subvencionado,Urbano,8,81,8102,Coronel,146,35.786783399414,135,5,4,2
5012,1,COLEGIO PARTICULAR SAN PEDRO,Particular Subvencionado,Urbano,8,81,8102,Coronel,122,40.6643021645476,82,12,10,18
5015,6,ESCUELA PARTICULAR SAN MARCOS,Particular Subvencionado,Urbano,8,81,8102,Coronel,82,38.7629407492398,66,6,3,7
5016,4,COLEGIO PARTICULAR IGNACIO CARRERA PINTO,Particular Subvencionado,Urbano,8,81,8102,Coronel,175,38.7357447886493,142,10,13,10
5019,9,ESCUELA GENARO RIOS CAMPOS,Particular Subvencionado,Urbano,8,81,8102,Coronel,139,37.7621124828014,118,6,8,7
5020,2,COLEGIO ANIBAL ESQUIVEL TAPIA,Particular Subvencionado,Urbano,8,81,8102,Coronel,170,36.5975576983528,151,9,7,3
5021,0,LICEO TÉCNICO PROFESIONAL DOCTOR RIGOBERTO IGLESIAS BASTÍAS DE LEBU,Municipal DAEM,Urbano,8,82,8201,Lebu,115,46.675338661788,56,9,16,34
5024,5,LICEO BICENTENARIO ISIDORA RAMOS DE GAJARDO,Municipal DAEM,Urbano,8,82,8201,Lebu,300,38.1157453970268,246,17,13,24
5025,3,ESCUELA PROFESORA REBECA CASTRO ARANEDA,Municipal DAEM,Urbano,8,82,8201,Lebu,42,41.8709035025792,24,2,6,10
5026,1,ESCUELA FRESIA GRACIELA MULLER RUIZ,Municipal DAEM,Urbano,8,82,8201,Lebu,181,39.1938579187661,148,15,8,10
5033,4,ESCUELA ARTURO EBENSPERGER RICHTER,Municipal DAEM,Urbano,8,82,8201,Lebu,48,41.8617138450226,29,6,3,10
5034,2,ESCUELA LA FORTUNA,Municipal DAEM,Urbano,8,82,8201,Lebu,30,42.110944309966,15,2,5,8
5035,0,ESCUELA ARMANDO ARANCIBIA OLIVOS,Municipal DAEM,Rural,8,82,8201,Lebu,96,35.8816469769979,10,1,0,0
5039,3,ESCUELA GUILLERMO RODRIGUEZ RIOBO,Municipal DAEM,Rural,8,82,8201,Lebu,32,38.2621236591391,29,1,1,1
5046,6,ESCUELA PARTICULAR CERRO LA CRUZ,Particular Subvencionado,Urbano,8,82,8201,Lebu,43,44.416020384903,24,2,7,10
5048,2,LICEO BICENTENARIO SAN FELIPE DE ARAUCO,Municipal DAEM,Urbano,8,82,8202,Arauco,153,39.7062553076048,109,14,10,20
5049,0,ESCUELA BASICA VICENTE MILLAN IRIARTE,Municipal DAEM,Urbano,8,82,8202,Arauco,56,38.3888226372941,42,8,4,2
5051,2,ESCUELA BÁSICA DE CARAMPANGUE,Municipal DAEM,Urbano,8,82,8202,Arauco,123,38.4977742028309,103,8,1,11
5052,0,ESCUELA LOS PINOS,Municipal DAEM,Rural,8,82,8202,Arauco,44,37.8936780018241,38,2,3,1
5053,9,ESCUELA JORGE IVAN VALENZUELA ZUNIGA,Municipal DAEM,Rural,8,82,8202,Arauco,34,39.6955837528637,23,5,0,6
5054,7,ESCUELA BASICA SAN PEDRO DE LARAQUETE,Municipal DAEM,Rural,8,82,8202,Arauco,65,36.4156923329421,56,3,1,5
5055,5,ESCUELA VALLE RAMADILLAS,Municipal DAEM,Rural,8,82,8202,Arauco,39,36.215548408278,37,0,0,2
5057,1,LICEO TÉCNICO PESQUERO FILIDOR GAETE MONSÁLVEZ,Municipal DAEM,Rural,8,82,8202,Arauco,22,38.4882249524983,18,2,1,1
5069,5,ESCUELA BASICA ALTO YANI,Municipal DAEM,Rural,8,82,8202,Arauco,96,36.7023256988223,9,0,0,1
5070,9,ESCUELA BASICA VALLE VERDE,Municipal DAEM,Rural,8,82,8202,Arauco,96,38.3148195653092,7,1,2,0
5073,3,ESCUELA BASICA BRISAS DEL MAR,Municipal DAEM,Rural,8,82,8202,Arauco,60,38.6041112560877,43,3,8,6
5074,1,ESCUELA BASICA CESAR MONSALVE FLORES,Municipal DAEM,Rural,8,82,8202,Arauco,40,36.495428161877,36,1,2,1
5082,2,LICEO SAN FRANCISCO DE ASIS,Particular Subvencionado,Urbano,8,82,8202,Arauco,180,38.3094113117428,155,11,10,4
5085,7,ESCUELA RAMIRO ROA GONZALEZ,Municipal DAEM,Urbano,8,82,8205,Curanilahue,268,34.024434342598,259,6,2,1
5086,5,ESCUELA CUATRO DE OCTUBRE,Municipal DAEM,Urbano,8,82,8205,Curanilahue,96,37.7502251511245,10,1,2,1
5087,3,ESCUELA COLICO SUR,Municipal DAEM,Urbano,8,82,8205,Curanilahue,61,37.7211123878496,52,3,2,4
5088,1,ESCUELA PABLO NERUDA,Municipal DAEM,Urbano,8,82,8205,Curanilahue,185,36.3705525157027,169,8,4,4
5090,3,ESCUELA BUENA ESPERANZA,Municipal DAEM,Urbano,8,82,8205,Curanilahue,48,40.3336849955755,30,5,7,6
5091,1,ESCUELA GABRIELA MISTRAL,Municipal DAEM,Urbano,8,82,8205,Curanilahue,29,38.2312270767855,26,2,0,1
5093,8,ESCUELA INDEPENDENCIA,Municipal DAEM,Urbano,8,82,8205,Curanilahue,61,36.4012646217404,56,3,2,0
5095,4,ESCUELA LOS CRUCEROS,Municipal DAEM,Rural,8,82,8205,Curanilahue,96,36.8379874490368,2,0,0,0
5101,2,ESCUELA SAN JOSE DE COLICO,Municipal DAEM,Rural,8,82,8205,Curanilahue,96,37.5944824758772,12,1,1,1
5104,7,COLEGIO ALONSO DE ERCILLA,Particular Subvencionado,Urbano,8,82,8205,Curanilahue,136,38.8382563400906,101,9,15,11
5106,3,ESCUELA FELIX EYHERAMENDY,Municipal DAEM,Urbano,8,82,8206,Los Álamos,153,40.2248949247722,101,16,10,26
5109,8,LICEO CLAUDIO FLORES SOTO,Municipal DAEM,Rural,8,82,8206,Los Álamos,144,38.8386204359127,110,15,12,7
5110,1,ESCUELA PILPILCO,Municipal DAEM,Rural,8,82,8206,Los Álamos,51,43.4561388074214,23,7,10,11
5112,8,ESCUELA ZAIDA ARANEDA VIGUERAS,Municipal DAEM,Rural,8,82,8206,Los Álamos,47,39.6658817000729,31,8,2,6
5113,6,LICEO ORLANDO DELGADO ZÚNIGA,Municipal DAEM,Rural,8,82,8206,Los Álamos,46,35.7153806854714,43,0,1,2
5116,0,ESCUELA JOSE M.CAMPOS MENCHACA,Municipal DAEM,Rural,8,82,8206,Los Álamos,96,39.5572719879843,10,3,0,1
5119,5,ESCUELA LAS DUNAS,Municipal DAEM,Rural,8,82,8206,Los Álamos,96,41.0021545745935,11,0,4,4
5121,7,ESCUELA JOSE ULLOA FIERRO,Municipal DAEM,Rural,8,82,8206,Los Álamos,32,40.5298119667624,23,3,2,4
5122,5,LICEO CRISTO REDENTOR,Particular Subvencionado,Urbano,8,82,8206,Los Álamos,151,38.7664960033693,122,13,8,8
5123,3,ESCUELA BASICA CACIQUE FRANCISCO MELIN,Municipal DAEM,Rural,8,82,8203,Cañete,47,37.4905804827169,41,3,2,1
5127,6,ESCUELA LEONCIO ARANEDA FIGUEROA,Municipal DAEM,Urbano,8,82,8203,Cañete,95,37.0757170569176,86,4,4,1
5128,4,ESCUELA ARTURO PRAT CHACON,Municipal DAEM,Urbano,8,82,8203,Cañete,117,35.8050295575291,110,5,1,1
5129,2,ESCUELA BASICA RENE ANDRADES TOLEDO,Municipal DAEM,Urbano,8,82,8203,Cañete,93,36.6214426454393,85,5,2,1
5130,6,ESCUELA BASICA RUBI NELSON SILVA SALAS,Municipal DAEM,Urbano,8,82,8203,Cañete,43,37.6009982843475,38,2,1,2
5131,4,LICEO HOMERO VIGUERAS,Municipal DAEM,Urbano,8,82,8203,Cañete,48,38.9268345763116,40,2,3,3
5132,2,ESCUELA RICARDO COLOMA DIAZ,Municipal DAEM,Rural,8,82,8203,Cañete,55,37.7671300061238,49,1,4,1
5133,0,ESCUELA BASICA LLONCAO,Municipal DAEM,Rural,8,82,8203,Cañete,22,35.619402847509,21,0,0,1
5134,9,ESCUELA BASICA LA GRANJA,Municipal DAEM,Urbano,8,82,8203,Cañete,41,40.1637537163045,25,6,7,3
5135,7,ESCUELA BASICA PAICAVI,Municipal DAEM,Rural,8,82,8203,Cañete,96,38.4063159001461,7,2,0,0
5140,3,ESCUELA BASICA FEDERICO GANA,Municipal DAEM,Rural,8,82,8203,Cañete,96,37.6595848274251,11,1,0,0
5145,4,ESCUELA BASICA GARCIA HURTADO DE MENDOZA,Municipal DAEM,Rural,8,82,8203,Cañete,96,40.66567527356,6,1,1,1
5150,0,LICEO GABRIELA MISTRAL,Particular Subvencionado,Urbano,8,82,8203,Cañete,240,35.1222523891227,225,6,6,3
5151,9,ESCUELA PARTICULAR LUIS CRUZ MARTINEZ,Particular Subvencionado,Rural,8,82,8203,Cañete,41,43.2683114974622,24,6,3,8
5152,7,ESCUELA PARTICULAR EL RIO,Particular Subvencionado,Rural,8,82,8203,Cañete,58,37.5376859283754,52,2,2,2
5153,5,COLEGIO INSTITUTO SAN JOSE,Particular Subvencionado,Urbano,8,82,8203,Cañete,81,36.6685378226416,71,3,5,2
5154,3,ESCUELA SAN LUIS DE CONTULMO,Municipal DAEM,Urbano,8,82,8204,Contulmo,64,34.0535649783953,63,0,0,1
5155,1,LICEO POLIVALENTE NAHUELBUTA,Municipal DAEM,Urbano,8,82,8204,Contulmo,29,35.5744562041623,26,2,0,1
5157,8,ESCUELA BASICA GALVARINO,Municipal DAEM,Rural,8,82,8203,Cañete,26,36.4690506655801,25,1,0,0
5158,6,ESCUELA BASICA JUAN AGUILERA JEREZ,Municipal DAEM,Rural,8,82,8203,Cañete,96,36.0214618493001,18,0,0,0
5166,7,ESCUELA CALEBU,Municipal DAEM,Rural,8,82,8204,Contulmo,20,33.3788481099386,20,0,0,0
5172,1,ESCUELA BASICA JUAN LAVIN ALVEAR,Municipal DAEM,Rural,8,82,8203,Cañete,27,34.7163955203397,27,0,0,0
5180,2,ESCUELA PARTICULAR NUEVA AURORA,Particular Subvencionado,Rural,8,82,8203,Cañete,96,35.7478218696989,16,1,0,0
5181,0,ESCUELA PARTICULAR HUILLINCO ALTO,Particular Subvencionado,Rural,8,82,8204,Contulmo,32,35.3224099670018,30,1,1,0
5188,8,ESCUELA PARTICULAR BUCHOCO,Particular Subvencionado,Rural,8,82,8204,Contulmo,96,35.7261923016107,14,0,0,0
5189,6,ESCUELA PARTICULAR LICAUQUEN,Particular Subvencionado,Rural,8,82,8204,Contulmo,22,43.8232593324498,12,2,3,5
5192,6,ESCUELA ANA MOLINA,Municipal DAEM,Rural,8,82,8207,Tirúa,29,35.3773907451704,29,0,0,0
5193,4,ESCUELA HECTOR ISAAC CARRASCO HELDT,Municipal DAEM,Urbano,8,82,8207,Tirúa,36,33.5492860832228,35,0,1,0
5194,2,ESCUELA ELOISA GONZALEZ,Municipal DAEM,Urbano,8,82,8207,Tirúa,79,33.1269474931018,75,1,1,2
5196,9,ESCUELA PRIMER AGUA,Municipal DAEM,Rural,8,82,8207,Tirúa,21,36.5227869086351,18,1,1,1
5197,7,ESCUELA CASA DE PIEDRA,Municipal DAEM,Rural,8,82,8207,Tirúa,26,35.6668751751482,24,1,0,1
5202,7,ESCUELA MAPUDUNGUN,Municipal DAEM,Rural,8,82,8207,Tirúa,33,37.4296197530418,29,2,2,0
5203,5,ESCUELA AGUA DE MOLINO,Municipal DAEM,Rural,8,82,8207,Tirúa,96,32.4364404181551,2,0,0,0
5205,1,ESCUELA CHILLIMAPU,Municipal DAEM,Rural,8,82,8207,Tirúa,96,36.7391531093588,8,0,1,0
5207,8,ESCUELA PONOTRO HENCHI AMULEI,Municipal DAEM,Rural,8,82,8207,Tirúa,96,36.6354275058764,6,0,0,0
5208,6,ESCUELA PARTICULAR LOS LINGUES,Particular Subvencionado,Rural,8,82,8207,Tirúa,35,36.1695524773176,33,0,1,1
5210,8,ESCUELA PARTICULAR SANTOS CHÁVEZ DE CANIHUAL,Particular Subvencionado,Rural,8,82,8207,Tirúa,20,33.9377503555345,20,0,0,0
5211,6,ESCUELA PARTICULAR RANQUILHUE,Particular Subvencionado,Rural,8,82,8207,Tirúa,28,36.4726539967815,27,0,1,0
5212,4,ESCUELA PARTICULAR NUEVA LAS HUELLAS,Particular Subvencionado,Rural,8,82,8207,Tirúa,96,40.7736108736244,6,0,0,1
5213,2,ESCUELA PARTICULAR LAS MISIONES,Particular Subvencionado,Rural,8,82,8207,Tirúa,96,50.1043977576504,2,0,0,1
5214,0,ESCUELA PARTICULAR AILLINCO,Particular Subvencionado,Rural,8,82,8207,Tirúa,35,36.6875454010693,30,2,2,1
5218,3,LICEO ENRIQUE BALLACEY COTTEREAU,Municipal DAEM,Urbano,9,92,9201,Angol,82,36.7219956765125,75,1,2,4
5220,5,ESCUELA HERMANOS CARRERA,Municipal DAEM,Urbano,9,92,9201,Angol,63,38.1981856746551,54,2,1,6
5221,3,ESCUELA BASICA NAHUELBUTA,Municipal DAEM,Urbano,9,92,9201,Angol,124,39.4263727458295,97,8,12,7
5224,8,ESCUELA REPUBLICA FEDERAL ALEMANA,Municipal DAEM,Urbano,9,92,9201,Angol,74,42.3710690337857,41,10,5,18
5225,6,COLEGIO MARÍA SYLVESTER RASCH,Municipal DAEM,Urbano,9,92,9201,Angol,33,39.1447176941337,26,1,1,5
5226,4,ESCUELA DIEGO DUBLE URRUTIA,Municipal DAEM,Urbano,9,92,9201,Angol,191,39.7348680773972,141,13,15,22
5227,2,ESCUELA JOSÉ ELÍAS BOLIVAR HERRERA,Municipal DAEM,Urbano,9,92,9201,Angol,51,39.5544302809114,38,6,6,1
5228,0,ESCUELA VILLA HUEQUEN,Municipal DAEM,Urbano,9,92,9201,Angol,48,40.5775847062961,31,5,7,5
5229,9,ESCUELA BASICA ARAGON,Municipal DAEM,Urbano,9,92,9201,Angol,205,37.6443595073913,180,8,13,4
5233,7,ESCUELA BASICA JUAN M. FERRIERE CAIRE,Municipal DAEM,Rural,9,92,9201,Angol,96,32.72514163835,8,0,0,0
5248,5,ESCUELA REPUBLICA DE AUSTRIA,Municipal DAEM,Rural,9,92,9201,Angol,96,36.9936184724007,11,0,0,0
5249,3,ESC. BASICA MANUEL RODRIGUEZ,Municipal DAEM,Rural,9,92,9201,Angol,96,36.9737806196054,17,0,2,0
5250,7,ESCUELA REGIMIENTO HUSARES,Municipal DAEM,Rural,9,92,9201,Angol,96,34.8507315611423,9,0,0,0
5264,7,COLEGIO SAN FRANCISCO DE ASIS DE ANGOL,Particular Subvencionado,Urbano,9,92,9201,Angol,216,36.8209636072428,196,10,5,5
5265,5,COLEGIO ADVENTISTA DE ANGOL,Particular Subvencionado,Urbano,9,92,9201,Angol,90,34.3090565258041,88,1,0,1
5270,1,LICEO POLITECNICO DOMINGO STA MARIA,Municipal DAEM,Urbano,9,92,9209,Renaico,75,41.9890658597741,44,9,8,14
5272,8,ESCUELA BASICA LOS NOGALES,Municipal DAEM,Urbano,9,92,9209,Renaico,36,36.5719113830421,35,0,0,1
5273,6,ESCUELA MUNICIP. LA NOBEL GABRIELA,Municipal DAEM,Urbano,9,92,9209,Renaico,56,38.8042804724147,44,6,3,3
5280,9,SAN FRANCISCO DE ASIS - RENAICO,Particular Subvencionado,Urbano,9,92,9209,Renaico,131,35.74412322228,126,3,2,0
5283,3,ESCUELA THOMAS ALVA EDISON,Municipal DAEM,Urbano,9,92,9202,Collipulli,102,37.7606507136778,83,6,5,8
5284,1,ESCUELA BENJAMIN FRANKLIN,Municipal DAEM,Urbano,9,92,9202,Collipulli,82,37.4689295715333,76,1,1,4
5286,8,ESCUELA BASICA VICTOR DURAN PEREZ,Municipal DAEM,Urbano,9,92,9202,Collipulli,108,38.2018080018528,92,6,6,4
5288,4,ESCUELA MICHIGAN EL AMANECER,Municipal DAEM,Urbano,9,92,9202,Collipulli,64,38.0147662761199,58,5,0,1
5289,2,ESCUELA F-90 RAÚL CASTRO MÁRQUEZ,Municipal DAEM,Urbano,9,92,9202,Collipulli,100,35.6354745180477,94,4,1,1
5290,6,ESCUELA NICOLAS PEREZ CARDENAS,Municipal DAEM,Rural,9,92,9202,Collipulli,39,36.2609031031351,37,0,1,1
5292,2,ESCUELA BASICA MIGUEL HUENTELEN,Municipal DAEM,Rural,9,92,9202,Collipulli,69,39.3059375131159,59,4,1,5
5315,5,COLEGIO PARTIC. WOLFGANG AMADEUS MOZART,Particular Subvencionado,Urbano,9,92,9202,Collipulli,209,37.8312395946418,169,18,8,14
5324,4,ESCUELA MUNICIPAL FRONTERIZA,Municipal DAEM,Urbano,9,92,9205,Lonquimay,98,33.2091258256611,96,0,1,1
5326,0,ESCUELA BASICA MALALMAHUIDA,Municipal DAEM,Rural,9,92,9205,Lonquimay,23,34.1194779553296,23,0,0,0
5327,9,ESCUELA DE LIUCURA,Municipal DAEM,Rural,9,92,9205,Lonquimay,37,37.6457961441613,30,5,0,2
5333,3,ESCUELA DE ICALMA,Municipal DAEM,Rural,9,92,9205,Lonquimay,44,34.5286342893321,43,1,0,0
5339,2,ESCUELA DE TROYO,Municipal DAEM,Rural,9,92,9205,Lonquimay,96,30.5697451359301,9,0,0,0
5341,4,ESCUELA BASICA DOMINGO CAMARGO,Municipal DAEM,Rural,9,92,9205,Lonquimay,23,31.7622323467539,22,1,0,0
5342,2,ESCUELA PARTICULAR LONQUIMAY,Particular Subvencionado,Urbano,9,92,9205,Lonquimay,69,33.678850462587,67,1,1,0
5344,9,LICEO LAS ARAUCARIAS,Municipal DAEM,Urbano,9,92,9203,Curacautín,122,33.1986240608352,121,0,0,1
5345,7,ESCUELA LUIS CRUZ MARTINEZ,Municipal DAEM,Urbano,9,92,9203,Curacautín,45,37.9995290073474,38,2,3,2
5346,5,ESCUELA OSVALDO FUENTES BARRERA,Municipal DAEM,Urbano,9,92,9203,Curacautín,35,34.7706147442388,34,1,0,0
5347,3,ESCUELA PATRICIO CHAVEZ SOTO,Municipal DAEM,Urbano,9,92,9203,Curacautín,100,34.2265126502972,99,1,0,0
5348,1,RAMON EDUARDO RAMIREZ HENRIQUEZ,Municipal DAEM,Rural,9,92,9203,Curacautín,26,36.7670126714157,24,1,0,1
5353,8,ESCUELA BASICA REPUBLICA DE MEXICO,Municipal DAEM,Rural,9,92,9203,Curacautín,34,36.7669477661621,31,1,1,1
5363,5,ESCUELA BASICA ALEJO TASCON,Municipal DAEM,Rural,9,92,9203,Curacautín,25,35.3073478106981,23,0,2,0
5372,4,ESCUELA PARTICULAR SANTA ELENA,Particular Subvencionado,Urbano,9,92,9203,Curacautín,78,36.3314851573974,70,5,2,1
5373,2,ESCUELA PARTICULAR SANTA EMMA,Particular Subvencionado,Rural,9,92,9203,Curacautín,96,32.8139112388406,9,0,0,0
5374,0,LICEO ALONSO DE ERCILLA Y ZUÑIGA,Municipal DAEM,Urbano,9,92,9204,Ercilla,67,36.9475728799226,60,2,2,3
5375,9,ESCUELA BASICA SALVADOR ALLENDE,Municipal DAEM,Urbano,9,92,9204,Ercilla,41,34.9801411803709,38,1,1,1
5378,3,ESCUELA BASICA TEODOCIO URRUTIA,Municipal DAEM,Rural,9,92,9204,Ercilla,32,36.7762713735644,29,1,0,2
5382,1,ESCUELA MILLALEVIA,Municipal DAEM,Rural,9,92,9204,Ercilla,96,34.4379167484539,14,0,0,0
5387,2,ESC.PAR.SAN FRANCISCO DE ASIS DE ERCILLA,Particular Subvencionado,Urbano,9,92,9204,Ercilla,55,38.7201245374542,44,3,4,4
5395,3,ESCUELA MARCELA PAZ,Municipal DAEM,Urbano,9,92,9211,Victoria,128,37.3678681023583,105,6,11,6
5396,1,COLEGIO IGNACIO CARRERA PINTO,Municipal DAEM,Urbano,9,92,9211,Victoria,72,36.86877242297,66,3,1,2
5398,8,ESCUELA HEROES DE IQUIQUE,Municipal DAEM,Urbano,9,92,9211,Victoria,73,36.8554368921429,64,7,2,0
5404,6,ESCUELA HERNAN TRIZANO AVEZZANA,Municipal DAEM,Urbano,9,92,9211,Victoria,96,38.4092268536462,6,0,0,0
5406,2,ESCUELA SELVA OSCURA,Municipal DAEM,Rural,9,92,9211,Victoria,54,36.4356851143151,51,1,2,0
5407,0,ESCUELA BASICA PATRICIO LINCH,Municipal DAEM,Urbano,9,92,9211,Victoria,29,35.4037647703244,28,0,1,0
5408,9,ESCUELA PAILAHUEQUE,Municipal DAEM,Rural,9,92,9211,Victoria,28,36.975987449782,28,0,0,0
5411,9,ESCUELA MUNICIPAL MONICA GEBERT MEIER,Municipal DAEM,Rural,9,92,9211,Victoria,45,33.86247540916,43,1,0,1
5422,4,ESCUELA BASICA LAS CARDAS,Municipal DAEM,Rural,9,92,9211,Victoria,96,40.7328058458756,7,0,1,2
5425,9,ESCUELA BASICA SANTA ELENA,Municipal DAEM,Rural,9,92,9211,Victoria,96,38.7323408245276,12,1,1,2
5434,8,COLEGIO INSTITUTO VICTORIA,Particular Subvencionado,Urbano,9,92,9211,Victoria,171,35.0618416284031,163,4,4,0
5435,6,COLEGIO SANTA CRUZ DE VICTORIA,Particular Subvencionado,Urbano,9,92,9211,Victoria,156,35.2359211420213,148,3,0,5
5439,9,COMPLEJO EDUCACIONAL LUIS DURAND DURAND,Municipal DAEM,Urbano,9,92,9210,Traiguén,49,38.1121710268402,39,5,4,1
5440,2,LICEO LUCILA GODOY ALCAYAGA,Municipal DAEM,Urbano,9,92,9210,Traiguén,44,36.2325249835608,40,1,1,2
5441,0,ESCUELA REPUBLICA DE ISRAEL,Municipal DAEM,Urbano,9,92,9210,Traiguén,109,36.0902839517813,103,4,0,2
5442,9,ESCUELA BASICA EMILIA ROMAGNA,Municipal DAEM,Urbano,9,92,9210,Traiguén,95,39.302366162431,71,11,5,8
5446,1,ESCUELA GUACOLDA,Municipal DAEM,Urbano,9,92,9210,Traiguén,29,37.191898479142,26,1,0,2
5462,3,ESC. BASICA REDUCCION TEMULEMU,Municipal DAEM,Rural,9,92,9210,Traiguén,96,32.5079316518212,3,0,0,0
5465,8,COLEGIO BICENTENARIO LOUIS PASTEUR,Particular Subvencionado,Urbano,9,92,9210,Traiguén,138,36.9600165208503,119,11,6,2
5466,6,ESCUELA PARTICULAR SANTA ROSA,Particular Subvencionado,Urbano,9,92,9210,Traiguén,53,41.0234733065336,39,4,4,6
5470,4,ESCUELA BASICA REPUBLICA DE ITALIA,Municipal DAEM,Urbano,9,92,9207,Lumaco,47,35.2758251025355,44,1,1,1
5471,2,ESCUELA F-174 VALLE DE LUMACO,Municipal DAEM,Urbano,9,92,9207,Lumaco,113,37.478754263457,103,6,1,3
5472,0,ESC. MUNICIPAL PICHIPELLAHUEN,Municipal DAEM,Rural,9,92,9207,Lumaco,26,36.5836655924989,25,0,1,0
5493,3,ESCUELA PARTICULAR LAS COLINAS,Particular Subvencionado,Rural,9,92,9207,Lumaco,96,39.9968671768885,13,0,2,0
5508,5,ESCUELA PEDRO DE ONA,Municipal DAEM,Urbano,9,92,9208,Purén,98,41.4676961951308,65,14,9,10
5509,3,LICEO BICENTENARIO INDÓMITO DE PURÉN,Municipal DAEM,Urbano,9,92,9208,Purén,163,33.2425521456515,163,0,0,0
5510,7,ESCUELA ENZO FERRARI,Municipal DAEM,Urbano,9,92,9208,Purén,74,38.8768580022268,54,6,10,4
5537,9,ESCUELA PARTICULAR REMEHUEICO,Particular Subvencionado,Rural,9,92,9208,Purén,96,41.4674618307902,6,0,0,2
5538,7,ESCUELA GUSTAVO VASQUEZ DIAZ,Municipal DAEM,Urbano,9,92,9206,Los Sauces,70,38.9033069900722,52,1,7,10
5539,5,ESCUELA DE LOS SAUCES,Municipal DAEM,Urbano,9,92,9206,Los Sauces,51,35.5520471746316,47,1,3,0
5541,7,ESC. BASICA ELENA MULLER M.,Municipal DAEM,Rural,9,92,9206,Los Sauces,96,35.6103074596621,10,2,0,0
5569,7,LICEO GABRIELA MISTRAL DE TEMUCO,Municipal DAEM,Urbano,9,91,9101,Temuco,94,40.9723233346899,65,12,4,13
5570,0,LICEO PABLO NERUDA,Municipal DAEM,Urbano,9,91,9101,Temuco,238,40.9161065158538,166,25,24,23
5574,3,COMPLEJO EDUCACIONAL PADRE LAS CASAS,Particular Subvencionado,Urbano,9,91,9112,Padre Las Casas,40,41.8549859013259,28,5,4,3
5575,1,ESCUELA ARTURO PRAT,Municipal DAEM,Urbano,9,91,9101,Temuco,81,40.5983153722294,54,8,9,10
5578,6,ESCUELA LLAIMA,Municipal DAEM,Urbano,9,91,9101,Temuco,200,38.7708841313223,165,22,4,9
5580,8,ESCUELA CAMPOS DEPORTIVOS,Municipal DAEM,Urbano,9,91,9101,Temuco,249,36.5824987338163,226,9,9,5
5582,4,ESCUELA STANDAR,Municipal DAEM,Urbano,9,91,9101,Temuco,41,39.1427124024279,33,5,2,1
5583,2,ESCUELA SANTA ROSA,Municipal DAEM,Urbano,9,91,9101,Temuco,59,37.3912318789885,53,3,0,3
5585,9,ESCUELA VILLA ALEGRE,Municipal DAEM,Urbano,9,91,9101,Temuco,43,41.8896715462351,28,3,2,10
5588,3,ESCUELA MANUEL RECABARREN,Municipal DAEM,Urbano,9,91,9101,Temuco,86,42.2717496960382,54,5,12,15
5589,1,ESCUELA MILLARAY,Municipal DAEM,Urbano,9,91,9101,Temuco,107,36.6787030599961,99,5,1,2
5590,5,COMPLEJO EDUC. UN AMANECER EN LA ARAUCANIA,Municipal DAEM,Urbano,9,91,9101,Temuco,69,41.3101743388384,47,5,8,9
5592,1,ESCUELA ANDRES BELLO,Municipal DAEM,Urbano,9,91,9101,Temuco,60,39.6255449325024,46,8,3,3
5596,4,COLEGIO MUNDO MAGICO,Municipal DAEM,Urbano,9,91,9101,Temuco,154,38.2966031331069,126,9,6,13
5597,2,COLEGIO ALONSO DE ERCILLA,Municipal DAEM,Urbano,9,91,9101,Temuco,135,41.7478862036657,82,18,13,22
5599,9,ESCUELA DARIO SALAS,Municipal DAEM,Urbano,9,91,9112,Padre Las Casas,65,37.2321544694721,59,1,1,4
5604,9,ESCUELA PEDRO DE VALDIVIA,Municipal DAEM,Urbano,9,91,9101,Temuco,29,43.4113796465348,13,9,4,3
5606,5,ESCUELA VILLA CAROLINA,Municipal DAEM,Urbano,9,91,9101,Temuco,76,39.8731814826271,59,5,8,4
5608,1,ESCUELA LOS AVELLANOS,Municipal DAEM,Urbano,9,91,9101,Temuco,54,39.5564461909833,38,7,4,5
5611,1,ESCUELA LOS TRIGALES,Municipal DAEM,Urbano,9,91,9101,Temuco,151,37.5859172157498,143,3,3,2
5613,8,COMPLEJO EDUCACIONAL LA GRANJA,Municipal DAEM,Urbano,9,91,9119,Vilcún,96,38.9544965385401,75,4,7,10
5614,6,ESCUELA LABRANZA,Municipal DAEM,Urbano,9,91,9101,Temuco,141,37.6856250896159,121,7,5,8
5622,7,ESCUELA BÁSICA BERNARDO ÑANKO,Municipal DAEM,Rural,9,92,9205,Lonquimay,51,37.1924758752266,47,0,3,1
5623,5,ESCUELA TRUMPULO CHICO,Municipal DAEM,Rural,9,91,9112,Padre Las Casas,96,37.5636214973317,11,0,2,0
5624,3,ESCUELA METRENCO,Municipal DAEM,Rural,9,91,9112,Padre Las Casas,69,36.8623681961593,65,1,1,2
5625,1,ESCUELA TRUF-TRUF.,Municipal DAEM,Rural,9,91,9112,Padre Las Casas,36,37.2663182002496,35,1,0,0
5627,8,ESCUELA LAUREL HUACHO,Municipal DAEM,Rural,9,91,9112,Padre Las Casas,96,34.2966692220741,16,0,0,0
5631,6,ESCUELA LICANCO,Municipal DAEM,Rural,9,91,9112,Padre Las Casas,25,37.940238279217,23,0,0,2
5632,4,ESCUELA REDUCCION MONTE VERDE,Municipal DAEM,Rural,9,91,9101,Temuco,96,40.3898260713096,7,0,0,1
5634,0,ESCUELA NIRRIMAPU,Municipal DAEM,Rural,9,91,9112,Padre Las Casas,40,36.7467108947739,38,2,0,0
5638,3,ESCUELA COLPANAO,Municipal DAEM,Rural,9,91,9112,Padre Las Casas,96,34.440334743007,17,0,0,0
5640,5,ESCUELA MOLLULCO,Municipal DAEM,Rural,9,91,9101,Temuco,96,35.8107117021348,19,0,0,0
5645,6,ESCUELA BOYECO,Municipal DAEM,Rural,9,91,9101,Temuco,69,37.1436615379741,65,4,0,0
5646,4,ESCUELA CHOMIO,Municipal DAEM,Rural,9,91,9112,Padre Las Casas,23,37.5722275537469,22,0,1,0
5647,2,ESCUELA COLLIMALLIN,Municipal DAEM,Rural,9,91,9101,Temuco,96,34.165200387891,7,0,0,0
5648,0,ESCUELA CHAPOD,Municipal DAEM,Rural,9,91,9112,Padre Las Casas,96,33.9357791557706,7,0,0,0
5649,9,ESCUELA FUNDO MAQUEHUE,Municipal DAEM,Rural,9,91,9112,Padre Las Casas,39,36.771827251451,37,0,2,0
5652,9,COLEGIO PROVIDENCIA DE TEMUCO,Particular Subvencionado,Urbano,9,91,9101,Temuco,142,37.8134676464372,119,5,11,7
5654,5,INSTITUTO CLARET,Particular Subvencionado,Urbano,9,91,9101,Temuco,492,37.8481588607076,414,30,26,22
5656,1,LICEO POLITECNICO PUEBLO NUEVO,Particular Subvencionado,Urbano,9,91,9101,Temuco,66,43.965895871049,33,6,8,19
5659,6,ESCUELA Y LICEO MONTESSORI,Particular Subvencionado,Urbano,9,91,9101,Temuco,154,35.2403234580797,146,6,1,1
5661,8,LICEO ADVENTISTA DE TEMUCO,Particular Subvencionado,Urbano,9,91,9101,Temuco,180,35.50018390405,169,5,4,2
5664,2,COLEGIO AUGUSTO WINTER,Particular Subvencionado,Urbano,9,91,9101,Temuco,65,42.3695881465167,39,9,10,7
5666,9,LICEO CAMILO HENRIQUEZ DE TEMUCO,Particular Subvencionado,Urbano,9,91,9101,Temuco,356,39.9801659451799,268,23,34,31
5667,7,ESC.PARTIC. MONS.GUIDO DE RAMBERGA,Particular Subvencionado,Urbano,9,91,9112,Padre Las Casas,154,36.7920338658857,143,2,7,2
5668,5,ESCUELA BASICA VISTA VERDE,Particular Subvencionado,Urbano,9,91,9101,Temuco,59,39.5715530098879,47,2,7,3
5669,3,COLEGIO MADRE ADMIRABLE DE SCHOENSTATT,Particular Subvencionado,Urbano,9,91,9101,Temuco,83,38.2894410365127,73,5,3,2
5670,7,COLEGIO SAN FRANCISCO,Particular Subvencionado,Urbano,9,91,9101,Temuco,133,38.7818371927088,107,11,8,7
5678,2,ESCUELA PARTICULAR NTRA.SRA.DEL CARMEN,Particular Subvencionado,Urbano,9,91,9112,Padre Las Casas,136,37.2366635827642,125,5,3,3
5680,4,ESC.PART.SAN FRANCISCO DE ASIS DE TEMUCO,Particular Subvencionado,Urbano,9,91,9101,Temuco,115,40.9030047419609,87,5,9,14
5682,0,ESCUELA PARTICULAR FRANCIA,Particular Subvencionado,Urbano,9,91,9101,Temuco,110,36.2797867153652,103,7,0,0
5683,9,ESCUELA PARTICULAR PADRE VENANCIO,Particular Subvencionado,Urbano,9,91,9112,Padre Las Casas,29,39.2000030622692,24,4,0,1
5684,7,ESCUELA PART. WENCESLAO VALDIVIA,Particular Subvencionado,Urbano,9,91,9101,Temuco,21,37.1599740901513,20,0,1,0
5690,1,ESCUELA PARTICULAR LA ESPIGA,Particular Subvencionado,Urbano,9,91,9101,Temuco,54,37.8292016030152,49,4,0,1
5694,4,ESCUELA PARTICULAR ALIANZA,Particular Subvencionado,Urbano,9,91,9101,Temuco,30,39.8857155783425,22,3,3,2
5695,2,ESCUELA PARTICULAR SAN RAFAEL ARCANGEL,Particular Subvencionado,Urbano,9,91,9112,Padre Las Casas,38,36.5169280967046,34,1,0,3
5697,9,ESCUELA PARTICULAR LAS AMERICAS,Particular Subvencionado,Urbano,9,91,9101,Temuco,113,42.5979847889669,68,18,11,16
5703,7,LICEO BICENTENARIO DE EXCELENCIA TECNICO PROFESIONAL CENTENARIO,Particular Subvencionado,Urbano,9,91,9101,Temuco,93,40.4612150436178,69,3,5,16
5706,1,ESCUELA PARTICULAR SAN JUAN,Particular Subvencionado,Urbano,9,91,9101,Temuco,74,39.7227048352744,54,3,4,13
5709,6,ESCUELA PARTICULAR LOS TRIGALES,Particular Subvencionado,Urbano,9,91,9101,Temuco,40,42.5038579502714,25,2,5,8
5713,4,COLEGIO PARTICULAR I. CULTURA BRITANICA,Particular Subvencionado,Urbano,9,91,9101,Temuco,59,42.5946154036175,42,2,1,14
5714,2,ESCUELA PART.SANTA MARIA DE LA RIBERA,Particular Subvencionado,Urbano,9,91,9101,Temuco,33,39.6429765337617,24,2,2,5
5716,9,PADRE BARTOLOME DE LAS CASAS,Particular Subvencionado,Urbano,9,91,9112,Padre Las Casas,113,37.1667782383631,102,2,4,5
5717,7,ESCUELA PARTICULAR CLAUDIO MATTE,Particular Subvencionado,Urbano,9,91,9101,Temuco,136,42.1429543326653,72,21,20,23
5719,3,ESCUELA PARTICULAR ARAUCANIA,Particular Subvencionado,Urbano,9,91,9101,Temuco,83,40.462294349833,53,9,8,13
5720,7,COLEGIO ÑIELOL CHE KIMUN,Particular Subvencionado,Rural,9,91,9112,Padre Las Casas,56,40.0899298862534,41,2,7,6
5725,8,ESCUELA PARTICULAR SAN BERNARDO,Particular Subvencionado,Urbano,9,91,9112,Padre Las Casas,166,35.8767153386943,154,7,2,3
5726,6,COLEGIO MANUEL MONTT,Particular Subvencionado,Urbano,9,91,9101,Temuco,71,40.3985476359828,48,5,8,10
5729,0,LICEO TÉCNICO FEMENINO SANTA CRUZ ÑIELOL,Particular Subvencionado,Urbano,9,91,9101,Temuco,96,45.1329661658457,1,0,4,0
5730,4,ESCUELA PARTICULAR ROBLE HUACHO,Particular Subvencionado,Rural,9,91,9112,Padre Las Casas,48,36.3349602392731,43,0,4,1
5732,0,ESCUELA PARTICULAR MAQUEHUE,Particular Subvencionado,Rural,9,91,9112,Padre Las Casas,32,36.7205334583815,27,4,1,0
5737,1,ESCUELA PARTICULAR HERMANO PASCUAL,Particular Subvencionado,Rural,9,91,9112,Padre Las Casas,25,37.9169178845615,23,0,1,1
5746,0,ESCUELA PARTICULAR MONO PAINE,Particular Subvencionado,Urbano,9,91,9101,Temuco,70,45.6064428891778,31,4,9,26
5748,7,ESCUELA PARTICULAR LAS LOMAS,Particular Subvencionado,Rural,9,91,9112,Padre Las Casas,96,39.6308957341791,7,1,0,2
5751,7,ESCUELA SAN ANTONIO DE NIENOCO,Particular Subvencionado,Rural,9,91,9101,Temuco,96,43.4726051705423,3,0,0,1
5753,3,ESCUELA PARTICULAR SAN MIGUEL,Particular Subvencionado,Rural,9,91,9112,Padre Las Casas,28,34.6938611313192,27,1,0,0
5754,1,ESCUELA PARTICULAR NUEVA MEMBRILLAR,Particular Subvencionado,Rural,9,91,9112,Padre Las Casas,20,37.1725695774261,19,1,0,0
5760,6,ESCUELA PARTICULAR DIEGO PORTALES,Particular Subvencionado,Rural,9,91,9101,Temuco,96,36.1198162836941,16,0,0,0
5761,4,ESCUELA SAN MARTIN DE PORRES,Particular Subvencionado,Rural,9,91,9112,Padre Las Casas,46,39.1255090038082,35,6,3,2
5763,0,ESCUELA PARTICULAR MANZANAR DE LLEUPECO,Particular Subvencionado,Rural,9,91,9112,Padre Las Casas,32,37.1956700609528,29,1,1,1
5764,9,ESCUELA P-416 DORCA LLANCAVIL ZANJA,Particular Subvencionado,Rural,9,91,9112,Padre Las Casas,96,38.0217467859733,15,0,1,2
5765,7,ESCUELA PARTICULAR KIMELTU DE PANCO,Particular Subvencionado,Rural,9,91,9101,Temuco,96,42.6624360582977,4,0,1,2
5766,5,ESCUELA BÁSICA PARTICULAR SUBVENCIONADA GUIDO BUCHER,Particular Subvencionado,Rural,9,91,9112,Padre Las Casas,96,37.1902553834886,12,0,0,0
5767,3,ESCUELA PARTICULAR TRES CERROS,Particular Subvencionado,Rural,9,91,9112,Padre Las Casas,22,36.5653067867613,20,1,1,0
5768,1,ESCUELA PARTICULAR SAN VICENTE,Particular Subvencionado,Rural,9,91,9112,Padre Las Casas,22,36.8474200564745,21,1,0,0
5773,8,ESCUELA PARTICULAR LUIS CRUZ MARTINEZ,Particular Subvencionado,Rural,9,91,9101,Temuco,96,39.1744125006922,11,2,1,0
5774,6,ESCUELA PARTICULAR SAN FRANCISCO DE CUNCO CHICO,Particular Subvencionado,Rural,9,91,9112,Padre Las Casas,41,34.7872328393612,41,0,0,0
5781,9,ESCUELA PARTICULAR ARAUCO,Particular Subvencionado,Rural,9,91,9112,Padre Las Casas,96,41.2364128659319,11,2,2,2
5782,7,ESCUELA PARTICULAR SIGLO XXI,Particular Subvencionado,Urbano,9,91,9101,Temuco,116,40.1524925175265,93,10,6,7
5790,8,ESCUELA PARTICULAR EL CRUCERO,Particular Subvencionado,Rural,9,91,9101,Temuco,24,38.6960685953182,22,0,1,1
5793,2,ESCUELA ANDRES BELLO,Particular Subvencionado,Rural,9,91,9112,Padre Las Casas,96,39.9721822835854,13,2,0,2
5796,7,ESCUELA PARTICULAR DOCTOR MUHAJIR,Particular Subvencionado,Rural,9,91,9101,Temuco,25,34.4203124834233,25,0,0,0
5798,3,ESCUELA PARTICULAR NIRRIMAPU,Particular Subvencionado,Rural,9,91,9112,Padre Las Casas,96,39.1299618543386,15,0,0,0
5799,1,ESCUELA SANTA INES DE CAIVICO,Particular Subvencionado,Rural,9,91,9112,Padre Las Casas,96,35.2307878215936,10,0,0,0
5806,8,ESCUELA PARTICULAR DAVID RIADI MATUS,Particular Subvencionado,Rural,9,91,9112,Padre Las Casas,96,41.7558476057703,5,0,0,4
5813,0,COLEGIO CENTENARIO DE TEMUCO,Particular Subvencionado,Urbano,9,91,9101,Temuco,208,37.1788558323695,172,12,13,11
5814,9,COLEGIO SANTA CRUZ,Particular Subvencionado,Urbano,9,91,9101,Temuco,140,35.4124553717516,132,6,1,1
5816,5,COLEGIO METODISTA,Particular Subvencionado,Urbano,9,91,9101,Temuco,144,33.3540070323648,142,1,0,1
5824,6,ESC. BASICA NUMERO SEIS,Municipal DAEM,Urbano,9,91,9108,Lautaro,169,36.6988847624828,144,9,8,8
5825,4,ESC. BASICA AMELIA GODOY,Municipal DAEM,Urbano,9,91,9108,Lautaro,50,37.4029310451555,41,4,2,3
5827,0,ESCUELA IRENE FREI,Municipal DAEM,Urbano,9,91,9108,Lautaro,55,36.6205917282211,48,4,0,3
5828,9,ESC. BASICA GUACOLDA,Municipal DAEM,Urbano,9,91,9108,Lautaro,91,38.4000346133783,72,7,3,9
5829,7,ESCUELA LOS CACHORROS,Municipal DAEM,Urbano,9,91,9108,Lautaro,126,33.0850564298999,121,1,2,2
5831,9,LICEO LOS CASTANOS,Municipal DAEM,Urbano,9,91,9108,Lautaro,46,37.1302243942154,38,7,1,0
5832,7,ESC. BASICA NIERECO,Municipal DAEM,Rural,9,91,9108,Lautaro,32,38.9841700866086,29,0,3,0
5833,5,ESC. BASICA REWE KIMUN,Municipal DAEM,Rural,9,91,9108,Lautaro,96,39.4869518271291,9,1,2,1
5847,5,ESC. BASICA SANTA YOLANDA,Municipal DAEM,Rural,9,91,9108,Lautaro,96,37.5214975247896,10,0,0,1
5852,1,ESC. BASICA EL ESCUDO,Municipal DAEM,Rural,9,91,9108,Lautaro,96,33.3475667105409,7,0,0,0
5854,8,ESC. BASICA VEGA LARGA,Municipal DAEM,Rural,9,91,9108,Lautaro,31,38.5705832963401,26,1,2,2
5861,0,ESC.PART.SAN FRANCISCO DE ASIS - LAUTARO,Particular Subvencionado,Urbano,9,91,9108,Lautaro,168,38.0324418272489,148,7,9,4
5862,9,ESCUELA PARTICULAR CORAZON DE JESUS,Particular Subvencionado,Urbano,9,91,9108,Lautaro,101,37.0944554326237,92,3,4,2
5868,8,ESCUELA PARTICULAR QUILACURA,Particular Subvencionado,Rural,9,91,9108,Lautaro,22,38.2218993687783,16,0,2,4
5869,6,ESCUELA PARTICULAR SANTA TERESA,Particular Subvencionado,Rural,9,91,9108,Lautaro,31,39.6900763102422,22,2,2,5
5875,0,ESCUELA PARTICULAR NUEVA DOLLINCO,Particular Subvencionado,Rural,9,91,9108,Lautaro,33,38.8160934871875,28,0,3,2
5876,9,ESCUELA PARTICULAR SAN RAFAEL,Particular Subvencionado,Rural,9,91,9108,Lautaro,96,40.4175813775879,13,2,1,1
5878,5,ESCUELA PARTICULAR VALLEPENCO,Particular Subvencionado,Rural,9,91,9108,Lautaro,32,37.8326679500332,25,2,2,3
5879,3,LICEO ISABEL POBLETE V.,Municipal DAEM,Urbano,9,91,9113,Perquenco,109,41.1943281108842,74,10,8,17
5894,7,ESCUELA PARTICULAR LA ESTRELLA,Particular Subvencionado,Rural,9,91,9113,Perquenco,32,39.9987187910196,27,1,3,1
5896,3,ESCUELA JAPON,Municipal DAEM,Urbano,9,91,9119,Vilcún,31,36.2141589415404,28,1,1,1
5897,1,COLEGIO AMERICA,Municipal DAEM,Urbano,9,91,9119,Vilcún,117,41.5420315137231,71,19,8,19
5899,8,ESCUELA DAGOBERTO GODOY,Municipal DAEM,Rural,9,91,9119,Vilcún,24,35.0190066316175,21,0,1,2
5901,3,ESC. BASICA VEGA REDONDA,Municipal DAEM,Rural,9,91,9119,Vilcún,31,35.3855983521393,30,1,0,0
5902,1,ESCUELA MARTIN ALONQUEO PIUTRIN,Municipal DAEM,Rural,9,91,9119,Vilcún,59,36.7454668650564,56,0,1,2
5905,6,ESC. BASICA COLLIN ALTO,Municipal DAEM,Rural,9,91,9119,Vilcún,96,34.0833234743054,13,0,0,0
5919,6,ESCUELA PADRE OSVALDO VEGA,Particular Subvencionado,Urbano,9,91,9119,Vilcún,48,38.496804840152,38,6,3,1
5935,8,ESCUELA PARTICULAR SANTA TERESITA,Particular Subvencionado,Rural,9,91,9119,Vilcún,20,36.9395998616701,18,0,1,1
5938,2,SAN MIGUEL DE QUINTRILPE,Particular Subvencionado,Rural,9,91,9119,Vilcún,96,37.4227061155397,18,0,1,0
5940,4,ESCUELA PARTICULAR VIRGEN DE FATIMA,Particular Subvencionado,Rural,9,91,9119,Vilcún,99,36.7650938958222,91,5,2,1
5952,8,ESCUELA PARTICULAR SANTA MONICA,Particular Subvencionado,Rural,9,91,9119,Vilcún,26,41.0401806992892,17,3,2,4
5954,4,ESCUELA PARTICULAR LOS ROBLES,Particular Subvencionado,Rural,9,91,9119,Vilcún,96,36.3170773775913,15,0,1,0
5955,2,ESCUELA PARTICULAR MONTERREY,Particular Subvencionado,Urbano,9,91,9119,Vilcún,69,38.1010322400587,62,4,3,0
5957,9,LICEO MUNICIPAL ATENEA,Municipal DAEM,Urbano,9,91,9103,Cunco,124,35.266529008644,117,4,2,1
5959,5,LICEO ARTURO VALENZUELA,Municipal DAEM,Urbano,9,91,9103,Cunco,64,36.5415923716448,59,5,0,0
5960,9,ESCUELA BASICA LAS HORTENCIAS,Municipal DAEM,Urbano,9,91,9103,Cunco,32,37.6497350745407,29,2,1,0
5970,6,ESCUELA VIDA Y PAZ,Municipal DAEM,Rural,9,91,9103,Cunco,96,36.7087431501333,12,2,0,0
5990,0,ESCUELA BASICA QUECHEREHUE,Municipal DAEM,Rural,9,91,9103,Cunco,34,36.2853225001688,32,1,1,0
5993,5,ESCUELA LEOVIGILDO KLEY,Particular Subvencionado,Urbano,9,91,9103,Cunco,67,36.7364506052586,61,3,3,0
5994,3,ESCUELA PARTICULAR SUBVENCIONADA PADRE MARCELINO HUICHAMIL,Particular Subvencionado,Urbano,9,91,9103,Cunco,23,40.7039067932867,14,4,0,5
5995,1,ESCUELA PARTICULAR QUECHEREHUE,Particular Subvencionado,Rural,9,91,9103,Cunco,96,32.7263584647225,5,0,0,0
5999,4,ESCUELA PARTICULAR PADRE BERNABE,Particular Subvencionado,Rural,9,91,9103,Cunco,96,33.1027494968262,6,0,0,0
6005,4,ESCUELA AURORA DE CHILE,Municipal DAEM,Rural,9,91,9103,Cunco,96,38.2376385288812,7,1,1,0
6006,2,ESCUELA PARTICULAR ALAMEDA,Particular Subvencionado,Rural,9,91,9103,Cunco,96,36.0483517755468,16,1,1,0
6018,6,ESCUELA PARTICULAR SAN GABRIEL,Particular Subvencionado,Urbano,9,91,9110,Melipeuco,56,35.9030227211449,51,4,1,0
6019,4,ESCUELA PARTICULAR LLAIMA,Particular Subvencionado,Rural,9,91,9110,Melipeuco,96,33.0837234532993,12,0,0,0
6027,5,COMPLEJO EDUCACIONAL MONSEÑOR FRCO. VALDES S,Municipal DAEM,Urbano,9,91,9104,Curarrehue,43,35.5539609704507,42,0,1,0
6029,1,ESCUELA RUCA MANKE,Municipal DAEM,Rural,9,91,9104,Curarrehue,96,37.4847963983838,10,1,0,0
6030,5,ESCUELA JERONIMO NECULPAN,Municipal DAEM,Rural,9,91,9104,Curarrehue,96,30.3239203287977,19,0,0,0
6036,4,ESCUELA LICANCURA,Municipal DAEM,Rural,9,91,9104,Curarrehue,96,37.4589400670001,14,2,0,1
6038,0,COMPLEJO EDUCACIONAL RUKA NGEN,Particular Subvencionado,Urbano,9,91,9104,Curarrehue,53,32.9275258055991,53,0,0,0
6039,9,ESCUELA PARTICULAR CATRIPULLI,Particular Subvencionado,Rural,9,91,9104,Curarrehue,61,34.3884075465722,59,1,0,1
6045,3,ESCUELA PARTICULAR PANQUE,Particular Subvencionado,Rural,9,91,9104,Curarrehue,27,38.7138212967262,20,2,0,5
6052,6,ESCUELA CARLOS HOLZAFEL,Municipal DAEM,Urbano,9,91,9115,Pucón,130,37.4781574138345,110,5,8,7
6053,4,ESCUELA JOSE MIGUEL MARTINEZ SOTO,Municipal DAEM,Rural,9,91,9115,Pucón,38,35.8819491467372,34,1,3,0
6056,9,ESCUELA BASICA MUNICIPAL DE EL CLARO,Municipal DAEM,Rural,9,91,9115,Pucón,60,33.3385541658872,60,0,0,0
6060,7,ESC. BASICA VILLA SAN PEDRO,Municipal DAEM,Rural,9,91,9115,Pucón,47,37.7453443203485,36,4,4,3
6066,6,ESC. BASICA CARILEUFU,Municipal DAEM,Rural,9,91,9115,Pucón,56,35.9896925031114,52,1,2,1
6069,0,ESC.BASICA PAILLACO,Municipal DAEM,Rural,9,91,9115,Pucón,36,35.8652201211547,34,1,0,1
6071,2,ESCUELA PARTICULAR NTRA.SRA.DE FATIMA,Particular Subvencionado,Urbano,9,91,9115,Pucón,135,35.3723046313821,128,4,2,1
6072,0,ESCUELA PARTICULAR RAMON GUINEZ,Particular Subvencionado,Urbano,9,91,9115,Pucón,134,36.6335941487939,115,4,5,10
6082,8,ESCUELA SANTA ROSA DE LLAFENCO,Particular Subvencionado,Rural,9,91,9115,Pucón,96,32.4644735728681,11,0,0,0
6084,4,LICEO BICENTENARIO ARAUCANÍA,Municipal DAEM,Urbano,9,91,9120,Villarrica,141,36.62378494674,122,10,5,4
6086,0,ESCUELA JOSE ABELARDO NUNEZ,Municipal DAEM,Urbano,9,91,9120,Villarrica,84,38.7323761925255,65,5,9,5
6087,9,LICEO BICENTENARIO DE EXCELENCIA ARTÍSTICO ALEXANDER GRAHAM BELL,Municipal DAEM,Urbano,9,91,9120,Villarrica,105,38.481412981942,89,5,6,5
6088,7,ESCUELA VALENTIN LETELIER,Municipal DAEM,Urbano,9,91,9120,Villarrica,64,38.8479983544728,54,5,2,3
6089,5,ESCUELA VOIPIR DE NANCUL,Municipal DAEM,Urbano,9,91,9120,Villarrica,58,34.3132998709106,57,0,1,0
6090,9,ESCUELA MARIANO LATORRE,Municipal DAEM,Urbano,9,91,9120,Villarrica,88,38.0420909553349,71,5,5,7
6092,5,ESCUELA EPUKLEI,Municipal DAEM,Urbano,9,91,9120,Villarrica,46,35.4719904922181,43,0,2,1
6093,3,ESCUELA MOLCO ALTO,Municipal DAEM,Rural,9,91,9120,Villarrica,96,35.1503498141615,15,1,0,0
6107,7,ESCUELA CONQUIL,Municipal DAEM,Rural,9,91,9120,Villarrica,96,39.3007784322202,6,3,1,0
6108,5,ESCUELA MANANTIAL,Municipal DAEM,Rural,9,91,9120,Villarrica,23,35.5658566693345,22,1,0,0
6112,3,COLEGIO DE HUMANIDADES DE VILLARICA,Particular Subvencionado,Urbano,9,91,9120,Villarrica,240,35.4551522390256,215,15,4,6
6115,8,LICEO BICENTENARIO DE EXCELENCIA SAN AGUSTÍN,Particular Subvencionado,Urbano,9,91,9120,Villarrica,50,39.6866011842882,39,3,3,5
6116,6,ESCUELA PARTICULAR SAGRADA FAMILIA,Particular Subvencionado,Urbano,9,91,9120,Villarrica,64,34.850066354339,60,2,1,1
6117,4,ESCUELA PARTICULAR NANCUL,Particular Subvencionado,Urbano,9,91,9120,Villarrica,20,39.9807348172122,13,3,1,3
6118,2,COLEGIO SANTA CRUZ,Particular Subvencionado,Urbano,9,91,9120,Villarrica,138,34.0458293101641,136,2,0,0
6119,0,LICEO PART. LIBERTAD,Particular Subvencionado,Urbano,9,91,9120,Villarrica,65,40.3850282812356,49,4,7,5
6120,4,COLEGIO ALBERTO HURTADO,Particular Subvencionado,Urbano,9,91,9120,Villarrica,204,35.5849951605305,195,3,4,2
6122,0,ESCUELA PARTICULAR ADVENTISTA,Particular Subvencionado,Urbano,9,91,9120,Villarrica,88,34.3555997934068,84,1,2,1
6124,7,ESCUELA PARTICULAR PEDRO AGUIRRE CERDA,Particular Subvencionado,Urbano,9,91,9120,Villarrica,30,40.436666159171,22,1,3,4
6126,3,ESCUELA PARTICULAR NUEVA ESPERANZA,Particular Subvencionado,Urbano,9,91,9120,Villarrica,30,39.519912791459,24,3,0,3
6135,2,ESCUELA PARTICULAR LUIS CRUZ MARTINEZ,Particular Subvencionado,Rural,9,91,9120,Villarrica,71,38.1141382352847,64,1,2,4
6137,9,ESCUELA PARTICULAR SAN LUIS,Particular Subvencionado,Rural,9,91,9120,Villarrica,22,35.5281877841686,20,0,1,1
6138,7,ESCUELA PARTICULAR CALFUTUE,Particular Subvencionado,Rural,9,91,9120,Villarrica,24,35.9018346330142,23,0,0,1
6139,5,ESCUELA PARTICULAR SANTA RITA,Particular Subvencionado,Rural,9,91,9120,Villarrica,96,42.672562503826,4,1,1,2
6151,4,ESCUELA PARTICULAR PUENTE BASA,Particular Subvencionado,Rural,9,91,9104,Curarrehue,96,33.2561622698968,3,0,0,0
6164,6,ESCUELA JUAN SEGUEL,Municipal DAEM,Urbano,9,91,9105,Freire,72,37.0512810919857,59,7,6,0
6165,4,ESCUELA RAIMAPU,Municipal DAEM,Urbano,9,91,9105,Freire,52,37.5516147507123,44,3,3,2
6166,2,ESCUELA LA ESPERANZA,Municipal DAEM,Urbano,9,91,9105,Freire,33,35.2449211812148,31,2,0,0
6170,0,ESCUELA ARMANDO QUINTULEN,Municipal DAEM,Rural,9,91,9105,Freire,96,34.2913952526665,15,1,0,0
6178,6,ESCUELA BASICA QUETROCO,Municipal DAEM,Rural,9,91,9105,Freire,96,32.0049878106758,13,0,0,0
6179,4,ESCUELA RURAL EL LLIUCO,Municipal DAEM,Rural,9,91,9105,Freire,96,29.1064548578628,5,0,0,0
6181,6,ESCUELA COIPUE,Municipal DAEM,Rural,9,91,9105,Freire,96,30.9520649857857,18,0,0,0
6183,2,ESCUELA ALLIPEN,Municipal DAEM,Rural,9,91,9105,Freire,37,35.8994690961475,34,2,1,0
6188,3,COLEGIO SANTA CRUZ DE FREIRE,Particular Subvencionado,Urbano,9,91,9105,Freire,74,34.1698768371139,74,0,0,0
6189,1,ESCUELA PARTICULAR ARTURO PRAT,Particular Subvencionado,Urbano,9,91,9105,Freire,47,34.745987204163,44,2,1,0
6200,6,ESCUELA PARTICULAR EL TESORO,Particular Subvencionado,Rural,9,91,9112,Padre Las Casas,35,37.9819791684294,31,2,1,1
6204,9,ESCUELA PARTICULAR SAN ISIDRO LABRADOR,Particular Subvencionado,Rural,9,91,9105,Freire,25,36.3854271168278,22,0,2,1
6205,7,ESCUELA PARTICULAR SAN MANUEL DE LOLEN,Particular Subvencionado,Rural,9,91,9105,Freire,52,36.589809858418,46,3,0,3
6207,3,ESCUELA PARTICULAR RUPAYAN DE MALLOHUE,Particular Subvencionado,Rural,9,91,9105,Freire,26,38.9294736893813,19,1,1,5
6210,3,LICEO AGRICOLA PUQUEREO,Particular Subvencionado,Rural,9,91,9105,Freire,96,38.3015343906094,13,3,3,0
6214,6,ESCUELA PARTICULAR RENACER,Particular Subvencionado,Rural,9,91,9111,Nueva Imperial,96,43.1521817106388,3,0,0,2
6216,2,ESCUELA PARTICULAR SAN ANTONIO,Particular Subvencionado,Rural,9,91,9105,Freire,41,34.9818742677179,41,0,0,0
6219,7,ESCUELA PARTICULAR TRAPILHUE,Particular Subvencionado,Rural,9,91,9105,Freire,96,35.7557131142865,11,2,0,0
6220,0,ESCUELA PARTICULAR PATRIA NUEVA,Particular Subvencionado,Rural,9,91,9105,Freire,24,31.4767184846422,24,0,0,0
6223,5,LICEO BICENTENARIO CIENCIAS Y HUMANIDADES RBD 6223-5,Municipal DAEM,Urbano,9,91,9114,Pitrufquén,121,37.2043578881463,102,3,6,10
6224,3,ESCUELA UNION LATINOAMERICANA,Municipal DAEM,Urbano,9,91,9114,Pitrufquén,85,37.7991102405095,73,7,2,3
6225,1,ESCUELA JUAN BTA. CHESTA CH.,Municipal DAEM,Urbano,9,91,9114,Pitrufquén,58,35.4266932809083,58,0,0,0
6227,8,ESCUELA LAS AMERICAS,Municipal DAEM,Urbano,9,91,9114,Pitrufquén,44,35.2710515611227,43,0,0,1
6230,8,LICEO MUNICIPAL LA FRONTERA,Municipal DAEM,Urbano,9,91,9114,Pitrufquén,34,34.3514587540783,32,0,1,1
6231,6,ESC. BASICA LOS GALPONES,Municipal DAEM,Rural,9,91,9114,Pitrufquén,96,37.9921890562825,9,1,0,0
6237,5,ESCUELA NUEVO HORIZONTE,Municipal DAEM,Rural,9,91,9114,Pitrufquén,96,34.3400530631025,8,0,0,0
6251,0,ESCUELA RESERVA FORESTAL MAHUIDANCHI,Municipal DAEM,Rural,9,91,9114,Pitrufquén,96,36.8386037985607,9,0,0,0
6253,7,LICEO BICENTENARIO DE EXCELENCIA MONSEÑOR GUILLERMO HARTL,Particular Subvencionado,Urbano,9,91,9114,Pitrufquén,48,38.4277625387067,41,5,0,2
6254,5,COLEGIO MADRES DOMINICAS,Particular Subvencionado,Urbano,9,91,9114,Pitrufquén,181,38.2555884568181,152,12,9,8
6262,6,ESCUELA PARTICULAR RESERVA RAIN,Particular Subvencionado,Rural,9,91,9114,Pitrufquén,96,39.4252916880865,11,1,2,0
6267,7,LICEO PARTICULAR SUBV.QUINQUE,Particular Subvencionado,Rural,9,91,9114,Pitrufquén,23,40.210659772222,17,2,1,3
6268,5,ESCUELA PARTICULAR HUEFEL COMUY,Particular Subvencionado,Rural,9,91,9114,Pitrufquén,22,35.9269868992505,21,1,0,0
6270,7,LICEO JOSE VICTORINO LASTARRIA,Municipal DAEM,Urbano,9,91,9107,Gorbea,37,40.0253347144469,28,2,3,4
6271,5,ESCUELA BASICA CINCO,Municipal DAEM,Urbano,9,91,9107,Gorbea,59,34.813354725532,57,0,2,0
6272,3,ESCUELA BASICA LICARAYEN,Municipal DAEM,Urbano,9,91,9107,Gorbea,43,34.9397751264953,43,0,0,0
6273,1,ESC.PRESBITERO JOSE AGUSTIN GOMEZ Z.,Municipal DAEM,Urbano,9,91,9107,Gorbea,101,33.9548974036436,98,2,0,1
6285,5,ESCUELA BASICA LOS PERALES,Municipal DAEM,Urbano,9,91,9107,Gorbea,43,35.0315026290169,43,0,0,0
6294,4,ESCUELA PARTICULAR NTRA.SRA.DEL CARMEN,Particular Subvencionado,Urbano,9,91,9107,Gorbea,25,36.2980442128446,24,0,0,1
6300,2,COLEGIO JUAN PABLO II,Particular Subvencionado,Urbano,9,91,9107,Gorbea,64,35.2910914587901,62,1,1,0
6302,9,LICEO BICENTENARIO PADRE ALBERTO HURTADO CRUCHAGA,Municipal DAEM,Urbano,9,91,9109,Loncoche,119,34.9653009104074,115,2,1,1
6303,7,ESCUELA EGON ERNTS KEUTMANN BESGEN,Municipal DAEM,Urbano,9,91,9109,Loncoche,29,36.6090541684655,24,1,1,3
6304,5,ESCUELA ALBORADA,Municipal DAEM,Urbano,9,91,9109,Loncoche,188,37.9933457411002,153,14,5,16
6305,3,ESCUELA DOMITILA PINNA PARRA,Municipal DAEM,Urbano,9,91,9109,Loncoche,56,32.2298941273048,55,1,0,0
6319,3,ESCUELA ESMERALDA,Municipal DAEM,Rural,9,91,9109,Loncoche,96,40.0143232485253,6,0,1,1
6336,3,COLEGIO SANTA CRUZ DE LONCOCHE,Particular Subvencionado,Urbano,9,91,9109,Loncoche,179,35.6392181160547,169,5,4,1
6337,1,ESCUELA PARTICULAR JUAN XXIII,Particular Subvencionado,Urbano,9,91,9109,Loncoche,55,34.9462936389977,53,1,1,0
6347,9,ESCUELA PARTICULAR SUBVENCIONADA LA FAMILIA,Particular Subvencionado,Rural,9,91,9109,Loncoche,25,38.912923121833,19,3,1,2
6349,5,ESCUELA AGUAS Y GAVIOTAS,Servicio Local de Educación(SLE),Urbano,9,91,9118,Toltén,71,35.368269441691,66,3,1,1
6350,9,ESCUELA RAYEN LAFQUEN QUEULE,Servicio Local de Educación(SLE),Urbano,9,91,9118,Toltén,43,35.7324547584034,38,1,3,1
6351,7,ESCUELA EL SEMBRADOR,Servicio Local de Educación(SLE),Rural,9,91,9118,Toltén,32,33.3266593006044,31,0,0,1
6352,5,ESCUELA AMANECER DE VILLA LOS BOLDOS,Servicio Local de Educación(SLE),Urbano,9,91,9118,Toltén,20,34.670664261595,18,0,1,1
6379,7,ESCUELA PART. SUBV. SAN JOSÈ OBRERO,Particular Subvencionado,Urbano,9,91,9118,Toltén,29,33.6469560799024,29,0,0,0
6380,0,ESCUELA PARTICULAR SUBVENCIONADA PADRE ISIDORO,Particular Subvencionado,Urbano,9,91,9118,Toltén,36,34.3614520851956,36,0,0,0
6381,9,ESCUELA PARTICULAR PURALACO,Particular Subvencionado,Rural,9,91,9118,Toltén,33,33.8228660465879,33,0,0,0
6385,1,ESCUELA PARTICULAR CHANQUIN,Particular Subvencionado,Rural,9,91,9118,Toltén,25,35.0545610806601,25,0,0,0
6389,4,ESCUELA POCOYAN,Particular Subvencionado,Rural,9,91,9118,Toltén,33,33.2356992459009,33,0,0,0
6393,2,ESCUELA PARTICULAR FRUTILLAR,Particular Subvencionado,Rural,9,91,9118,Toltén,22,34.0482164124515,22,0,0,0
6397,5,LICEO MUNICIPAL BARROS ARANA,Servicio Local de Educación(SLE),Urbano,9,91,9117,Teodoro Schmidt,45,39.3508270548661,34,2,5,4
6398,3,COMPLEJO EDUCACIONAL NUEVA ALBORADA,Servicio Local de Educación(SLE),Urbano,9,91,9117,Teodoro Schmidt,72,37.0919033933104,65,3,4,0
6399,1,ESCUELA HORIZONTES,Servicio Local de Educación(SLE),Urbano,9,91,9117,Teodoro Schmidt,50,34.6196738467702,50,0,0,0
6420,3,ESCUELA PARTICULAR PADRE ALEJANDRO ORTEGA,Particular Subvencionado,Urbano,9,91,9117,Teodoro Schmidt,26,31.214267130324,26,0,0,0
6421,1,ESCUELA PARTICULAR BAUTISTA,Particular Subvencionado,Urbano,9,91,9117,Teodoro Schmidt,63,36.4333557212716,59,1,2,1
6423,8,ESCUELA PARTICULAR HUALPIN,Particular Subvencionado,Urbano,9,91,9117,Teodoro Schmidt,26,37.2596238087706,24,1,0,1
6432,7,ESCUELA PARTICULAR ALTO CHELLE,Particular Subvencionado,Rural,9,91,9117,Teodoro Schmidt,96,32.4287629846637,17,0,0,0
6434,3,ESCUELA PARTICULAR PORMA,Particular Subvencionado,Rural,9,91,9117,Teodoro Schmidt,22,35.5263820691231,21,1,0,0
6435,1,ESCUELA PARTICULAR HUIDIMA,Particular Subvencionado,Rural,9,91,9117,Teodoro Schmidt,96,35.9629250972809,1,0,0,0
6443,2,ESCUELA PART. KOM PU LOF NI KIMELTUWE,Particular Subvencionado,Rural,9,91,9117,Teodoro Schmidt,96,36.70181804428,12,0,0,0
6452,1,LICEO REINO DE SUECIA,Servicio Local de Educación(SLE),Urbano,9,91,9116,Saavedra,50,36.6545027132519,48,0,2,0
6454,8,ESCUELA BASICA COLLICO RANCO,Servicio Local de Educación(SLE),Rural,9,91,9116,Saavedra,96,35.3568511929151,18,0,1,0
6455,6,ESCUELA BASICA BARTOLO LLANCALEO,Servicio Local de Educación(SLE),Rural,9,91,9116,Saavedra,96,30.715140390501,8,0,0,0
6456,4,ESCCUELA BASICA INALAFQUEN,Servicio Local de Educación(SLE),Rural,9,91,9116,Saavedra,96,28.8637231664056,16,0,0,0
6457,2,ESC. BASICA AUGUSTO WINTER TAPIA,Servicio Local de Educación(SLE),Urbano,9,91,9116,Saavedra,47,35.552561754524,46,0,1,0
6458,0,ESCUELA BASICA CALOF,Servicio Local de Educación(SLE),Rural,9,91,9116,Saavedra,96,32.9048955409775,16,0,1,0
6459,9,ESC. BASICA ANTONIO LADINO,Servicio Local de Educación(SLE),Rural,9,91,9116,Saavedra,21,31.8803459428539,20,0,1,0
6460,2,ESCUELA PARTICULAR SAN SEBASTIAN,Particular Subvencionado,Urbano,9,91,9116,Saavedra,48,34.7489115696171,45,2,1,0
6461,0,ESCUELA PARTICULAR PADRE JUAN WEVERING,Particular Subvencionado,Urbano,9,91,9116,Saavedra,23,32.2621605433525,23,0,0,0
6465,3,LICEO PART. SUBVENC. LA SIERRA,Particular Subvencionado,Rural,9,91,9116,Saavedra,96,36.9711906104196,11,2,0,1
6471,8,ESCUELA PARTICULAR SOL NACIENTE,Particular Subvencionado,Rural,9,91,9116,Saavedra,96,31.5644817090535,9,0,0,0
6475,0,ESCUELA PARTICULAR LLAGUEY,Particular Subvencionado,Rural,9,91,9116,Saavedra,96,32.2411403573472,10,0,0,0
6478,5,ESCUELA PARTICULAR PIEDRA ALTA,Particular Subvencionado,Rural,9,91,9116,Saavedra,96,31.8690407533075,11,0,0,0
6480,7,ESCUELA PARTICULAR NUEVA RUCATRARO,Particular Subvencionado,Rural,9,91,9116,Saavedra,96,31.8073043369841,13,0,0,0
6485,8,ESCUELA PADRE ERNESTO WILHELM,Particular Subvencionado,Rural,9,91,9116,Saavedra,96,31.9010393618438,4,0,0,0
6487,4,ESCUELA PARTICULAR LOS CISNES,Particular Subvencionado,Rural,9,91,9116,Saavedra,96,31.4679570201366,5,0,0,0
6488,2,ESCUELA PARTICULAR DIEGO PORTALES,Particular Subvencionado,Rural,9,91,9116,Saavedra,96,32.6226374139524,19,0,0,0
6495,5,ESCUELA RUCA RAQUI,Servicio Local de Educación(SLE),Rural,9,91,9116,Saavedra,96,29.4130716314983,10,0,0,0
6496,3,ESCUELA GABRIELA MISTRAL,Particular Subvencionado,Rural,9,91,9116,Saavedra,96,35.6569264488341,9,0,0,1
6497,1,LICEO PUBLICO BICENTENARIO DE EXCELENCIA CLAUDIO ARRAU LEON,Servicio Local de Educación(SLE),Urbano,9,91,9102,Carahue,31,36.341242075875,25,2,1,3
6499,8,ROMILIO ADRIAZOLA,Servicio Local de Educación(SLE),Urbano,9,91,9102,Carahue,51,33.4521890151009,51,0,0,0
6500,5,COMPLEJO EDUCACIONAL DARÍO SALAS,Servicio Local de Educación(SLE),Urbano,9,91,9102,Carahue,218,36.8750616307811,197,9,6,6
6501,3,ESCUELA BASICA KIM RUKA,Servicio Local de Educación(SLE),Urbano,9,91,9102,Carahue,131,35.5910946490084,122,6,2,1
6502,1,ESCUELA BASICA NEHUENTUE,Servicio Local de Educación(SLE),Urbano,9,91,9102,Carahue,35,34.8131289941552,34,1,0,0
6504,8,ESCUELA TRANAPUENTE,Servicio Local de Educación(SLE),Rural,9,91,9102,Carahue,27,36.1074943861288,26,0,1,0
6528,5,ESCUELA BASICA BAJO YUPEHUE,Servicio Local de Educación(SLE),Rural,9,91,9102,Carahue,96,33.5563899652509,13,0,0,0
6542,0,ESCUELA PARTICULAR ADVENTISTA,Particular Subvencionado,Urbano,9,91,9102,Carahue,96,32.9080885207552,19,0,0,0
6546,3,ESCUELA SAN CARLOS LLUFQUENTÚE,Particular Subvencionado,Rural,9,91,9106,Galvarino,96,34.6791857343888,7,0,0,0
6550,1,ESCUELA PARTICULAR VISTA HERMOSA,Particular Subvencionado,Rural,9,91,9102,Carahue,96,34.7009380651247,11,0,0,0
6552,8,ESCUELA CODIHUE,Particular Subvencionado,Rural,9,91,9102,Carahue,96,32.8651370351307,14,0,0,0
6562,5,ESCUELA PARTICULAR LA ALBORADA,Particular Subvencionado,Rural,9,91,9102,Carahue,96,41.4257431553159,10,1,0,1
6564,1,ESCUELA PARTIC.JOSE MIGUEL CARRERA,Particular Subvencionado,Rural,9,91,9102,Carahue,96,39.765194354218,10,0,0,1
6566,8,ESCUELA PARTICULAR JAVIERA CARRERA,Particular Subvencionado,Rural,9,91,9102,Carahue,96,33.8383215322124,11,0,0,0
6569,2,ESCUELA PARTICULAR LUIS CRUZ MARTINEZ,Particular Subvencionado,Rural,9,91,9102,Carahue,96,36.7249006468876,15,1,1,1
6572,2,ESCUELA PARTICULAR RAMON FREIRE,Particular Subvencionado,Rural,9,91,9102,Carahue,96,48.920070126383,2,1,3,11
6575,7,ESCUELA PARTICULAR ALONSO DE ERCILLA,Particular Subvencionado,Rural,9,91,9102,Carahue,96,40.2159516034966,8,2,0,2
6577,3,COLEGIO DREAM HOUSE,Particular Subvencionado,Rural,9,91,9102,Carahue,25,36.3913254704614,20,4,1,0
6583,8,ESCUELA PARTICULAR RUCATRARO,Particular Subvencionado,Rural,9,91,9102,Carahue,96,34.449303270492,9,0,0,0
6585,4,LICEO BICENTENARIO LUIS GONZALEZ VASQUEZ 6585-4,Servicio Local de Educación(SLE),Urbano,9,91,9111,Nueva Imperial,64,36.8395251150809,58,3,1,2
6586,2,LICEO BICENTENARIO JAMES MUNDELL,Municipal DAEM,Urbano,9,91,9121,Cholchol,135,40.8374052084916,94,5,16,20
6587,0,ESCUELA ALEJANDRO GOROSTIAGA,Servicio Local de Educación(SLE),Urbano,9,91,9111,Nueva Imperial,145,38.1432129691655,125,8,7,5
6588,9,ESCUELA REPUBLICA,Servicio Local de Educación(SLE),Urbano,9,91,9111,Nueva Imperial,56,38.632016355654,45,4,4,3
6589,7,ESCUELA JUAN XXIII,Servicio Local de Educación(SLE),Urbano,9,91,9111,Nueva Imperial,62,37.2508502966125,58,3,1,0
6593,5,ESCUELA BASICA EL CRUCERO,Servicio Local de Educación(SLE),Rural,9,91,9111,Nueva Imperial,28,36.918619803294,27,1,0,0
6604,4,ESCUELA LOS CARRERA,Municipal DAEM,Urbano,9,91,9108,Lautaro,102,36.5623432190177,92,5,2,3
6641,9,LICEO AGRICOLA CHOL CHOL,Particular Subvencionado,Urbano,9,91,9121,Cholchol,52,37.5100949141088,44,3,2,3
6644,3,LICEO SAN FCO DE ASIS DE NVA IMPERIAL,Particular Subvencionado,Urbano,9,91,9111,Nueva Imperial,180,35.8123508027454,169,7,4,0
6649,4,LICEO SAN FRANCISCO DE ASIS DE CHOL CHOL,Particular Subvencionado,Urbano,9,91,9121,Cholchol,79,38.8607565825866,66,6,4,3
6650,8,COLEGIO ANGLICANO WILLIAM WILSON,Particular Subvencionado,Urbano,9,91,9121,Cholchol,84,39.3578757107814,59,8,11,6
6652,4,ESCUELA PARTICULAR BOROA,Particular Subvencionado,Rural,9,91,9111,Nueva Imperial,96,34.5460462068984,18,0,0,0
6654,0,ESCUELA PARTICULAR ENTRE RIOS,Particular Subvencionado,Rural,9,91,9111,Nueva Imperial,96,36.0394757282074,10,0,0,0
6656,7,ESCUELA PARTICULAR LOS GUINDOS,Particular Subvencionado,Rural,9,91,9111,Nueva Imperial,29,36.3162294164293,28,1,0,0
6662,1,ESCUELA PARTICULAR LOMA LARGA,Particular Subvencionado,Rural,9,91,9111,Nueva Imperial,96,41.6163788245971,7,1,1,2
6666,4,ESCUELA PARTICULAR ALMAGRO,Particular Subvencionado,Rural,9,91,9111,Nueva Imperial,34,36.4996402587728,30,2,1,1
6667,2,ESCUELA PARTICULAR RULO,Particular Subvencionado,Rural,9,91,9111,Nueva Imperial,21,38.3405257707766,17,1,2,1
6669,9,ESCUELA PARTICULAR DOLLIMCO,Particular Subvencionado,Rural,9,91,9121,Cholchol,56,35.5148698059499,54,1,1,0
6670,2,ESCUELA PARTICULAR HUEICO,Particular Subvencionado,Rural,9,91,9121,Cholchol,96,40.9437489116132,15,0,3,0
6678,8,ESCUELA PARTICULAR SANTA MARIA,Particular Subvencionado,Rural,9,91,9106,Galvarino,96,33.8472527328111,4,0,0,0
6686,9,ESCUELA PARTICULAR LIDIA RIQUELME,Particular Subvencionado,Rural,9,91,9111,Nueva Imperial,96,39.6955093967861,10,0,0,2
6688,5,ESCUELA PARTICULAR TRANAMIL RULO,Particular Subvencionado,Rural,9,91,9111,Nueva Imperial,96,36.8081902323286,9,0,1,0
6690,7,ESCUELA PARTICULAR PEDRO AGUIRRE CERDA,Particular Subvencionado,Rural,9,91,9111,Nueva Imperial,23,40.4502718380148,15,3,1,4
6691,5,ESCUELA PARTICULAR GABRIELA MISTRAL,Particular Subvencionado,Urbano,9,91,9111,Nueva Imperial,79,41.352312209789,49,6,15,9
6692,3,ESCUELA PARTICULAR ARTURO PRAT,Particular Subvencionado,Rural,9,91,9121,Cholchol,96,36.926439723485,9,0,0,0
6695,8,ESCUELA PARTICULAR FAIZI,Particular Subvencionado,Rural,9,91,9111,Nueva Imperial,96,38.3076671699233,7,0,0,0
6699,0,ESCUELA PARTICULAR AMBROSIO OHIGGINS,Particular Subvencionado,Rural,9,91,9119,Vilcún,96,38.9230351509717,9,0,1,1
6700,8,ESCUELA PARTICULAR TRAYENCO,Particular Subvencionado,Rural,9,91,9121,Cholchol,96,34.6270249725256,7,0,0,0
6705,9,ESCUELA PARTICULAR PROF.NIMIA RIVAS,Particular Subvencionado,Rural,9,91,9121,Cholchol,23,39.8156222939114,18,0,2,3
6708,3,LICEO GREGORIO URRUTIA,Municipal DAEM,Urbano,9,91,9106,Galvarino,36,37.6386938754755,31,0,1,4
6709,1,ESCUELA MUNICIPAL RIO QUILLEN,Municipal DAEM,Urbano,9,91,9106,Galvarino,70,34.2708369540222,65,2,2,1
6710,5,ESCUELA BASICA DE LA PIEDRA,Municipal DAEM,Rural,9,91,9106,Galvarino,21,39.1381624804737,17,2,1,1
6711,3,ESCUELA BASICA MANIUCO,Municipal DAEM,Rural,9,91,9106,Galvarino,96,37.9401328432539,8,1,0,0
6712,1,ESCUELA SAN JUAN DE AILLINCO,Municipal DAEM,Rural,9,91,9106,Galvarino,26,35.1004253388649,25,1,0,0
6714,8,ESCUELA MUNICIPAL DE LLUQUENTUE,Municipal DAEM,Rural,9,91,9106,Galvarino,96,33.8357568277202,4,0,0,0
6716,4,ESC. BASICA QUETRE,Municipal DAEM,Rural,9,91,9106,Galvarino,96,31.8682790706124,6,0,0,0
6718,0,ESCUELA BASICA DE EL CAPRICHO,Municipal DAEM,Rural,9,91,9106,Galvarino,24,32.4167424435572,23,0,0,1
6721,0,ESCUELA REDUCCION PANGUECO,Municipal DAEM,Rural,9,91,9106,Galvarino,96,31.1371688355124,1,0,0,0
6725,3,ESCUELA DE HUAMPOMALLIN,Municipal DAEM,Rural,9,91,9106,Galvarino,96,33.6800818821289,12,0,0,0
6726,1,ESCUELA BASICA SANTA MARGARITA,Municipal DAEM,Rural,9,91,9106,Galvarino,96,32.8573387209838,15,0,0,0
6731,8,ESCUELA BASICA PELANTARO,Municipal DAEM,Rural,9,91,9106,Galvarino,96,32.5579319086881,11,0,0,0
6732,6,ESC. BASICA FORTIN NIELOL,Municipal DAEM,Rural,9,91,9106,Galvarino,96,37.0247191399218,14,2,2,1
6734,2,ESCUELA PARTICULAR SAN SEBASTIAN,Particular Subvencionado,Rural,9,91,9106,Galvarino,96,32.3879486699715,10,0,0,0
6735,0,ESCUELA PARTICULAR ADVENTISTA,Particular Subvencionado,Rural,9,91,9106,Galvarino,96,35.5792436616535,13,2,0,0
6737,7,ESCUELA PARTICULAR PAILLAHUE,Particular Subvencionado,Rural,9,92,9210,Traiguén,96,38.9708769860034,4,0,1,0
6745,8,ESCUELA PARTICULAR BELLAVISTA,Particular Subvencionado,Rural,9,91,9106,Galvarino,96,38.0177388927649,5,0,0,1
6747,4,ESCUELA PARTICULAR EL PERAL,Particular Subvencionado,Rural,9,91,9106,Galvarino,96,30.5099258691675,1,0,0,0
6754,7,LICEO ARMANDO ROBLES RIVERA,Servicio Local de Educación(SLE),Urbano,14,141,14101,Valdivia,87,46.0517763970046,45,1,12,29
6759,8,ESCUELA CHILE,Servicio Local de Educación(SLE),Urbano,14,141,14101,Valdivia,114,38.4338964495043,103,4,6,1
6762,8,ESCUELA MEXICO,Servicio Local de Educación(SLE),Urbano,14,141,14101,Valdivia,97,38.6083071102938,80,3,9,5
6764,4,ESCUELA ESPANA,Servicio Local de Educación(SLE),Urbano,14,141,14101,Valdivia,116,38.9298524021243,95,11,5,5
6765,2,COLEGIO DEPORTIVO MUNICIPAL DE VALDIVIA,Servicio Local de Educación(SLE),Urbano,14,141,14101,Valdivia,29,40.8400818642911,20,2,3,4
6766,0,COLEGIO TENIENTE HERNAN MERINO CORREA,Servicio Local de Educación(SLE),Urbano,14,141,14101,Valdivia,192,38.6806251874226,154,14,11,13
6767,9,ESCUELA LEONARDO DA VINCI,Servicio Local de Educación(SLE),Urbano,14,141,14101,Valdivia,72,39.7344766749519,55,4,8,5
6770,9,COLEGIO BICENTENARIO DE MUSICA JUAN SEBASTIAN BACH,Servicio Local de Educación(SLE),Urbano,14,141,14101,Valdivia,78,37.368102532542,72,4,2,0
6773,3,ESCUELA LAS ANIMAS,Servicio Local de Educación(SLE),Urbano,14,141,14101,Valdivia,48,40.5881961493613,34,5,6,3
6774,1,ESCUELA EL LAUREL,Servicio Local de Educación(SLE),Urbano,14,141,14101,Valdivia,50,41.5756312598186,31,3,7,9
6777,6,ESCUELA FEDOR M.DOSTOIEVSKI,Servicio Local de Educación(SLE),Urbano,14,141,14101,Valdivia,56,40.3200903819737,43,3,4,6
6780,6,ESCUELA FERNANDO SANTIVAN,Servicio Local de Educación(SLE),Urbano,14,141,14101,Valdivia,51,37.4139611275972,44,4,1,2
6781,4,ESCUELA ALEMANIA,Servicio Local de Educación(SLE),Urbano,14,141,14101,Valdivia,52,38.8256598648644,36,5,6,5
6785,7,ESCUELA ANGACHILLA,Servicio Local de Educación(SLE),Urbano,14,141,14101,Valdivia,54,39.2873448471713,42,3,2,7
6791,1,ESCUELA DE NIEBLA JUAN BOSCH,Servicio Local de Educación(SLE),Rural,14,141,14101,Valdivia,85,38.7338169725786,72,3,5,5
6793,8,ESCUELA RURAL HUELLELHUE,Servicio Local de Educación(SLE),Rural,14,141,14101,Valdivia,96,39.5065857292537,11,1,1,1
6797,0,ESCUELA RURAL CURINANCO,Servicio Local de Educación(SLE),Rural,14,141,14101,Valdivia,96,37.4648774266413,15,0,1,0
6798,9,ESCUELA RURAL PUNUCAPA,Servicio Local de Educación(SLE),Rural,14,141,14101,Valdivia,96,31.7464203691003,5,0,0,0
6804,7,ESCUELA RURAL LOS GUINDOS,Servicio Local de Educación(SLE),Rural,14,141,14101,Valdivia,96,38.0135015992114,1,0,1,0
6814,4,ESCUELA RURAL MISION DE ARIQUE,Servicio Local de Educación(SLE),Rural,14,141,14101,Valdivia,96,36.4200632558169,15,0,0,0
6818,7,ESCUELA RURAL LOS PELLINES,Servicio Local de Educación(SLE),Rural,14,141,14101,Valdivia,20,33.5674445899261,20,0,0,0
6826,8,COLEGIO SANTA MARTA DE VALDIVIA,Particular Subvencionado,Urbano,14,141,14101,Valdivia,91,36.9532518044561,83,6,0,2
6828,4,COLEGIO AUSTRAL,Particular Subvencionado,Urbano,14,141,14101,Valdivia,72,39.1042428534828,57,3,4,8
6829,2,INSTITUTO SALESIANO,Particular Subvencionado,Urbano,14,141,14101,Valdivia,170,37.1183593188695,153,7,5,5
6830,6,COLEGIO NUESTRA SENORA DEL CARMEN,Particular Subvencionado,Urbano,14,141,14101,Valdivia,166,35.5354372535727,152,7,1,6
6832,2,COLEGIO MARIA AUXILIADORA,Particular Subvencionado,Urbano,14,141,14101,Valdivia,150,39.6997431282148,109,19,15,7
6833,0,INSTITUTO EDUCACIONAL COLLICO,Particular Subvencionado,Urbano,14,141,14101,Valdivia,41,38.8936254147448,33,1,3,4
6834,9,COLEGIO METODISTA LA TRINIDAD,Particular Subvencionado,Urbano,14,141,14101,Valdivia,53,41.486314068607,34,5,3,11
6835,7,COLEGIO ADVENTISTA DE VALDIVIA,Particular Subvencionado,Urbano,14,141,14101,Valdivia,170,35.9395812940934,154,6,6,4
6836,5,COLEGIO ALONSO DE ERCILLA,Particular Subvencionado,Urbano,14,141,14101,Valdivia,84,39.1745967295865,67,10,6,1
6852,7,COLEGIO PELCHUQUIN,Servicio Local de Educación(SLE),Rural,14,141,14106,Mariquina,36,37.8796759774124,30,2,1,3
6853,5,LICEO POLITECNICO PESQUERO,Servicio Local de Educación(SLE),Rural,14,141,14106,Mariquina,26,39.4791251391989,23,1,0,2
6876,4,ESCUELA FRAY BERNABE DE LUCERNA,Servicio Local de Educación(SLE),Rural,14,141,14106,Mariquina,58,39.3770753740932,44,9,2,3
6886,1,ESCUELA VALLE DE MARIQUINA,Servicio Local de Educación(SLE),Urbano,14,141,14106,Mariquina,79,39.1989740009168,67,3,5,4
6895,0,LICEO BICENTENARIO SANTA CRUZ,Particular Subvencionado,Urbano,14,141,14106,Mariquina,151,36.6667439088249,136,8,5,2
6896,9,SEMINARIO SAN FIDEL,Particular Subvencionado,Urbano,14,141,14106,Mariquina,163,38.1230090297665,132,9,12,10
6898,5,ESCUELA FELIPE BARTHOU CORBEAUX,Servicio Local de Educación(SLE),Urbano,14,141,14103,Lanco,58,37.0147536558243,54,3,1,0
6899,3,LICEO REPUBLICA DEL BRASIL,Servicio Local de Educación(SLE),Rural,14,141,14103,Lanco,56,39.3669427390723,45,3,4,4
6903,5,ESCUELA RURAL PUQUINE BAJO,Servicio Local de Educación(SLE),Rural,14,141,14103,Lanco,96,36.3520535495721,4,1,0,0
6916,7,ESCUELA ALBERTO CORDOVA LATORRE,Servicio Local de Educación(SLE),Urbano,14,141,14103,Lanco,78,40.510119734194,54,6,9,9
6917,5,ESCUELA PARTICULAR PADRE CARLOS,Particular Subvencionado,Urbano,14,141,14103,Lanco,57,36.8404905149452,51,2,2,2
6918,3,ESCUELA PARTICULAR SAN FRANCISCO,Particular Subvencionado,Urbano,14,141,14103,Lanco,72,38.4331625459192,64,4,3,1
6920,5,ESCUELA PARTICULAR GUIDO BECK,Particular Subvencionado,Urbano,14,141,14103,Lanco,26,37.4580891631327,23,1,1,1
6925,6,COLEGIO MARIA REINA,Particular Subvencionado,Rural,14,141,14103,Lanco,41,34.5333914564569,39,0,2,0
6930,2,ESCUELA FRANCIA,Servicio Local de Educación(SLE),Urbano,14,141,14104,Los Lagos,88,34.2845924267686,84,4,0,0
6932,9,ESCUELA NEVADA,Servicio Local de Educación(SLE),Urbano,14,141,14104,Los Lagos,51,37.845879010017,40,1,8,2
6933,7,ESCUELA RURAL FOLILCO,Servicio Local de Educación(SLE),Rural,14,141,14104,Los Lagos,51,33.5466414141913,50,0,1,0
6934,5,ESCUELA NUEVA ESPANA,Servicio Local de Educación(SLE),Urbano,14,141,14104,Los Lagos,136,30.624051778486,136,0,0,0
6935,3,ESCUELA RURAL ANTILHUE,Servicio Local de Educación(SLE),Urbano,14,141,14104,Los Lagos,40,36.537340369049,35,3,2,0
6953,1,ESCUELA RURAL EL SALTO,Servicio Local de Educación(SLE),Rural,14,141,14104,Los Lagos,33,34.8579042192509,31,2,0,0
6964,7,ESCUELA PARTICULAR LOS MAITENES,Particular Subvencionado,Rural,14,141,14104,Los Lagos,50,35.3162150301414,46,1,1,2
6970,1,ESCUELA PARTICULAR PATAGONIA,Particular Subvencionado,Rural,14,141,14104,Los Lagos,96,36.3929053304249,15,1,0,0
6983,3,COLEGIO JOSE MANUEL BALMACEDA FÉRNANDEZ,Municipal DAEM,Urbano,14,142,14202,Futrono,137,37.7480292219109,115,12,7,3
6984,1,ESCUELA RURAL NONTUELA,Municipal DAEM,Rural,14,142,14202,Futrono,40,37.9559993793117,30,3,3,4
7003,3,ESCUELA RURAL CURRINE,Municipal DAEM,Rural,14,142,14202,Futrono,59,33.7247736364144,59,0,0,0
7004,1,COLEGIO MARIA DEOGRACIA,Particular Subvencionado,Urbano,14,142,14202,Futrono,138,35.9032543723592,128,3,6,1
7006,8,LICEO SAN CONRADO DE FUTRONO,Particular Subvencionado,Urbano,14,142,14202,Futrono,78,36.8394055698185,64,2,2,10
7016,5,ESCUELA BASICA DE CORRAL,Servicio Local de Educación(SLE),Urbano,14,141,14102,Corral,78,34.7762544994639,75,3,0,0
7020,3,ESCUELA RURAL CARBONEROS,Servicio Local de Educación(SLE),Rural,14,141,14102,Corral,96,38.0314237668014,10,0,0,0
7023,8,ESCUELA RURAL LA AGUADA,Servicio Local de Educación(SLE),Urbano,14,141,14102,Corral,49,36.0408234332205,46,1,1,1
7031,9,LICEO BICENTENARIO GABRIELA MISTRAL,Servicio Local de Educación(SLE),Urbano,14,141,14105,Máfil,95,39.2177608810889,72,7,7,9
7044,0,LICEO SANTO CURA DE ARS,Particular Subvencionado,Urbano,14,141,14105,Máfil,132,37.4659324206156,117,8,3,4
7049,1,CENTRO EDUCATIVO FERNANDO SANTIVAN,Servicio Local de Educación(SLE),Urbano,14,141,14108,Panguipulli,46,40.4608938257451,31,2,5,8
7050,5,ESCUELA MARIA ALVARADO GARAY,Servicio Local de Educación(SLE),Urbano,14,141,14108,Panguipulli,78,33.9020912394889,77,0,0,1
7059,9,ESCUELA MANUEL ANABALÓN SÁEZ,Servicio Local de Educación(SLE),Urbano,14,141,14108,Panguipulli,101,37.3705346527931,92,6,2,1
7061,0,ESCUELA RURAL LA RINCONADA,Servicio Local de Educación(SLE),Rural,14,141,14108,Panguipulli,27,32.1501082929194,26,0,0,1
7062,9,ESCUELA RURAL PULLINQUE,Servicio Local de Educación(SLE),Rural,14,141,14108,Panguipulli,34,36.0536325389613,30,1,0,3
7063,7,ESCUELA RURAL HUELLAHUE,Servicio Local de Educación(SLE),Rural,14,141,14108,Panguipulli,44,36.7226358399712,37,3,3,1
7064,5,ESCUELA BASICA REPUBLICA DE CHILE,Servicio Local de Educación(SLE),Rural,14,141,14108,Panguipulli,96,33.6221659260287,18,0,0,0
7083,1,ESCUELA RURAL BOCATOMA,Servicio Local de Educación(SLE),Rural,14,141,14108,Panguipulli,96,36.1516382312299,13,0,0,0
7085,8,COMPLEJO EDUCACIONAL TIERRA DE ESPERANZA,Servicio Local de Educación(SLE),Rural,14,141,14108,Panguipulli,36,36.2180395787082,33,0,1,2
7086,6,ESCUELA RURAL COIHUECO,Servicio Local de Educación(SLE),Rural,14,141,14108,Panguipulli,96,33.4335773039092,6,0,0,0
7100,5,ESCUELA RURAL LLONQUEN,Servicio Local de Educación(SLE),Rural,14,141,14108,Panguipulli,33,34.5144915542522,31,1,1,0
7108,0,ESCUELA PART. PADRE ENRIQUE ROMER,Particular Subvencionado,Rural,14,141,14108,Panguipulli,38,36.0052196282249,37,0,1,0
7111,0,ESCUELA PARTICULAR PUCURA,Particular Subvencionado,Rural,14,141,14108,Panguipulli,96,32.1442328595415,13,0,0,0
7112,9,ESCUELA PARTICULAR PAMPA NANCUL,Particular Subvencionado,Rural,14,141,14108,Panguipulli,26,35.2485502089063,25,0,0,1
7114,5,ESCUELA FRANCISCO DE ASIS,Particular Subvencionado,Rural,14,141,14108,Panguipulli,46,35.0672733273127,43,0,2,1
7115,3,ESCUELA PARTICULAR NUEVA LIQUINE,Particular Subvencionado,Rural,14,141,14108,Panguipulli,50,35.9821085095298,49,1,0,0
7118,8,ESCUELA PARTICULAR TRAITRAICO,Particular Subvencionado,Rural,14,141,14108,Panguipulli,96,38.0494670967111,5,0,0,0
7122,6,"COL. DE ARTES, CIENCIA Y TEC. DA VINCI",Particular Subvencionado,Rural,14,141,14108,Panguipulli,63,35.3134188633956,59,1,2,1
7125,0,ESCUELA PARTICULAR PADRE BERGER,Particular Subvencionado,Rural,14,141,14108,Panguipulli,49,33.6788654337126,45,1,3,0
7128,5,COLEGIO DE CULTURA Y DIFUSION ARTISTICA,Municipal DAEM,Urbano,14,142,14201,La Unión,122,38.3596385645146,104,6,9,3
7129,3,LICEO BICENTENARIO RECTOR ABDON ANDRADE COLOMA,Municipal DAEM,Urbano,14,142,14201,La Unión,199,35.6961196827486,184,11,3,1
7130,7,ESCUELA LA UNION,Municipal DAEM,Urbano,14,142,14201,La Unión,65,36.0716595854848,62,2,0,1
7131,5,ESCUELA PRESIDENTE JORGE ALESSANDRI R.,Municipal DAEM,Urbano,14,142,14201,La Unión,91,38.7681369207974,79,7,3,2
7133,1,ESCUELA RADIMADI,Municipal DAEM,Urbano,14,142,14201,La Unión,84,33.4412115051611,83,0,1,0
7135,8,COLEGIO TECNICO PROFESIONAL N°1 HONORIO OJEDA VALDERAS,Municipal DAEM,Urbano,14,142,14201,La Unión,39,38.3350964262092,33,1,4,1
7136,6,ESCUELA RURAL CATAMUTUN,Municipal DAEM,Rural,14,142,14201,La Unión,96,38.1782917787438,16,0,0,0
7137,4,ESCUELA RURAL CHOROICO,Municipal DAEM,Rural,14,142,14201,La Unión,26,34.229965342691,25,0,1,0
7138,2,ESCUELA RURAL PUERTO NUEVO,Municipal DAEM,Rural,14,142,14201,La Unión,42,37.2254508646753,39,2,0,1
7140,4,ESCUELA RURAL LOS ESTEROS,Municipal DAEM,Rural,14,142,14201,La Unión,44,33.0811017659244,44,0,0,0
7142,0,ESCUELA RURAL CUINCO,Municipal DAEM,Rural,14,142,14201,La Unión,96,31.7368816335976,12,0,0,0
7147,1,ESCUELA RURAL HUILLINCO,Municipal DAEM,Rural,14,142,14201,La Unión,96,33.790673219369,17,0,0,0
7157,9,ESCUELA RURAL TRAIGUEN,Municipal DAEM,Rural,14,142,14201,La Unión,30,34.8148426321019,30,0,0,0
7168,4,ESCUELA RURAL LLANCACURA,Municipal DAEM,Rural,14,142,14201,La Unión,96,38.4058957663613,1,0,1,0
7170,6,ESCUELA RURAL MASHUE,Municipal DAEM,Rural,14,142,14201,La Unión,96,37.3404739240139,13,1,0,0
7181,1,COLEGIO SANTA MARTA,Particular Subvencionado,Urbano,14,142,14201,La Unión,88,33.9956231158824,87,0,0,1
7183,8,COLEGIO PADRE DAMIAN,Particular Subvencionado,Urbano,14,142,14201,La Unión,83,36.5968107768035,76,4,2,1
7188,9,ESCUELA PARTICULAR TRES VENTANAS,Particular Subvencionado,Rural,14,142,14201,La Unión,96,37.5626307053671,6,0,1,0
7200,1,LICEO RODULFO AMANDO PHILIPPI,Servicio Local de Educación(SLE),Urbano,14,141,14107,Paillaco,69,36.8965144349114,63,1,2,3
7202,8,COLEGIO PROYECTO DE FUTURO,Servicio Local de Educación(SLE),Urbano,14,141,14107,Paillaco,124,37.2739029694409,105,8,5,6
7203,6,ESCUELA OLEGARIO MORALES OLIVA,Servicio Local de Educación(SLE),Urbano,14,141,14107,Paillaco,114,36.4419156173442,111,1,2,0
7204,4,ESCUELA NUEVA AURORA,Servicio Local de Educación(SLE),Urbano,14,141,14107,Paillaco,31,34.6268805258966,31,0,0,0
7205,2,ESCUELA ROBERTO OJEDA TORRES,Servicio Local de Educación(SLE),Urbano,14,141,14107,Paillaco,38,34.2148120097531,34,1,1,2
7206,0,ESCUELA RURAL 21 DE MAYO,Servicio Local de Educación(SLE),Rural,14,141,14107,Paillaco,63,36.7265280522743,60,2,0,1
7231,1,ESCUELA PARTICULAR ALEMANA,Particular Subvencionado,Urbano,14,141,14107,Paillaco,89,37.2946923622592,73,5,6,5
7234,6,ESCUELA PADRE ALEJANDRO CORCUERA MARTINEZ,Particular Subvencionado,Urbano,14,141,14107,Paillaco,25,36.4440199043751,21,0,3,1
7237,0,ESCUELA BASICA RIO BUENO,Municipal DAEM,Urbano,14,142,14204,Río Bueno,133,37.159083192911,120,5,7,1
7238,9,ESCUELA BASICA PATRICIO LYNCH,Municipal DAEM,Urbano,14,142,14204,Río Bueno,58,36.0454931278885,52,1,3,2
7240,0,COLEGIO BICENTENARIO CRUCERO OSCAR DANIEL,Municipal DAEM,Rural,14,142,14204,Río Bueno,78,36.3106485965824,74,2,0,2
7242,7,ESCUELA RURAL VIVANCO,Municipal DAEM,Rural,14,142,14204,Río Bueno,96,35.4059698976199,18,0,0,0
7243,5,ESCUELA RURAL CARIMALLIN BAJO,Municipal DAEM,Rural,14,142,14204,Río Bueno,23,35.6191228117751,22,0,0,1
7244,3,ESCUELA RURAL COLONIA DIUMEN,Municipal DAEM,Rural,14,142,14204,Río Bueno,40,37.2737446632443,37,2,1,0
7250,8,ESCUELA RURAL VALLE MANTILHUE BAJO,Municipal DAEM,Rural,14,142,14204,Río Bueno,31,35.1543439952996,31,0,0,0
7252,4,ESCUELA RURAL MANTILHUE ALTO,Municipal DAEM,Rural,14,142,14204,Río Bueno,33,37.4748834623971,30,1,2,0
7260,5,ESCUELA RURAL CHAMPULLI,Municipal DAEM,Rural,14,142,14204,Río Bueno,96,34.2768180842891,18,0,0,0
7261,3,ESCUELA RURAL CHIRRE,Municipal DAEM,Rural,14,142,14204,Río Bueno,96,32.8855742442343,12,0,0,0
7273,7,ESCUELA RURAL EL ARRAYAN,Municipal DAEM,Rural,14,142,14204,Río Bueno,96,32.2101635636231,15,0,0,0
7276,1,COLEGIO SANTA CRUZ,Particular Subvencionado,Urbano,14,142,14204,Río Bueno,162,35.4612876526413,158,2,0,2
7284,2,ESCUELA PARTICULAR NUEVA PINDACO,Particular Subvencionado,Rural,14,142,14204,Río Bueno,96,36.7111783269985,9,1,0,0
7285,0,ESCUELA PARTICULAR BOQUIAL,Particular Subvencionado,Rural,14,142,14204,Río Bueno,96,39.4008426448925,5,1,0,1
7299,0,LICEO ANTONIO VARAS,Municipal DAEM,Urbano,14,142,14203,Lago Ranco,158,34.2099447650953,157,1,0,0
7301,6,ESCUELA RURAL ILIHUE,Municipal DAEM,Rural,14,142,14203,Lago Ranco,96,33.502290285902,11,0,0,0
7303,2,ESCUELA RURAL RININAHUE,Municipal DAEM,Rural,14,142,14203,Lago Ranco,33,36.9032123289573,31,2,0,0
7312,1,ESCUELA PARTICULAR CARRAN,Particular Subvencionado,Rural,14,142,14203,Lago Ranco,29,34.9848053499862,28,0,1,0
7325,3,LICEO CARMELA CARVAJAL DE PRAT,Municipal DAEM,Urbano,10,103,10301,Osorno,304,38.356421718816,248,23,12,21
7332,6,ESCUELA JUAN RICARDO SANCHEZ ASCENCIO,Municipal DAEM,Urbano,10,103,10301,Osorno,62,36.3928757325705,58,2,1,1
7333,4,ESCUELA ESPAÑA,Municipal DAEM,Urbano,10,103,10301,Osorno,84,39.8108053241946,64,9,2,9
7334,2,ESCUELA EFRAIN CAMPANA SILVA,Municipal DAEM,Urbano,10,103,10301,Osorno,135,37.0422591673652,125,4,2,4
7335,0,ESCUELA SUIZA,Municipal DAEM,Urbano,10,103,10301,Osorno,69,37.0891563329492,63,0,5,1
7336,9,ESCUELA FUNDACION PAUL HARRIS,Municipal DAEM,Urbano,10,103,10301,Osorno,62,39.624774900512,46,6,3,7
7337,7,ESCUELA GARCIA HURTADO DE MENDOZA,Municipal DAEM,Urbano,10,103,10301,Osorno,82,40.3109764479438,65,7,4,6
7338,5,ESCUELA LEONILA FOLCH LOPEZ,Municipal DAEM,Urbano,10,103,10301,Osorno,136,38.459687982109,106,12,10,8
7339,3,ESCUELA N.88 CANADA,Municipal DAEM,Urbano,10,103,10301,Osorno,80,38.6707394774067,66,2,6,6
7340,7,ESCUELA CLAUDIO ARRAU,Municipal DAEM,Urbano,10,103,10301,Osorno,45,39.4667587885229,33,5,3,4
7341,5,ESCUELA MONSEÑOR FRANCISCO VALDES SUBERCASEAUX,Municipal DAEM,Urbano,10,103,10301,Osorno,44,38.4632603624706,38,2,2,2
7343,1,ESCUELA MEXICO DE MICHOACAN,Municipal DAEM,Urbano,10,103,10301,Osorno,220,39.0403304349997,176,15,18,11
7346,6,ESCUELA N. 46 ITALIA,Municipal DAEM,Urbano,10,103,10301,Osorno,101,40.2405701250027,74,11,4,12
7347,4,ESCUELA DEPORTIVA OSORNO,Municipal DAEM,Urbano,10,103,10301,Osorno,49,39.7528295231658,38,4,2,5
7348,2,ESCUELA CARLOS CONDELL,Municipal DAEM,Urbano,10,103,10301,Osorno,82,40.4194255781538,54,10,6,12
7349,0,ESCUELA DE ARTES Y CULTURA OSORNO,Municipal DAEM,Urbano,10,103,10301,Osorno,94,38.3833959703051,70,11,9,4
7352,0,ESCUELA SOCIEDAD DE SOCORRO DE SEÑORAS,Municipal DAEM,Urbano,10,103,10301,Osorno,69,43.5868858890914,35,9,6,19
7354,7,ESCUELA RURAL LUZ Y SABER,Municipal DAEM,Rural,10,103,10301,Osorno,32,37.8818665984718,27,2,2,1
7355,5,ESCUELA RURAL EMILIO SURBER SCHULZ,Municipal DAEM,Rural,10,103,10301,Osorno,96,33.8425886410407,12,0,0,0
7357,1,ESCUELA RURAL PUCOIHUE,Municipal DAEM,Rural,10,103,10301,Osorno,96,38.1769930735583,14,1,1,1
7366,0,ESCUELA RURAL MARIA LUISA BOMBAL,Municipal DAEM,Rural,10,103,10301,Osorno,96,31.1275337389183,1,0,0,0
7368,7,ESCUELA RURAL SANTA ROSA,Municipal DAEM,Rural,10,103,10301,Osorno,96,35.4503283842374,12,0,0,0
7369,5,ESCUELA AGROECOLOGICA PICHIL,Municipal DAEM,Rural,10,103,10301,Osorno,38,37.6194634949875,34,2,2,0
7371,7,ESCUELA RURAL FORRAHUE,Municipal DAEM,Rural,10,103,10301,Osorno,96,35.3780834604199,10,0,0,0
7372,5,ESCUELA RURAL CANCHA LARGA,Municipal DAEM,Rural,10,103,10301,Osorno,20,36.4016387626344,20,0,0,0
7377,6,ESCUELA RURAL WALTERIO MEYER RUSCA,Municipal DAEM,Rural,10,103,10301,Osorno,38,36.1671621145198,36,2,0,0
7382,2,ESCUELA RURAL LOS ABEDULES,Municipal DAEM,Rural,10,103,10301,Osorno,96,36.1497957633467,8,0,0,0
7385,7,ESCUELA PARTICULAR N.137 ARTURO ALESSANDRI,Particular Subvencionado,Urbano,10,103,10301,Osorno,30,38.1077814271552,25,1,3,1
7388,1,COLEGIO SAN JOSE,Particular Subvencionado,Urbano,10,103,10301,Osorno,168,38.8790273183491,141,14,8,5
7391,1,COLEGIO BETEL,Particular Subvencionado,Urbano,10,103,10301,Osorno,46,40.9841202503606,33,3,7,3
7396,2,COLEGIO BALDOMERO LILLO,Particular Subvencionado,Urbano,10,103,10301,Osorno,37,36.0979580010671,35,2,0,0
7401,2,COLEGIO SANTA MARTA,Particular Subvencionado,Urbano,10,103,10301,Osorno,162,36.7494770012229,144,11,5,2
7403,9,COLEGIO WILLIAM BOOTH,Particular Subvencionado,Urbano,10,103,10301,Osorno,150,40.4358028222942,105,13,17,15
7404,7,COLEGIO RENE SORIANO BORQUEZ,Particular Subvencionado,Urbano,10,103,10301,Osorno,27,41.1271319878861,19,2,2,4
7405,5,ESCUELA PARTICULAR N.134 ADVENTISTA,Particular Subvencionado,Urbano,10,103,10301,Osorno,79,39.9270516059006,56,6,9,8
7412,8,ESCUELA PARTICULAR N.127 VIRGEN DE CANDELARIA,Particular Subvencionado,Rural,10,103,10301,Osorno,99,36.2880943464471,97,2,0,0
7418,7,ESCUELA BASICA SAN PABLO,Municipal DAEM,Urbano,10,103,10307,San Pablo,54,34.8161272070175,51,3,0,0
7419,5,ESCUELA DELICIO CARDENAS BUSTAMANTE,Municipal DAEM,Urbano,10,103,10307,San Pablo,26,32.5427044870183,26,0,0,0
7427,6,ESCUEAL RURAL QUILEN,Municipal DAEM,Rural,10,103,10307,San Pablo,96,31.7259027835783,12,0,0,0
7431,4,ESCUELA RURAL TRUMAO,Municipal DAEM,Rural,10,103,10307,San Pablo,96,33.8552052248255,7,0,0,0
7432,2,ESCUELA RURAL JULIO MOHR SCHULER,Municipal DAEM,Rural,10,103,10307,San Pablo,25,35.4519755162934,23,0,1,1
7433,0,ESCUELA RURAL LA POZA,Municipal DAEM,Rural,10,103,10307,San Pablo,96,33.7020130815779,16,0,0,0
7434,9,ESCUELA PARTICULAR N.143 SANTA CRUZ,Particular Subvencionado,Urbano,10,103,10307,San Pablo,54,33.764986127838,53,1,0,0
7441,1,COLEGIO QUILACAHUIN,Particular Subvencionado,Rural,10,103,10307,San Pablo,33,33.7719300251588,32,0,0,1
7443,8,ESCUELA PARTICULAR N.153 EL ROBLE,Particular Subvencionado,Rural,10,103,10307,San Pablo,96,35.7300665920583,13,0,0,1
7448,9,ESCUELA ENTRE LAGOS,Municipal DAEM,Urbano,10,103,10304,Puyehue,118,34.2833496164423,115,1,2,0
7449,7,ESCUELA RURAL ARMANDO SCHEUCH EPPLE,Municipal DAEM,Rural,10,103,10304,Puyehue,24,35.780536215642,24,0,0,0
7450,0,ESCUELA RURAL LOS PELLINES,Municipal DAEM,Rural,10,103,10304,Puyehue,47,40.1923403816159,34,5,5,3
7452,7,ESCUELA RURAL EL ENCANTO,Municipal DAEM,Rural,10,103,10304,Puyehue,24,36.1730109599205,22,1,0,1
7458,6,ESCUELA RURAL ÑADY,Municipal DAEM,Rural,10,103,10304,Puyehue,96,32.2919410065744,16,0,0,0
7459,4,ESCUELA RURAL ESTACION NUEVO PORVENIR,Municipal DAEM,Urbano,10,103,10304,Puyehue,39,36.0866377729593,35,3,1,0
7460,8,ESCUELA RURAL PILMAIQUEN,Municipal DAEM,Rural,10,103,10304,Puyehue,46,33.5776937811232,44,0,1,1
7464,0,ESCUELA RURAL FUTACUHIN,Municipal DAEM,Rural,10,103,10304,Puyehue,20,34.4545068252153,20,0,0,0
7465,9,ESCUELA RURAL TERMAS DE PUYEHUE,Municipal DAEM,Rural,10,103,10304,Puyehue,96,31.6030543142921,2,0,0,0
7476,4,ESCUELA ALBERTO HURTADO,Municipal DAEM,Urbano,10,103,10302,Puerto Octay,41,36.4857644869841,38,3,0,0
7477,2,ESCUELA RURAL ADMINISTRACION RUPANCO,Municipal DAEM,Rural,10,103,10302,Puerto Octay,96,34.0585909388088,16,0,0,0
7478,0,ESCUELA RURAL LAS CASCADAS,Municipal DAEM,Rural,10,103,10302,Puerto Octay,32,34.0916193120343,30,2,0,0
7479,9,ESCUELA RURAL EL ISLOTE RUPANCO,Municipal DAEM,Rural,10,103,10302,Puerto Octay,96,34.8747372175138,13,0,1,0
7489,6,ESCUELA RURAL LA PELLINADA,Municipal DAEM,Rural,10,103,10302,Puerto Octay,96,36.9012539000283,3,0,0,0
7496,9,ESCUELA RURAL NOCHACO,Municipal DAEM,Rural,10,103,10302,Puerto Octay,53,37.1387494518931,52,1,0,0
7507,8,ESCUELA BERTOLDO HOFMANN KAHLER,Municipal DAEM,Urbano,10,103,10303,Purranque,48,40.3676121803176,34,5,4,5
7508,6,ESCUELA VILLA LO BURGOS,Municipal DAEM,Urbano,10,103,10303,Purranque,27,42.4774868950247,15,3,2,7
7510,8,ESCUELA RURAL LA PAZ,Municipal DAEM,Rural,10,103,10303,Purranque,29,38.18488096118,22,5,2,0
7511,6,ESCUELA RURAL ANTONIO SEGUNDO FERNANDEZ PORTALES,Municipal DAEM,Rural,10,103,10303,Purranque,96,36.9213874169468,1,0,0,0
7531,0,ESCUELA PURRANQUE,Municipal DAEM,Urbano,10,103,10303,Purranque,96,40.5962389899754,4,0,1,1
7534,5,ESCUELA RURAL CONCORDIA,Municipal DAEM,Rural,10,103,10303,Purranque,96,30.2431175718763,5,0,0,0
7535,3,ESCUELA RURAL NUEVA ISRAEL,Municipal DAEM,Rural,10,103,10303,Purranque,96,38.2341153145426,13,1,0,0
7536,1,COLEGIO PRECIOSA SANGRE,Particular Subvencionado,Urbano,10,103,10303,Purranque,162,39.0975866798331,130,9,14,9
7541,8,ESCUELA ANDREW JACKSON,Municipal DAEM,Urbano,10,103,10305,Río Negro,84,39.8788054059344,64,10,7,3
7543,4,ESCUELA RIO NEGRO,Municipal DAEM,Urbano,10,103,10305,Río Negro,70,38.6314076869002,59,3,2,6
7544,2,COLEGIO RIACHUELO,Municipal DAEM,Urbano,10,103,10305,Río Negro,67,39.727790845694,44,8,6,9
7572,8,COLEGIO SAGRADA FAMILIA,Particular Subvencionado,Urbano,10,103,10305,Río Negro,112,37.214776226241,103,7,1,1
7583,3,ESCUELA RURAL PUAUCHO,Municipal DAEM,Rural,10,103,10306,San Juan de la Costa,55,28.3314575859519,55,0,0,0
7593,0,ESCUELA RURAL BAHIA MANSA,Municipal DAEM,Rural,10,103,10306,San Juan de la Costa,37,28.2443052869941,37,0,0,0
7606,6,ESCUELA PARTICULAR N.164 TROSCO,Particular Subvencionado,Rural,10,103,10306,San Juan de la Costa,96,39.5485122185266,9,1,1,2
7607,4,ESCUELA PARTICULAR N.156 CHANCO,Particular Subvencionado,Rural,10,103,10306,San Juan de la Costa,96,35.2907956993676,10,0,0,0
7613,9,ESCUELA PARTICULAR N.169 LOS HUALLES,Particular Subvencionado,Rural,10,103,10306,San Juan de la Costa,43,28.5596652735236,43,0,0,0
7614,7,COLEGIO TECNICO PROFESIONAL MISION SAN JUAN DE LA COSTA,Particular Subvencionado,Rural,10,103,10306,San Juan de la Costa,47,32.8989868948031,46,1,0,0
7622,8,ESCUELA PARTICULAR N.154 HUITRAPULLI,Particular Subvencionado,Rural,10,103,10306,San Juan de la Costa,96,32.9135535719129,11,0,0,0
7627,9,LICEO DE HOMBRES MANUEL MONTT,Municipal DAEM,Urbano,10,101,10101,Puerto Montt,81,40.3906752599048,62,4,5,10
7628,7,LICEO ISIDORA ZEGERS DE HUNEEUS,Municipal DAEM,Urbano,10,101,10101,Puerto Montt,37,42.7850522517523,25,1,4,7
7630,9,ESCUELA ESPANA,Municipal DAEM,Urbano,10,101,10101,Puerto Montt,118,37.4392151264739,103,6,4,5
7631,7,ESCUELA N°2 REPUBLICA ARGENTINA,Municipal DAEM,Urbano,10,101,10101,Puerto Montt,158,37.6458442687415,129,11,10,8
7632,5,ESCUELA N 10 ANGELMO,Municipal DAEM,Urbano,10,101,10101,Puerto Montt,136,42.6837560183984,78,15,26,17
7633,3,ESCUELA CAPITAN ARTURO PRAT CHACON,Municipal DAEM,Urbano,10,101,10101,Puerto Montt,98,36.5558116589531,90,2,2,4
7634,1,ESCUELA MIRASOL,Municipal DAEM,Urbano,10,101,10101,Puerto Montt,153,41.8537158306705,93,20,19,21
7636,8,ESCUELA N 5 MIRAMAR,Municipal DAEM,Urbano,10,101,10101,Puerto Montt,100,40.2107499066007,80,6,3,11
7637,6,ESCUELA N 7 ARABE-SIRIA,Municipal DAEM,Urbano,10,101,10101,Puerto Montt,125,41.0983911835997,85,10,13,17
7638,4,ESCUELA N 3 MELIPULLI,Municipal DAEM,Urbano,10,101,10101,Puerto Montt,109,40.483976929686,80,8,7,14
7639,2,COLEGIO DARIO SALAS,Municipal DAEM,Urbano,10,101,10101,Puerto Montt,142,38.7547025453877,108,16,13,5
7641,4,ESCUELA BELLAVISTA,Municipal DAEM,Urbano,10,101,10101,Puerto Montt,71,38.7786554065716,63,2,4,2
7642,2,ESCUELA BASICA GABRIELA MISTRAL,Municipal DAEM,Urbano,10,101,10101,Puerto Montt,30,41.8487161412764,20,3,2,5
7643,0,ESCUELA CHILOE,Municipal DAEM,Urbano,10,101,10101,Puerto Montt,64,40.7633058877586,43,12,4,5
7644,9,ESCUELA BASICA SANTA INES,Municipal DAEM,Urbano,10,101,10101,Puerto Montt,61,42.6740201821148,33,10,7,11
7646,5,ESCUELA ROTARIO PEDRO AVELINO BRAVO,Municipal DAEM,Urbano,10,101,10101,Puerto Montt,61,39.659473271603,45,9,2,5
7647,3,ESCUELA LIBERTAD,Municipal DAEM,Urbano,10,101,10101,Puerto Montt,104,41.9451906554148,69,6,10,19
7648,1,ESCUELA MARCELA PAZ,Municipal DAEM,Urbano,10,101,10101,Puerto Montt,40,39.59935179583,34,2,0,4
7650,3,ESCUELA DE CULTURA Y DIFUSION ARTISTICA,Municipal DAEM,Urbano,10,101,10101,Puerto Montt,68,40.1649732592624,53,4,9,2
7651,1,COLEGIO TECNICO PROFESIONAL PIEDRA AZUL,Municipal DAEM,Rural,10,101,10101,Puerto Montt,61,42.7012336118177,36,9,7,9
7654,6,ESCUELA RURAL LENCA,Municipal DAEM,Rural,10,101,10101,Puerto Montt,51,39.6822695688343,40,4,3,4
7655,4,ESCUELA RURAL MAILLEN,Municipal DAEM,Rural,10,101,10101,Puerto Montt,96,40.1540499373306,13,0,1,1
7656,2,ESCUELA BASICA DE PELLUCO,Municipal DAEM,Rural,10,101,10101,Puerto Montt,21,39.4008884004603,18,0,2,1
7658,9,ESCUELA RURAL CORRENTOSO,Municipal DAEM,Rural,10,101,10101,Puerto Montt,29,39.803248003279,23,0,3,3
7659,7,ESCUELA ALERCE HISTORICO,Municipal DAEM,Urbano,10,101,10101,Puerto Montt,120,43.7685818989963,61,16,13,30
7664,3,ESCUELA CAYENEL,Municipal DAEM,Rural,10,101,10101,Puerto Montt,45,43.4435849932436,24,8,3,10
7665,1,ESCUELA RURAL LA CHAMIZA,Municipal DAEM,Rural,10,101,10101,Puerto Montt,64,37.0655175508579,62,0,2,0
7668,6,COLEGIO ISLA TENGLO,Municipal DAEM,Rural,10,101,10101,Puerto Montt,96,32.8381428081726,8,0,0,0
7669,4,ESCUELA RURAL ILQUE,Municipal DAEM,Rural,10,101,10101,Puerto Montt,20,37.2099765397575,17,1,0,2
7671,6,ESCUELA RURAL LAGUNITAS,Municipal DAEM,Rural,10,101,10101,Puerto Montt,45,41.2655609580526,32,5,4,4
7672,4,ESCUELA RURAL CHAICAS,Municipal DAEM,Rural,10,101,10101,Puerto Montt,24,37.7671730044796,21,2,0,1
7675,9,ESCUELA RURAL TRAPEN,Municipal DAEM,Rural,10,101,10101,Puerto Montt,31,40.4526162085838,22,4,2,3
7679,1,ESCUELA RURAL HUELMO,Municipal DAEM,Rural,10,101,10101,Puerto Montt,55,38.806476809067,44,5,3,3
7682,1,ESCUELA RURAL LA PALOMA,Municipal DAEM,Rural,10,101,10101,Puerto Montt,28,39.6581019076109,20,3,4,1
7685,6,ESCUELA RURAL LA VARA,Municipal DAEM,Rural,10,101,10101,Puerto Montt,61,41.6674229264643,32,5,12,12
7696,1,ESCUELA ANAHUAC,Municipal DAEM,Urbano,10,101,10101,Puerto Montt,73,39.2093206892659,57,7,7,2
7699,6,COLEGIO SALESIANO PADRE JOSE FERNANDEZ PEREZ,Particular Subvencionado,Urbano,10,101,10101,Puerto Montt,360,39.4608483870328,264,25,24,47
7701,1,COLEGIO ARRIARAN BARROS,Particular Subvencionado,Urbano,10,101,10101,Puerto Montt,180,37.0293281336482,160,7,7,6
7704,6,COLEGIO EJERCITO DE SALVACIÓN,Particular Subvencionado,Urbano,10,101,10101,Puerto Montt,134,41.8912665602726,80,16,14,24
7706,2,COLEGIO SANTO TOMAS DE PUERTO MONTT,Particular Subvencionado,Urbano,10,101,10101,Puerto Montt,229,35.1273059991231,221,4,3,1
7707,0,COLEGIO INMACULADA CONCEPCION,Particular Subvencionado,Urbano,10,101,10101,Puerto Montt,225,36.6012908293772,207,11,6,1
7709,7,COLEGIO SAN JOSE PUERTO MONTT,Particular Subvencionado,Urbano,10,101,10101,Puerto Montt,152,37.0037559639834,138,5,4,5
7710,0,ESCUELA PARTICULAR N. 197 SAN IGNACIO,Particular Subvencionado,Urbano,10,101,10101,Puerto Montt,41,43.2301199282821,25,3,2,11
7714,3,ESCUELA PARTICULAR N. 193 NUEVA PANITAO,Particular Subvencionado,Rural,10,101,10101,Puerto Montt,37,41.1622131043109,24,5,4,4
7722,4,COLEGIO ROSITA NOVARO DE NOVARO PUERTO VARAS,Servicio Local de Educación(SLE),Urbano,10,101,10109,Puerto Varas,115,41.6401632822728,74,11,11,19
7723,2,ESCUELA GRUPO ESCOLAR,Servicio Local de Educación(SLE),Urbano,10,101,10109,Puerto Varas,127,38.4240797949704,106,6,6,9
7724,0,CNB ARTISTICO,Servicio Local de Educación(SLE),Urbano,10,101,10109,Puerto Varas,79,35.9566300816642,74,3,1,1
7725,9,ESCUELA RURAL COLONIA RIO SUR,Servicio Local de Educación(SLE),Rural,10,101,10109,Puerto Varas,38,38.2008484549183,31,1,4,2
7726,7,ESCUELA RURAL SANTA MARIA,Servicio Local de Educación(SLE),Rural,10,101,10109,Puerto Varas,96,34.3968364273262,17,0,0,0
7738,0,ESCUELA RURAL HARDY MINTE BARTSCH,Servicio Local de Educación(SLE),Rural,10,101,10109,Puerto Varas,96,36.702134869373,9,0,0,0
7740,2,ESCUELA RURAL EPSON DE ENSENADA,Servicio Local de Educación(SLE),Rural,10,101,10109,Puerto Varas,54,36.5007098634443,49,2,3,0
7741,0,ESCUELA RURAL RICARDO ROTH SCHUTZ,Servicio Local de Educación(SLE),Rural,10,101,10109,Puerto Varas,96,40.3619803756323,4,0,0,0
7743,7,COLEGIO  BICENTENARIO FELMER NIKLITSCHEK,Particular Subvencionado,Urbano,10,101,10109,Puerto Varas,182,40.0388461267502,130,18,25,9
7744,5,COLEGIO INMACULADA CONCEPCION PUERTO VARAS,Particular Subvencionado,Urbano,10,101,10109,Puerto Varas,176,36.2178666842422,167,4,3,2
7753,4,ESCUELA BASICA FRONTERIZA JUAN SOLER MANFREDINI,Municipal DAEM,Rural,10,101,10103,Cochamó,34,35.8502486026476,32,1,0,1
7756,9,ESCUELA RURAL CRISTO REY,Servicio Local de Educación(SLE),Rural,10,101,10109,Puerto Varas,96,35.4039419323036,12,0,0,1
7760,7,ESCUELA RURAL RIO PUELO,Municipal DAEM,Rural,10,101,10103,Cochamó,41,36.0218432107545,40,1,0,0
7763,1,ESCUELA RURAL CAPITÀN DE BANDADA CARLOS RODRIGUEZ PARIS,Municipal DAEM,Rural,10,101,10103,Cochamó,96,32.9212365446107,11,0,0,0
7773,9,COLEGIO EULOGIO GOYCOLEA GARAY,Municipal DAEM,Urbano,10,101,10102,Calbuco,93,39.2318302774165,70,9,9,5
7774,7,ESCUELA RURAL SAN RAFAEL,Municipal DAEM,Rural,10,101,10102,Calbuco,113,39.5775379089239,90,11,6,6
7775,5,ESCUELA RURAL PARGUA,Municipal DAEM,Rural,10,101,10102,Calbuco,60,36.6583412634372,59,1,0,0
7776,3,ESCUELA RURAL EL SEMBRADOR,Municipal DAEM,Rural,10,101,10102,Calbuco,21,36.7716001400224,19,1,1,0
7777,1,ESCUELA RURAL EL ROSARIO,Municipal DAEM,Rural,10,101,10102,Calbuco,20,37.5835632055984,18,0,0,2
7782,8,ESCUELA RURAL QUEULLIN,Municipal DAEM,Rural,10,101,10102,Calbuco,96,34.0716895544268,1,0,0,0
7783,6,ESCUELA RURAL CHAUQUEAR,Municipal DAEM,Rural,10,101,10102,Calbuco,36,34.9314171398183,35,0,1,0
7785,2,ESCUELA RURAL QUETROLAUQUEN,Municipal DAEM,Rural,10,101,10102,Calbuco,96,33.9695063200909,19,0,0,0
7788,7,ESCUELA RURAL CHAYAHUE,Municipal DAEM,Rural,10,101,10102,Calbuco,31,38.3027932523574,24,3,1,3
7789,5,ESCUELA RURAL ALONSO DE ERCILLA,Municipal DAEM,Rural,10,101,10102,Calbuco,96,35.0473827795431,14,0,0,0
7791,7,ESCUELA RURAL AGUANTAO,Municipal DAEM,Rural,10,101,10102,Calbuco,96,35.5751422716438,9,0,0,0
7793,3,ESCUELA RURAL MARIO MORALES BECA,Municipal DAEM,Rural,10,101,10102,Calbuco,96,36.9429358298226,4,0,0,0
7798,4,ESCUELA RURAL EL DAO,Municipal DAEM,Rural,10,101,10102,Calbuco,96,36.9236966076369,15,0,0,0
7801,8,ESCUELA RURAL PUTENIO,Municipal DAEM,Rural,10,101,10102,Calbuco,27,36.0430008374209,25,2,0,0
7802,6,ESCUELA RURAL SAN JOSE,Municipal DAEM,Rural,10,101,10102,Calbuco,55,35.9023517400521,52,2,0,1
7810,7,ESCUELA RURAL SAN ANTONIO,Municipal DAEM,Rural,10,101,10102,Calbuco,96,34.3434810128299,10,0,1,0
7818,2,ESCUELA RURAL PEÑASMO,Municipal DAEM,Rural,10,101,10102,Calbuco,44,34.0045441232796,44,0,0,0
7820,4,ESCUELA RURAL CHUCAGUA,Municipal DAEM,Rural,10,101,10102,Calbuco,96,41.9825470311313,4,0,0,2
7821,2,ESCUELA RURAL ISLA TABON,Municipal DAEM,Rural,10,101,10102,Calbuco,96,34.8052348990838,6,0,0,0
7825,5,ESCUELA LIBERTADOR GENERAL BERNARDO O´HIGGINS RIQUELME,Municipal DAEM,Urbano,10,101,10102,Calbuco,41,37.2915969509523,36,3,1,1
7826,3,COLEGIO SAN MIGUEL,Particular Subvencionado,Urbano,10,101,10102,Calbuco,161,36.2866395418896,143,7,5,6
7832,8,ESCUELA RURAL FRANCISCO CORTES OJEDA,Municipal DAEM,Urbano,10,101,10108,Maullín,41,35.7952966783947,37,0,2,2
7833,6,ESCUELA JOSE ABELARDO NUÑEZ,Municipal DAEM,Urbano,10,101,10108,Maullín,63,36.8270174296189,57,4,2,0
7834,4,ESCUELA ENCARNACION OLIVARES,Municipal DAEM,Urbano,10,101,10108,Maullín,49,37.7013790228727,42,2,2,3
7836,0,ESCUELA RURAL DORILA AGUILA AGUILAR,Municipal DAEM,Rural,10,101,10108,Maullín,25,38.576013355511,21,1,1,2
7850,6,ESCUELA RURAL LOS ARCES,Municipal DAEM,Rural,10,101,10108,Maullín,21,36.725985583757,19,2,0,0
7854,9,ESCUELA RURAL JUANITA GALLARDO,Municipal DAEM,Rural,10,101,10108,Maullín,46,41.1888098864481,27,6,9,4
7866,2,ESCUELA RURAL HILDA HUNQUEN,Municipal DAEM,Rural,10,101,10108,Maullín,22,36.0364539172569,21,0,0,1
7872,7,COLEGIO BICENTENARIO DE DIFUSION ARTISTICA LOS ULMOS,Servicio Local de Educación(SLE),Urbano,10,101,10106,Los Muermos,56,36.2390374768785,53,3,0,0
7874,3,ESCUELA RURAL CAÑITAS,Servicio Local de Educación(SLE),Rural,10,101,10106,Los Muermos,37,36.2041753807622,33,2,2,0
7896,4,ESCUELA RURAL ESTAQUILLA,Servicio Local de Educación(SLE),Rural,10,101,10106,Los Muermos,96,33.3578334533172,18,0,0,0
7897,2,ESCUELA RURAL MANUEL GATICA ARRIAGADA,Servicio Local de Educación(SLE),Rural,10,101,10106,Los Muermos,96,35.764238481939,7,0,0,0
7898,0,ESCUELA RURAL EL MELI,Servicio Local de Educación(SLE),Rural,10,101,10106,Los Muermos,36,34.9368526564118,33,2,0,1
7905,7,ESCUELA RURAL PARAGUAY CHICO,Servicio Local de Educación(SLE),Rural,10,101,10106,Los Muermos,96,36.6976613067741,14,1,0,1
7907,3,COLEGIO RAMON ANGEL JARA,Particular Subvencionado,Urbano,10,101,10106,Los Muermos,165,35.1533713355891,155,6,1,3
7911,1,ESCUELA PARTICULAR N.213 EL LAUREL,Particular Subvencionado,Rural,10,101,10106,Los Muermos,96,40.837532673037,10,3,2,1
7922,7,ESCUELA PARTICULAR N.232 EL PROGRESO,Particular Subvencionado,Rural,10,101,10106,Los Muermos,20,34.3281785100226,19,0,0,1
7924,3,ESCUELA RURAL SAN ANDRES,Servicio Local de Educación(SLE),Rural,10,101,10104,Fresia,20,35.2856576041107,20,0,0,0
7929,4,ESCUELA BASICA AGRICOLA HUEMPELEO,Servicio Local de Educación(SLE),Rural,10,101,10104,Fresia,96,35.7413405322375,14,0,0,0
7940,5,ESCUELA RURAL PARGA,Servicio Local de Educación(SLE),Rural,10,101,10104,Fresia,96,36.8099048138327,4,0,0,0
7942,1,COLEGIO PURISIMO CORAZON DE MARIA,Particular Subvencionado,Urbano,10,101,10104,Fresia,138,40.36707969145,97,9,12,20
7958,8,ESCUELA INES GALLARDO ALVARADO,Servicio Local de Educación(SLE),Urbano,10,101,10107,Llanquihue,137,38.5213745304234,107,9,13,8
7959,6,ESCUELA BASICA GABRIELA MISTRAL,Servicio Local de Educación(SLE),Urbano,10,101,10107,Llanquihue,124,36.5050450187051,111,3,5,5
7961,8,ESCUELA RURAL LOS PELLINES,Servicio Local de Educación(SLE),Rural,10,101,10107,Llanquihue,33,36.8242747510796,31,1,0,1
7962,6,ESCUELA RURAL LONCOTORO,Servicio Local de Educación(SLE),Rural,10,101,10107,Llanquihue,96,38.5443980584185,11,0,1,0
7967,7,ESCUELA RURAL COLEGUAL,Servicio Local de Educación(SLE),Rural,10,101,10107,Llanquihue,96,38.2721762538974,12,0,0,0
7970,7,ESCUELA PARTICULAR N.239 LOS VOLCANES,Particular Subvencionado,Urbano,10,101,10107,Llanquihue,74,36.1676568310006,65,4,2,3
7975,8,ESCUELA ARTURO ALESSANDRI PALMA,Servicio Local de Educación(SLE),Urbano,10,101,10105,Frutillar,72,32.5637282801046,69,1,1,1
7976,6,ESCUELA BERNARDO PHILIPPI,Servicio Local de Educación(SLE),Urbano,10,101,10105,Frutillar,75,33.3582132828668,75,0,0,0
7977,4,ESCUELA RURAL LOS LINARES DE CASMA,Servicio Local de Educación(SLE),Rural,10,101,10105,Frutillar,70,36.7059936789483,62,5,2,1
7982,0,ESCUELA RURAL PARAGUAY,Servicio Local de Educación(SLE),Rural,10,101,10105,Frutillar,35,36.8890986180578,33,1,0,1
7989,8,COLEGIO PARTICULAR N. 244 `MADRE DE DIOS`,Particular Subvencionado,Urbano,10,101,10105,Frutillar,88,35.3545116084251,81,3,3,1
7992,8,COLEGIO ICEBERG,Particular Subvencionado,Rural,10,101,10102,Calbuco,24,36.5120006665159,23,0,0,1
8002,0,LICEO GALVARINO RIVEROS CARDENAS,Servicio Local de Educación(SLE),Urbano,10,102,10201,Castro,214,37.2550545300904,179,15,14,6
8003,9,ESCUELA LUIS URIBE DIAZ,Servicio Local de Educación(SLE),Urbano,10,102,10201,Castro,130,37.5736946356048,110,11,4,5
8004,7,ESCUELA INES MUNOZ DE GARCIA,Servicio Local de Educación(SLE),Urbano,10,102,10201,Castro,131,38.8182825692233,109,6,10,6
8005,5,LICEO AYTUE,Servicio Local de Educación(SLE),Urbano,10,102,10201,Castro,147,43.1783010488787,84,13,16,34
8006,3,ESCUELA RURAL PEDRO VELAZQUEZ BONTES,Servicio Local de Educación(SLE),Urbano,10,102,10201,Castro,47,35.1835031083921,45,1,0,1
8013,6,ESCUELA RURAL MIRTA OYARZO VERA,Servicio Local de Educación(SLE),Rural,10,102,10201,Castro,96,41.0501576271632,9,2,0,1
8019,5,ESCUELA RURAL QUILQUICO,Servicio Local de Educación(SLE),Rural,10,102,10201,Castro,21,35.1999793816877,20,1,0,0
8027,6,ESCUELA RURAL OLINDA BORQUEZ BORQUEZ,Servicio Local de Educación(SLE),Rural,10,102,10201,Castro,20,34.7446104841448,20,0,0,0
8036,5,ESCUELA RURAL LOS ANGELES,Servicio Local de Educación(SLE),Rural,10,102,10201,Castro,96,37.8333397203063,14,0,1,0
8037,3,ESCUELA RURAL LOS ROBLES,Servicio Local de Educación(SLE),Rural,10,102,10201,Castro,96,35.7942089640734,3,0,0,0
8046,2,ESCUELA PUDETO,Servicio Local de Educación(SLE),Urbano,10,102,10202,Ancud,22,36.1757490817723,21,1,0,0
8047,0,ESCUELA ANEXA,Servicio Local de Educación(SLE),Urbano,10,102,10202,Ancud,72,37.7644679662055,58,6,6,2
8048,9,ESCUELA YERBAS BUENAS,Servicio Local de Educación(SLE),Urbano,10,102,10202,Ancud,96,39.8232672756191,14,0,1,2
8049,7,ESCUELA RURAL VILLA CHACAO,Servicio Local de Educación(SLE),Rural,10,102,10202,Ancud,96,36.5767588433004,11,0,0,1
8051,9,ESCUELA RURAL EL PALOMAR,Servicio Local de Educación(SLE),Rural,10,102,10202,Ancud,23,36.6498020524546,21,2,0,0
8053,5,ESCUELA RURAL SENDA CHACAO,Servicio Local de Educación(SLE),Rural,10,102,10202,Ancud,24,35.1309135769914,23,1,0,0
8054,3,ESCUELA RURAL MANAO,Servicio Local de Educación(SLE),Rural,10,102,10202,Ancud,20,36.1074889752394,20,0,0,0
8085,3,ESCUELA RURAL SAN MIGUEL DE COÑIMO,Servicio Local de Educación(SLE),Rural,10,102,10202,Ancud,96,35.0633813782761,9,0,0,0
8092,6,ESCUELA RURAL LUIS ALBERTO SEGOVIA ROSS,Servicio Local de Educación(SLE),Rural,10,102,10202,Ancud,96,36.8718454341337,9,2,1,0
8095,0,ESCUELA RURAL AGUAS BUENAS,Servicio Local de Educación(SLE),Rural,10,102,10202,Ancud,96,33.8478846747003,2,0,0,0
8099,3,ESCUELA RURAL COCOTUE,Servicio Local de Educación(SLE),Rural,10,102,10202,Ancud,96,39.3044971391402,3,0,0,0
8100,0,ESCUELA RURAL SOL DEL PACIFICO,Servicio Local de Educación(SLE),Rural,10,102,10202,Ancud,96,38.639912297045,12,1,0,0
8103,5,ESCUELA RURAL BAHIA LINAO,Servicio Local de Educación(SLE),Rural,10,102,10202,Ancud,96,34.1281985656055,13,0,0,0
8105,1,LICEO BICENTENARIO DE ANCUD,Servicio Local de Educación(SLE),Urbano,10,102,10202,Ancud,49,36.5606587685534,45,2,1,1
8108,6,SEMINARIO CONCILIAR DE ANCUD,Particular Subvencionado,Urbano,10,102,10202,Ancud,133,38.7166559074156,103,10,14,6
8112,4,ESCUELA RURAL JUAN VICTORINO TANGOL,Servicio Local de Educación(SLE),Rural,10,102,10205,Dalcahue,96,33.0756178756487,12,0,0,0
8113,2,ESCUELA RURAL AQUELARRE,Servicio Local de Educación(SLE),Rural,10,102,10209,Quemchi,21,31.5363400780691,21,0,0,0
8114,0,ESCUELA RURAL LLIUCO,Servicio Local de Educación(SLE),Rural,10,102,10209,Quemchi,37,30.9219129339069,37,0,0,0
8117,5,ESCUELA RURAL MONTEMAR,Servicio Local de Educación(SLE),Rural,10,102,10209,Quemchi,24,31.8411031889935,23,1,0,0
8133,7,ESCUELA RURAL LINDA VISTA,Servicio Local de Educación(SLE),Rural,10,102,10209,Quemchi,96,34.0319432437181,6,0,0,0
8135,3,ESCUELA RURAL TAC,Servicio Local de Educación(SLE),Rural,10,102,10209,Quemchi,96,28.1922460016776,7,0,0,0
8142,6,ESCUELA RURAL BORDEMAR VILLA MECHUQUE,Servicio Local de Educación(SLE),Rural,10,102,10209,Quemchi,96,31.7109205888772,9,0,0,0
8144,2,ESCUELA RURAL CESAR GOMEZ GARCIA,Servicio Local de Educación(SLE),Rural,10,102,10205,Dalcahue,96,31.5103690647385,6,0,0,0
8147,7,ESCUELA RURAL MALLINLEMU,Servicio Local de Educación(SLE),Rural,10,102,10205,Dalcahue,62,38.9372262114112,49,5,5,3
8158,2,ESCUELA RURAL CALEN,Servicio Local de Educación(SLE),Rural,10,102,10205,Dalcahue,96,31.9792859998318,8,0,0,0
8159,0,ESCUELA RURAL JOSE DANIEL BAHAMONDE BAHAMONDE,Servicio Local de Educación(SLE),Rural,10,102,10205,Dalcahue,96,35.3773282393804,5,0,0,0
8161,2,ESCUELA BASICA DALCAHUE,Servicio Local de Educación(SLE),Urbano,10,102,10205,Dalcahue,110,36.3994495484445,98,3,5,4
8162,0,LICEO ALFREDO DEL CARMEN BARRIA OYARZUN,Servicio Local de Educación(SLE),Urbano,10,102,10204,Curaco de Vélez,63,37.3719646492791,53,2,2,6
8169,8,ESCUELA RURAL HUYAR ALTO,Servicio Local de Educación(SLE),Rural,10,102,10204,Curaco de Vélez,96,37.9635136680949,12,0,1,1
8174,4,LICEO BICENTENARIO INSULAR,Servicio Local de Educación(SLE),Urbano,10,102,10210,Quinchao,83,32.6274921103685,81,0,0,2
8176,0,ESCUELA RURAL LA CAPILLA,Servicio Local de Educación(SLE),Rural,10,102,10210,Quinchao,96,34.4242629177579,6,0,0,0
8177,9,ESCUELA RURAL OSTRICULTURA,Servicio Local de Educación(SLE),Rural,10,102,10210,Quinchao,96,32.6266965071388,9,0,0,0
8180,9,ESCUELA RURAL ALAO,Servicio Local de Educación(SLE),Rural,10,102,10210,Quinchao,96,35.3273060387995,7,0,0,0
8182,5,ESCUELA RURAL LA VILLA,Servicio Local de Educación(SLE),Rural,10,102,10210,Quinchao,96,38.2112400872237,7,1,0,0
8183,3,ESCUELA RURAL AMANECER 2000,Servicio Local de Educación(SLE),Rural,10,102,10210,Quinchao,96,35.6974979085187,2,0,0,0
8184,1,ESCUELA RURAL LLINGUA,Servicio Local de Educación(SLE),Rural,10,102,10210,Quinchao,96,34.462296780041,3,0,0,0
8186,8,ESCUELA RURAL LOS PINOS,Servicio Local de Educación(SLE),Rural,10,102,10210,Quinchao,96,31.8839776292807,9,0,0,0
8188,4,ESCUELA RURAL LA CAPILLA,Servicio Local de Educación(SLE),Rural,10,102,10210,Quinchao,96,29.7649783573011,5,0,0,0
8189,2,ESCUELA RURAL TERESA CARDENAS DE PAREDES,Servicio Local de Educación(SLE),Rural,10,102,10210,Quinchao,23,32.9448542834435,22,0,0,1
8191,4,ESCUELA RURAL SAN FRANCISCO,Servicio Local de Educación(SLE),Rural,10,102,10210,Quinchao,96,36.8114587247153,11,1,0,0
8194,9,LICEO PARTICULAR RAMON FREIRE,Particular Subvencionado,Urbano,10,102,10210,Quinchao,60,34.5300772602079,52,3,3,2
8195,7,ESCUELA PUQUELDON,Servicio Local de Educación(SLE),Urbano,10,102,10206,Puqueldón,27,33.4600311604261,27,0,0,0
8201,5,ESCUELA RURAL LAS CAMPANAS,Servicio Local de Educación(SLE),Rural,10,102,10206,Puqueldón,96,33.414100969679,11,0,0,0
8202,3,ESCUELA RURAL DETIF,Servicio Local de Educación(SLE),Rural,10,102,10206,Puqueldón,96,35.5256524618296,6,0,0,0
8203,1,ESCUELA RURAL SANTA ROSA,Servicio Local de Educación(SLE),Rural,10,102,10206,Puqueldón,96,34.4491232078112,18,0,0,0
8205,8,ESCUELA RURAL ICHUAC,Servicio Local de Educación(SLE),Rural,10,102,10206,Puqueldón,96,35.3049536518915,16,0,0,0
8206,6,LICEO BICENTENARIO MANUEL JESUS ANDRADE BORQUEZ,Servicio Local de Educación(SLE),Urbano,10,102,10203,Chonchi,130,36.5637378798016,111,11,5,3
8207,4,ESCUELA RURAL NOTUCO,Servicio Local de Educación(SLE),Rural,10,102,10203,Chonchi,96,36.8026447648456,14,1,0,0
8208,2,ESCUELA RURAL CURACO DE VILUPULLI,Servicio Local de Educación(SLE),Rural,10,102,10203,Chonchi,96,33.3581116377143,6,0,1,0
8210,4,ESCUELA RURAL QUITRIPULLI,Servicio Local de Educación(SLE),Rural,10,102,10203,Chonchi,96,37.9144589286011,12,0,1,0
8211,2,ESCUELA RURAL HUILLINCO,Servicio Local de Educación(SLE),Rural,10,102,10203,Chonchi,27,35.333908028647,25,1,1,0
8220,1,ESCUELA RURAL CUCAO,Servicio Local de Educación(SLE),Rural,10,102,10203,Chonchi,96,33.3917053818001,13,0,0,0
8230,9,ESCUELA RURAL RAUCO,Servicio Local de Educación(SLE),Rural,10,102,10203,Chonchi,20,34.7559483327911,19,1,0,0
8231,7,ESCUELA RURAL TERAO,Servicio Local de Educación(SLE),Rural,10,102,10203,Chonchi,96,36.8380935783738,7,0,0,0
8236,8,ESCUELA CHILHUE,Servicio Local de Educación(SLE),Urbano,10,102,10207,Queilén,43,32.3146706539858,43,0,0,0
8241,4,ESCUELA RURAL ALVARO VARGAS MIRANDA,Servicio Local de Educación(SLE),Rural,10,102,10207,Queilén,44,31.9002946711887,42,1,1,0
8243,0,ESCUELA RURAL JUAN BAUTISTA CHIGUAY,Servicio Local de Educación(SLE),Rural,10,102,10207,Queilén,96,32.2905328607881,9,0,0,0
8247,3,ESCUELA RURAL JUAN ANTONIO VERA DIAZ,Servicio Local de Educación(SLE),Rural,10,102,10207,Queilén,96,32.6284030105449,10,0,0,0
8251,1,ESCUELA RURAL SAN JOSE DE TRANQUI,Servicio Local de Educación(SLE),Rural,10,102,10207,Queilén,96,29.7739151962674,3,0,0,0
8256,2,ESCUELA EDUCADORA EULOGIA BORQUEZ PEREZ,Servicio Local de Educación(SLE),Urbano,10,102,10208,Quellón,123,38.4778091760319,101,9,7,6
8263,5,ESCUELA RURAL JOSE SANTOS LINCOMAN INAICHEO,Servicio Local de Educación(SLE),Rural,10,102,10208,Quellón,96,36.4963353848801,8,0,0,1
8264,3,ESCUELA RURAL ADELA GARCIA GARCIA,Servicio Local de Educación(SLE),Rural,10,102,10208,Quellón,28,36.438548183987,23,2,2,1
8269,4,ESCUELA RURAL LASTENIA OYARZUN ANDRADE,Servicio Local de Educación(SLE),Rural,10,102,10208,Quellón,96,37.7029299656007,9,1,0,0
8278,3,ESCUELA RURAL YELCHO,Servicio Local de Educación(SLE),Rural,10,102,10208,Quellón,96,29.5091903717508,1,0,0,0
8284,8,ESCUELA RURAL COINCO,Servicio Local de Educación(SLE),Rural,10,102,10208,Quellón,27,35.7074187148874,26,0,1,0
8287,2,ESCUELA RURAL AUCHAC,Servicio Local de Educación(SLE),Rural,10,102,10208,Quellón,96,36.2757226338939,6,0,0,0
8288,0,ESCUELA RURAL YALDAD,Servicio Local de Educación(SLE),Rural,10,102,10208,Quellón,96,38.1130306297886,11,0,3,0
8289,9,ESCUELA RURAL ARTISTICA ALUMNO MARCELO GUENTEO SOLIS,Servicio Local de Educación(SLE),Rural,10,102,10208,Quellón,44,33.825228001391,44,0,0,0
8295,3,ESCUELA RURAL CHUIT,Municipal DAEM,Rural,10,104,10401,Chaitén,96,27.4668760657205,3,0,0,0
8296,1,ESCUELA RURAL NUEVA ESPERANZA,Municipal DAEM,Rural,10,104,10401,Chaitén,96,34.275763436485,2,0,0,0
8301,1,ESCUELA RURAL BUILL,Municipal DAEM,Rural,10,104,10401,Chaitén,96,31.5756688619401,6,0,0,0
8303,8,ESCUELA RURAL CHUMELDEN,Municipal DAEM,Rural,10,104,10401,Chaitén,96,35.7923214998748,4,0,0,0
8306,2,ESCUELA RURAL VALLE EL FRIO,Municipal DAEM,Rural,10,104,10401,Chaitén,96,31.3271620281304,3,0,0,0
8309,7,LICEO PENINSULAR AYACARA,Municipal DAEM,Rural,10,104,10401,Chaitén,24,31.6399536676596,24,0,0,0
8310,0,COLEGIO MAURICIO HITCHCOCK,Municipal DAEM,Rural,10,104,10403,Hualaihué,52,37.0337601841012,50,0,1,1
8311,9,ESCUELA RURAL AULEN,Municipal DAEM,Rural,10,104,10403,Hualaihué,96,32.1156654017764,14,0,0,0
8313,5,ESCUELA RURAL CATARATAS DEL ALERCE,Municipal DAEM,Rural,10,104,10403,Hualaihué,96,34.5806637679006,14,0,1,0
8321,6,ESCUELA RURAL CALETA EL MANZANO,Municipal DAEM,Rural,10,104,10403,Hualaihué,23,34.1832405470508,22,0,1,0
8323,2,ESCUELA RURAL N.745 SEMILLERO,Municipal DAEM,Rural,10,104,10403,Hualaihué,96,33.066409764096,17,0,0,0
8325,9,ESCUELA ANTUPIREN,Municipal DAEM,Rural,10,104,10403,Hualaihué,87,35.0443432302719,81,1,4,1
8331,3,LICEO BICENTENARIO FUTALEUFU,Municipal DAEM,Rural,10,104,10402,Futaleufú,91,37.3457680147025,77,5,5,4
8334,8,ESCUELA RURAL EL ESPOLON,Municipal DAEM,Rural,10,104,10402,Futaleufú,96,30.9287539832506,2,0,0,0
8339,9,COLEGIO ROBERTO WHITE GESELL,Municipal DAEM,Rural,10,104,10404,Palena,53,34.751363710933,49,2,2,0
8345,3,LICEO JOSEFINA AGUIRRE MONTENEGRO,Servicio Local de Educación(SLE),Urbano,11,111,11101,Coyhaique,46,43.4406935225753,30,7,1,8
8346,1,ESCUELA VICTOR DOMINGO SILVA,Servicio Local de Educación(SLE),Urbano,11,111,11101,Coyhaique,50,40.2122669407748,38,2,4,6
8348,8,ESCUELA BAQUEDANO,Servicio Local de Educación(SLE),Urbano,11,111,11101,Coyhaique,86,39.5696665954175,63,6,7,10
8349,6,ESCUELA PEDRO QUINTANA MANSILLA,Servicio Local de Educación(SLE),Urbano,11,111,11101,Coyhaique,109,38.9415115212685,82,12,9,6
8352,6,LICEO TECNICO PROFESIONAL PROFESOR RICARDO NAVARRETE BARRIA,Servicio Local de Educación(SLE),Urbano,11,111,11101,Coyhaique,58,46.3071291994625,21,8,7,22
8353,4,ESCUELA NIEVES DEL SUR,Servicio Local de Educación(SLE),Urbano,11,111,11101,Coyhaique,45,37.763748351536,39,3,1,2
8355,0,ESCUELA RURAL PABLO NERUDA,Servicio Local de Educación(SLE),Rural,11,111,11101,Coyhaique,96,37.030956706021,7,0,1,0
8356,9,ESCUELA RURAL RIO BLANCO,Servicio Local de Educación(SLE),Rural,11,111,11101,Coyhaique,96,33.4310549186995,9,0,0,0
8357,7,ESCUELA RURAL VALLE SIMPSON,Servicio Local de Educación(SLE),Rural,11,111,11101,Coyhaique,24,37.739559206183,21,2,0,1
8358,5,ESCUELA JOSE ANTOLIN SILVA ORMENO,Servicio Local de Educación(SLE),Rural,11,111,11101,Coyhaique,96,37.3964952224361,9,1,1,0
8361,5,ESCUELA RURAL VALLE DE LA LUNA,Servicio Local de Educación(SLE),Rural,11,111,11101,Coyhaique,96,37.579831682778,15,1,0,0
8362,3,ESCUELA RURAL ARROYO EL GATO,Servicio Local de Educación(SLE),Rural,11,111,11101,Coyhaique,96,33.1177949821383,5,0,0,0
8365,8,LICEO SAN FELIPE BENICIO DE COYHAIQUE,Particular Subvencionado,Urbano,11,111,11101,Coyhaique,360,37.8643492400562,288,25,26,21
8366,6,COLEGIO LYON COLLEGE,Particular Subvencionado,Urbano,11,111,11101,Coyhaique,70,39.9528490296429,53,3,6,8
8367,4,COLEGIO MATER DEI DE COYHAIQUE,Particular Subvencionado,Urbano,11,111,11101,Coyhaique,139,38.0768323275255,114,8,8,9
8371,2,ESC.CON INTERNADO JOSE MIGUEL CARRERA,Servicio Local de Educación(SLE),Rural,11,111,11102,Lago Verde,96,28.0006564045428,9,0,0,0
8372,0,ESCUELA RURAL CON INTERNADO LA TAPERA,Servicio Local de Educación(SLE),Rural,11,111,11102,Lago Verde,96,35.629754802046,9,0,0,0
8375,5,LICEO POLITECNICO DE AYSEN,Servicio Local de Educación(SLE),Urbano,11,112,11201,Aysén,64,42.5029077458508,43,2,5,14
8376,3,ESCUELA BASICA MUNICIPAL POETISA GABRIELA MISTRAL,Servicio Local de Educación(SLE),Urbano,11,112,11201,Aysén,73,42.1582086615378,46,4,7,16
8379,8,ESCUELA PEDRO AGUIRRE CERDA,Servicio Local de Educación(SLE),Rural,11,112,11201,Aysén,96,39.061064470793,9,1,0,1
8380,1,LICEO MANIHUALES,Servicio Local de Educación(SLE),Urbano,11,112,11201,Aysén,69,34.3434149209293,68,1,0,0
8382,8,ESCUELA CARLOS CONDELL,Servicio Local de Educación(SLE),Rural,11,112,11201,Aysén,96,37.8259537868396,12,2,1,0
8384,4,ESCUELA ALMIRANTE SIMPSON,Servicio Local de Educación(SLE),Urbano,11,112,11201,Aysén,30,39.1166159594349,23,3,1,3
8388,7,ESCUELA GUIDO GOMEZ MUNOZ,Servicio Local de Educación(SLE),Urbano,11,112,11202,Cisnes,100,40.5173103151078,67,9,9,15
8389,5,ESCUELA AMANDA LABARCA HUBERSTONE,Servicio Local de Educación(SLE),Rural,11,112,11202,Cisnes,96,35.2345636050094,6,0,0,0
8390,9,ESCUELA HAMBURGO,Servicio Local de Educación(SLE),Rural,11,112,11202,Cisnes,21,37.206922437588,19,1,1,0
8391,7,ESCUELA EUSEBIO IBAR SCHEPELER,Servicio Local de Educación(SLE),Rural,11,112,11202,Cisnes,52,38.8811033475439,39,4,3,6
8392,5,LICEO MELINKA,Servicio Local de Educación(SLE),Rural,11,112,11203,Guaitecas,48,37.1400673606075,44,0,2,2
8394,1,LICEO BICENTENARIO LUISA RABANAL PALMA,Servicio Local de Educación(SLE),Rural,11,114,11401,Chile Chico,122,36.6693324429808,105,4,2,11
8398,4,ESC. LIBERTADOR BERNARDO O´HIGGINS RIQUELME,Servicio Local de Educación(SLE),Rural,11,114,11401,Chile Chico,96,32.6812585887086,10,0,0,0
8401,8,ESCUELA GABRIELA MISTRAL,Servicio Local de Educación(SLE),Rural,11,114,11402,Río Ibáñez,96,36.1383248776827,12,0,0,1
8403,4,LICEO BICENTENARIO RURAL CERRO CASTILLO,Servicio Local de Educación(SLE),Rural,11,114,11402,Río Ibáñez,96,35.2837763968274,11,2,1,0
8404,2,ESCUELA AONIKENK,Servicio Local de Educación(SLE),Rural,11,114,11402,Río Ibáñez,30,40.3282089314812,22,1,1,6
8405,0,ESCUELA RURAL CARRETERA AUSTRAL,Servicio Local de Educación(SLE),Rural,11,114,11402,Río Ibáñez,96,39.1183344020335,4,0,0,0
8407,7,ESCUELA MARIA ANTONIETA PARRA MONSALVE,Servicio Local de Educación(SLE),Rural,11,114,11402,Río Ibáñez,96,29.5256366691389,2,0,0,0
8409,3,LICEO PIONEROS DEL SUR,Servicio Local de Educación(SLE),Rural,11,113,11302,O’Higgins,96,36.0908868248222,13,1,1,1
8410,7,ESCUELA MUNICIPAL CDTE LUIS BRAVO BRAVO,Servicio Local de Educación(SLE),Rural,11,113,11303,Tortel,96,30.3529737098336,9,0,0,0
8412,3,ESCUELA LIB. BERNARDO O´HIGGINS R.,Servicio Local de Educación(SLE),Urbano,12,124,12401,Natales,120,37.2794647355673,109,5,4,2
8413,1,ESCUELA CORONEL SANTIAGO BUERAS,Servicio Local de Educación(SLE),Urbano,12,124,12401,Natales,102,37.5748594071425,85,9,4,4
8415,8,ESCUELA CAPITAN JUAN LADRILLERO,Servicio Local de Educación(SLE),Urbano,12,124,12401,Natales,132,38.0946782826931,108,13,7,4
8417,4,ESCUELA BAUDILIA AVENDANO DE YOUSSUF,Servicio Local de Educación(SLE),Urbano,12,124,12401,Natales,49,37.5771692301017,44,3,1,1
8419,0,ESC. PROF. MIGUEL S. MONTECINOS C.,Servicio Local de Educación(SLE),Rural,12,124,12401,Natales,96,34.3913593150985,5,0,0,0
8420,4,ESC. DE CONCENTRACION FRONTERIZA DOROTEA,Servicio Local de Educación(SLE),Rural,12,124,12401,Natales,96,39.545797544034,3,1,0,0
8421,2,LICEO SALESIANO MONSEÑOR FAGNANO,Particular Subvencionado,Urbano,12,124,12401,Natales,149,37.2170207436528,132,6,8,3
8422,0,LICEO BICENTENARIO MARIA MAZZARELLO,Particular Subvencionado,Urbano,12,124,12401,Natales,78,34.8378605591349,74,1,2,1
8423,9,ESC.HOGAR MUN.FRONTERIZA RAMON SERRANO M,Servicio Local de Educación(SLE),Rural,12,124,12402,Torres del Paine,96,23.6647565307307,5,0,0,0
8424,7,INSTITUTO SUPERIOR DE COMERCIO LICEO BICENTENARIO,Servicio Local de Educación(SLE),Urbano,12,121,12101,Punta Arenas,64,40.6425385876666,44,3,2,15
8433,6,ESCUELA LIBERTADOR CAP GRAL BDO OHIGGINS,Servicio Local de Educación(SLE),Urbano,12,121,12101,Punta Arenas,73,38.8950735797701,62,5,3,3
8434,4,ESCUELA ESPANA,Servicio Local de Educación(SLE),Urbano,12,121,12101,Punta Arenas,99,37.75862619082,85,8,3,3
8435,2,ESCUELA DIECIOCHO DE SEPTIEMBRE,Servicio Local de Educación(SLE),Urbano,12,121,12101,Punta Arenas,95,39.1218773669983,70,11,10,4
8436,0,ESCUELA PORTUGAL,Servicio Local de Educación(SLE),Urbano,12,121,12101,Punta Arenas,71,38.376827203609,53,7,5,6
8437,9,ESC. CAPITAN ARTURO PRAT CHACON,Servicio Local de Educación(SLE),Urbano,12,121,12101,Punta Arenas,37,38.0239358464082,34,2,1,0
8438,7,ESCUELA REPUBLICA DE CROACIA,Servicio Local de Educación(SLE),Urbano,12,121,12101,Punta Arenas,113,38.1524957429004,93,10,5,5
8439,5,ESCUELA JUAN WILLIAMS,Servicio Local de Educación(SLE),Urbano,12,121,12101,Punta Arenas,111,38.1276241724405,95,4,9,3
8441,7,ESCUELA HERNANDO DE MAGALLANES,Servicio Local de Educación(SLE),Urbano,12,121,12101,Punta Arenas,110,40.4658483266419,87,4,7,12
8442,5,ESCUELA PEDRO PABLO LEMAITRE,Servicio Local de Educación(SLE),Urbano,12,121,12101,Punta Arenas,131,35.8677565492124,123,1,4,3
8444,1,ESCUELA PATAGONIA,Servicio Local de Educación(SLE),Urbano,12,121,12101,Punta Arenas,110,38.9852929109011,90,7,6,7
8448,4,ESCUELA PEDRO SARMIENTO DE GAMBOA,Servicio Local de Educación(SLE),Urbano,12,121,12101,Punta Arenas,35,35.1888253240425,35,0,0,0
8449,2,ESCUELA ELBA OJEDA GOMEZ,Servicio Local de Educación(SLE),Urbano,12,121,12101,Punta Arenas,48,35.604267928287,47,1,0,0
8452,2,ESCUELA DE PUERTO HARRIS,Servicio Local de Educación(SLE),Rural,12,121,12101,Punta Arenas,96,32.7629165939396,3,0,0,0
8454,9,INSTITUTO DON BOSCO,Particular Subvencionado,Urbano,12,121,12101,Punta Arenas,167,37.5400771951519,142,10,10,5
8455,7,LICEO MARIA AUXILIADORA,Particular Subvencionado,Urbano,12,121,12101,Punta Arenas,160,37.1222302269652,141,9,6,4
8457,3,INSTITUTO SAGRADA FAMILIA,Particular Subvencionado,Urbano,12,121,12101,Punta Arenas,111,35.928967736672,102,5,3,1
8458,1,ESCUELA PARTICULAR LA MILAGROSA,Particular Subvencionado,Urbano,12,121,12101,Punta Arenas,239,37.2019523776952,217,8,9,5
8468,9,ESCUELA DIEGO PORTALES,Servicio Local de Educación(SLE),Rural,12,121,12102,Laguna Blanca,96,31.5098226757518,10,0,0,0
8470,0,ESCUELA PUNTA DELGADA,Servicio Local de Educación(SLE),Rural,12,121,12104,San Gregorio,96,29.6937400914921,8,0,0,0
8475,1,ESCUELA LIBERTADOR BDO. O´HIGGINS R.,Servicio Local de Educación(SLE),Urbano,12,123,12301,Porvenir,128,32.4798313797813,124,0,3,1
8479,4,ESCUELA CERRO SOMBRERO,Servicio Local de Educación(SLE),Rural,12,123,12302,Primavera,96,29.154124993249,10,0,0,0
8482,4,ESCUELA IGNACIO CARRERA PINTO,Servicio Local de Educación(SLE),Rural,12,123,12303,Timaukel,96,29.0310182255976,6,0,0,0
8483,2,LICEO BICENTENARIO DONALD MC-INTYRE GRIFFITHS,Servicio Local de Educación(SLE),Urbano,12,122,12201,Cabo de Hornos (Ex - Navarino),66,36.848283845452,61,2,1,2
8484,0,ESCUELA PUERTO TORO,Servicio Local de Educación(SLE),Rural,12,122,12201,Cabo de Hornos (Ex - Navarino),96,31.6619811572132,1,0,0,0
8485,9,LICEO INSTITUTO NACIONAL,Municipal DAEM,Urbano,13,131,13101,Santiago,864,38.8492337050372,702,42,34,86
8487,5,LICEO JAVIERA CARRERA,Municipal DAEM,Urbano,13,131,13101,Santiago,277,38.7117378257575,231,11,6,29
8488,3,LICEO N° 4 BICENTENARIO ISAURA DINATOR,Municipal DAEM,Urbano,13,131,13101,Santiago,40,42.1628750323851,26,4,2,8
8489,1,LICEO 6 BICENTENARIO TERESA PRATS,Municipal DAEM,Urbano,13,131,13101,Santiago,42,41.1099444966153,25,4,3,10
8490,5,LICEO NRO 2 MIGUEL LUIS AMUNATEGUI,Municipal DAEM,Urbano,13,131,13101,Santiago,93,44.4004793191409,50,6,4,33
8491,3,LICEO DE APLICACION RECTOR JORGE E SCHNE,Municipal DAEM,Urbano,13,131,13101,Santiago,41,43.0587341053611,25,4,3,9
8492,1,LICEO MANUEL BARROS BORGONO,Municipal DAEM,Urbano,13,131,13101,Santiago,56,43.5391068375081,32,4,4,16
8494,8,LICEO A-1 VALENTIN LETELIER,Municipal DAEM,Urbano,13,131,13127,Recoleta,171,42.4054056944741,100,18,19,34
8497,2,LICEO GABRIELA MISTRAL,Municipal DAEM,Urbano,13,131,13108,Independencia,187,41.5247652898319,128,26,12,21
8498,0,LICEO DARIO SALAS,Municipal DAEM,Urbano,13,131,13101,Santiago,273,43.2626560692868,152,22,23,76
8499,9,INTERNADO NACIONAL BARROS ARANA,Municipal DAEM,Urbano,13,131,13101,Santiago,90,36.3341461169105,84,2,1,3
8501,4,LICEO POLITEC. PDTE. GABRIEL GONZALEZ VIDELA,Municipal DAEM,Urbano,13,131,13101,Santiago,71,44.6523593488684,36,7,6,22
8503,0,INST.SUP.DE COMERCIO EDUARDO FREI M.,Municipal DAEM,Urbano,13,131,13101,Santiago,137,39.6906071030905,101,10,6,20
8511,1,LICEO EXPERIMENTAL ARTISTICO B-65,Administración Delegada (C. P. 3166),Urbano,13,131,13119,Maipú,118,38.7997938287786,98,6,10,4
8513,8,ESC. BAS. REPUBLICA ORIENTAL DE URUGUAY,Municipal DAEM,Urbano,13,131,13101,Santiago,139,38.3358827711285,121,3,3,12
8514,6,LICEO MULTIGENERO DOCTORA ELOISA DIAZ INZUNZA,Municipal DAEM,Urbano,13,131,13108,Independencia,163,44.6119566414478,86,11,14,52
8515,4,ESCUELA BASICA CORNELIA OLIVARES,Municipal DAEM,Urbano,13,131,13108,Independencia,69,42.4263097200575,40,10,7,12
8518,9,LICEO ESTACION CENTRAL,Servicio Local de Educación(SLE),Urbano,13,131,13106,Estación Central,80,42.5760590634115,52,7,5,16
8519,7,ESCUELA BASICA PEDRO AGUIRRE CERDA,Servicio Local de Educación(SLE),Urbano,13,131,13102,Cerrillos,72,42.9375036764898,40,7,4,21
8520,0,ESCUELA BASICA PROVINCIA DE CHILOE,Municipal DAEM,Urbano,13,131,13101,Santiago,115,38.1539816340695,98,3,2,12
8521,9,ESCUELA CARLOS CONDELL DE LA HAZA,Servicio Local de Educación(SLE),Urbano,13,131,13106,Estación Central,208,39.4335563249295,161,20,8,19
8522,7,ESCUELA BASICA REPUBLICA DE COLOMBIA,Municipal DAEM,Urbano,13,131,13101,Santiago,163,42.1491943119569,101,15,12,35
8523,5,ESCUELA BASICA REPUBLICA DE PANAMA,Municipal DAEM,Urbano,13,131,13101,Santiago,76,39.2166774839532,62,5,0,9
8530,8,ESCUELA CADETE ARTURO PRAT CHACON,Municipal DAEM,Urbano,13,131,13101,Santiago,192,39.119302106382,158,9,4,21
8531,6,ESCUELA BASICA IRENE FREI DE CID,Municipal DAEM,Urbano,13,131,13101,Santiago,121,40.8286884886536,90,7,9,15
8533,2,ESCUELA BASICA BENJAMIN VICUNA MACKENNA,Municipal DAEM,Urbano,13,131,13101,Santiago,97,41.04575170664,68,8,1,20
8535,9,LICEO REPUBLICA DE BRASIL,Municipal DAEM,Urbano,13,131,13101,Santiago,76,38.0324147720946,66,4,3,3
8536,7,ESCUELA REPUBLICA DE ISRAEL,Municipal DAEM,Urbano,13,131,13101,Santiago,102,40.2432528189809,77,7,4,14
8537,5,ESCUELA ARNALDO FALABELLA,Servicio Local de Educación(SLE),Urbano,13,131,13106,Estación Central,160,39.8207854266758,128,10,7,15
8540,5,ESCUELA BASICA REPUBLICA DE HAITI,Municipal DAEM,Urbano,13,131,13101,Santiago,37,42.0961103918946,23,5,3,6
8542,1,LICEO SAN FRANCISCO DE QUITO,Municipal DAEM,Urbano,13,131,13108,Independencia,172,41.2741173255142,119,16,12,25
8544,8,ESCUELA BÁSICA ARTURO ALESSANDRI PALMA,Servicio Local de Educación(SLE),Urbano,13,131,13106,Estación Central,190,42.039046166566,134,13,7,36
8546,4,ESC.BAS.BILINGUE REPUBLICA DEL PARAGUAY,Municipal DAEM,Urbano,13,131,13127,Recoleta,332,40.6767107462744,238,29,22,43
8547,2,ESCUELA NUEVA ZELANDIA,Municipal DAEM,Urbano,13,131,13108,Independencia,81,42.4771328044926,49,6,11,15
8548,0,ESCUELA BASICA DR LUIS CALVO MACKENNA,Municipal DAEM,Urbano,13,131,13101,Santiago,149,41.6384274078445,109,8,8,24
8549,9,ESCUELA FERNANDO ALESSANDRI RODRIGUEZ,Municipal DAEM,Urbano,13,131,13101,Santiago,96,42.3740721296383,59,9,7,21
8552,9,ESCUELA BAS SALVADOR SANFUENTES REP EEUU,Municipal DAEM,Urbano,13,131,13101,Santiago,156,39.1539896320527,121,14,5,16
8555,3,ESCUELA REPUBLICA EL LIBANO,Municipal DAEM,Urbano,13,131,13101,Santiago,66,39.4889048521632,53,3,1,9
8556,1,ESCUELA REPUBLICA DE AUSTRIA,Servicio Local de Educación(SLE),Urbano,13,131,13106,Estación Central,135,42.213624114226,86,7,10,32
8558,8,ESCUELA BÁSICA HUMBERTO VALENZUELA GARCÍA,Servicio Local de Educación(SLE),Urbano,13,131,13106,Estación Central,96,42.6651457102555,58,7,8,23
8561,8,ESCUELA REPUBLICA DE ALEMANIA,Municipal DAEM,Urbano,13,131,13101,Santiago,72,39.4114335618309,56,3,6,7
8562,6,CIUDAD SANTIAGO DE CHILE,Municipal DAEM,Urbano,13,131,13101,Santiago,65,40.2064929973743,51,5,1,8
8563,4,ESCUELA BASICA REPUBLICA DE MEXICO,Municipal DAEM,Urbano,13,131,13101,Santiago,145,40.854949972804,105,6,9,25
8564,2,ESCUELA BASICA REINO DE NORUEGA,Municipal DAEM,Urbano,13,131,13126,Quinta Normal,80,41.2003471196191,56,5,4,15
8569,3,ESCUELA BASICA REPUBLICA DEL ECUADOR,Municipal DAEM,Urbano,13,131,13101,Santiago,94,40.6922578299532,66,7,1,20
8572,3,ESCUELA BASICA CAMILO MORI,Municipal DAEM,Urbano,13,131,13108,Independencia,76,42.2285404763518,45,8,10,13
8576,6,ESCUELA BASICA REYES CATOLICOS,Municipal DAEM,Urbano,13,131,13101,Santiago,55,40.20148136186,43,2,4,6
8579,0,ESCUELA BASICA LATINOAMERICANA,Servicio Local de Educación(SLE),Urbano,13,131,13106,Estación Central,87,43.7822353120687,47,3,3,34
8581,2,ESCUELA BÁSICA F Nº 64,Municipal DAEM,Urbano,13,131,13101,Santiago,68,40.9412138845687,52,4,2,10
8589,8,LICEO MIGUEL RAFAEL PRADO,Particular Subvencionado,Urbano,13,131,13108,Independencia,272,37.2174070523289,235,19,8,10
8592,8,LICEO JOSE MIGUEL INFANTE,Particular Subvencionado,Urbano,13,131,13101,Santiago,175,37.817603096544,144,14,7,10
8603,7,CENTRO EDUCATIVO SALESIANOS ALAMEDA,Particular Subvencionado,Urbano,13,131,13101,Santiago,352,38.3935667189498,291,20,19,22
8604,5,COLEGIO SANTA CRUZ,Particular Subvencionado,Urbano,13,131,13101,Santiago,152,37.8511379109631,135,10,3,4
8611,8,COLEGIO NUESTRA SENORA DE ANDACOLLO,Particular Subvencionado,Urbano,13,131,13101,Santiago,180,38.6768181876534,147,8,11,14
8613,4,COLEGIO FRANCISCANO MARIA REINA,Particular Subvencionado,Urbano,13,131,13106,Estación Central,80,38.5210780637779,70,3,6,1
8614,2,COLEGIO MARIA TERESA CANCINO AGUILAR,Particular Subvencionado,Urbano,13,131,13127,Recoleta,157,36.701555541671,143,7,6,1
8616,9,COLEGIO POLIVALENTE PLUS ULTRA,Particular Subvencionado,Urbano,13,131,13108,Independencia,126,42.9414766371709,76,10,6,34
8620,7,COLEGIO SAN SEBASTIAN,Particular Subvencionado,Urbano,13,131,13101,Santiago,77,41.2241796125142,52,8,9,8
8623,1,ESC. BAS. PART. TERESIANA DE SAN GABRIEL,Particular Subvencionado,Urbano,13,131,13108,Independencia,70,37.9627744677616,62,4,1,3
8625,8,CENTRO EDUC. CASA TALLERES SAN VICENTE DE PAU,Particular Subvencionado,Urbano,13,131,13101,Santiago,97,44.7801856794948,42,14,13,28
8627,4,COLEGIO SANTA MARIA DE SANTIAGO,Particular Subvencionado,Urbano,13,131,13101,Santiago,330,39.9860548276699,238,25,21,46
8629,0,COLEGIO POLITÉCNICO SANTA ANA,Particular Subvencionado,Urbano,13,131,13126,Quinta Normal,174,38.9580983023355,141,7,10,16
8631,2,COLEGIO ECHAURREN,Particular Subvencionado,Urbano,13,131,13106,Estación Central,131,39.9050347585945,98,10,10,13
8632,0,LICEO POLIVALENTE SANTA JULIANA,Particular Subvencionado,Urbano,13,131,13127,Recoleta,242,42.7403580195989,141,26,33,42
8634,7,LICEO RUIZ TAGLE,Particular Subvencionado,Urbano,13,131,13106,Estación Central,157,39.023731982187,130,8,12,7
8636,3,LICEO LEONARDO MURIALDO,Particular Subvencionado,Urbano,13,131,13127,Recoleta,270,36.4461284834393,246,14,5,5
8639,8,LICEO Y COLEGIO NUEVO HISPANO CHILENO,Particular Subvencionado,Urbano,13,131,13101,Santiago,56,38.7949287690017,43,5,4,4
8643,6,INSTITUTO COMERCIAL BLAS CANAS,Particular Subvencionado,Urbano,13,131,13101,Santiago,305,42.0562034633335,198,20,26,61
8645,2,LICEO JOSE DOMINGO CANAS,Particular Subvencionado,Urbano,13,131,13125,Quilicura,271,38.5344640040805,216,19,22,14
8649,5,COLEGIO LORENZO SAZIE,Particular Subvencionado,Urbano,13,131,13101,Santiago,85,40.6691980348697,63,8,3,11
8652,5,COLEGIO SAN ANTONIO,Particular Subvencionado,Urbano,13,131,13101,Santiago,165,36.024787234791,158,4,2,1
8657,6,COLEGIO SAN ALBERTO,Particular Subvencionado,Urbano,13,131,13106,Estación Central,152,44.3734329679628,78,13,12,49
8658,4,COLEGIO FRANCISCO ARRIARAN,Particular Subvencionado,Urbano,13,131,13101,Santiago,187,41.7673673457175,117,19,16,35
8661,4,ESCUELA PARTICULAR GUILLERMO MATTA,Particular Subvencionado,Urbano,13,131,13101,Santiago,175,44.0543541293762,83,18,17,57
8663,0,INSTITUTO HERMANOS MATTE,Particular Subvencionado,Urbano,13,131,13101,Santiago,172,39.6496989827064,129,14,20,9
8665,7,ESCUELA BASICA N°43 PATRONATO SAN ANTONIO,Particular Subvencionado,Urbano,13,131,13101,Santiago,77,39.5430456372714,64,2,5,6
8666,5,COLEGIO SANTA ISABEL,Particular Subvencionado,Urbano,13,131,13101,Santiago,77,39.7333886671727,56,12,4,5
8671,1,COLEGIO BICENTENARIO VICTORIA PRIETO,Particular Subvencionado,Urbano,13,131,13101,Santiago,81,35.1220997164563,76,1,1,3
8674,6,ESCUELA PARTICULAR SAN LAZARO,Particular Subvencionado,Urbano,13,131,13101,Santiago,71,40.0494923553486,57,1,2,11
8675,4,COLEGIO SANTA TERESITA DEL NINO JESUS,Particular Subvencionado,Urbano,13,131,13101,Santiago,141,38.6091174501979,106,14,6,15
8676,2,ESCUELA MANUEL JOSE IRARRAZAVAL,Particular Subvencionado,Urbano,13,131,13101,Santiago,141,38.6402047978859,107,13,13,8
8678,9,ESC.SILVIA SALAS EDWARDS,Particular Subvencionado,Urbano,13,131,13106,Estación Central,76,39.0929778839109,58,4,6,8
8680,0,COLEGIO ADVENTISTA PORVENIR,Particular Subvencionado,Urbano,13,131,13101,Santiago,73,38.8947005884047,56,10,3,4
8681,9,COLEGIO ANGLO MAIPU,Particular Subvencionado,Urbano,13,131,13119,Maipú,201,37.3144727926783,169,10,10,12
8682,7,COLEGIO RAFAEL SANHUEZA LIZARDI,Particular Subvencionado,Urbano,13,131,13127,Recoleta,179,38.1393250658781,157,11,7,4
8684,3,COLEGIO JEAN JACQUES,Particular Subvencionado,Urbano,13,131,13108,Independencia,77,41.4866096545282,53,5,5,14
8685,1,ESCUELA BASICA PARTICULAR CLUB HIPICO,Particular Subvencionado,Urbano,13,131,13105,El Bosque,168,43.3726781340834,89,15,29,35
8690,8,ESCUELA PARTICULAR AMOR DE DIOS,Particular Subvencionado,Urbano,13,131,13102,Cerrillos,123,37.7684936643053,107,4,3,9
8697,5,COLEGIO ORATORIO DON BOSCO,Particular Subvencionado,Urbano,13,131,13101,Santiago,169,36.1947649473486,151,6,6,6
8703,3,ESCUELA BASICA N°728 MARYLAND COLLEGE,Particular Subvencionado,Urbano,13,131,13108,Independencia,180,39.0111205999573,152,14,5,9
8706,8,ESCUELA SAN BENILDO,Particular Subvencionado,Urbano,13,131,13127,Recoleta,120,44.0352547365844,67,9,11,33
8714,9,ESCUELA PARTICULAR RAMON FREIRE,Particular Subvencionado,Urbano,13,131,13127,Recoleta,114,38.4155502015978,93,9,4,8
8715,7,COLEGIO SAO PAULO,Particular Subvencionado,Urbano,13,131,13106,Estación Central,78,46.4084077061082,28,7,9,34
8717,3,ESCUELA PARTICULAR SAINT HENRY SCHOOL,Particular Subvencionado,Urbano,13,131,13101,Santiago,62,45.3407491245068,34,3,4,21
8718,1,ESCUELA PARTICULAR DANES,Particular Subvencionado,Urbano,13,131,13110,La Florida,43,37.5326384341323,34,4,4,1
8724,6,COLEGIO SAINT JOSEPH C. THOMAS SCHOOL,Particular Subvencionado,Urbano,13,131,13110,La Florida,58,40.267740957336,44,4,0,10
8726,2,ESCUELA PARTICULAR THOMAS JEFFERSON,Particular Subvencionado,Urbano,13,131,13108,Independencia,118,40.972849583917,85,6,3,24
8728,9,COLEGIO GEORGE WASHINGTON,Particular Subvencionado,Urbano,13,131,13108,Independencia,136,44.42811546611,54,15,24,43
8739,4,ESCUELA PARTICULAR DIVINA MARIA,Particular Subvencionado,Urbano,13,131,13101,Santiago,107,41.6854208927387,72,13,6,16
8740,8,COLEGIO MARIA LUISA VILLALON,Particular Subvencionado,Urbano,13,131,13101,Santiago,150,36.916265751417,139,4,3,4
8756,4,COLEGIO EXCELSIOR,Particular Subvencionado,Urbano,13,131,13101,Santiago,233,38.3731981648261,199,10,15,9
8780,7,ESCUELA MANUEL MONTT,Particular Subvencionado,Urbano,13,131,13101,Santiago,78,44.6790740903529,43,6,3,26
8791,2,COLEGIO FILIPENSE,Particular Subvencionado,Urbano,13,131,13101,Santiago,161,35.9366288834787,152,3,4,2
8800,5,ESCUELA PART MARY AND GEORGE S SCHOOL,Particular Subvencionado,Urbano,13,131,13127,Recoleta,77,40.9852666485993,54,7,6,10
8815,3,COLEGIO SAN FRANCISCO DEL ALBA,Corporación Municipal,Urbano,13,131,13114,Las Condes,149,37.2427840801576,124,11,5,9
8818,8,LICEO ALEXANDER FLEMING DE LAS CONDES,Particular Subvencionado,Urbano,13,131,13114,Las Condes,141,39.291433625782,104,9,8,20
8819,6,LICEO RAFAEL SOTOMAYOR,Particular Subvencionado,Urbano,13,131,13114,Las Condes,130,39.9718317297741,97,12,6,15
8821,8,LICEO MUNICIPALIZADO AMANDA LABARCA,Municipal DAEM,Urbano,13,131,13132,Vitacura,211,37.0129825372235,183,10,7,11
8822,6,LICEO JUAN PABLO II DE LAS CONDES,Corporación Municipal,Urbano,13,131,13114,Las Condes,151,44.2590661927616,64,17,16,54
8825,0,COLEGIO ANTARTICA CHILENA,Municipal DAEM,Urbano,13,131,13132,Vitacura,214,37.7192012114359,178,13,11,12
8827,7,COLEGIO NTRA. SRA. DEL ROSARIO LAS CONDES,Particular Subvencionado,Urbano,13,131,13114,Las Condes,147,37.6802180748738,116,11,10,10
8828,5,LICEO BICENTENARIO SIMON BOLIVAR,Corporación Municipal,Urbano,13,131,13114,Las Condes,197,38.9913171416796,157,11,14,15
8833,1,LICEO BICENTENARIO DE EXCELENCIA MARIA LUISA BOMBAL,Particular Subvencionado,Urbano,13,131,13132,Vitacura,78,36.2826803008546,74,1,1,2
8835,8,LICEO BICENTENARIO SANTA MARIA DE LAS CONDES,Corporación Municipal,Urbano,13,131,13114,Las Condes,133,40.1434729067978,90,11,18,14
8840,4,ESCUELA DE FARELLONES,Municipal DAEM,Rural,13,131,13115,Lo Barnechea,23,37.5764774781286,20,2,0,1
8841,2,COLEGIO PARROQUIAL SANTA ROSA DE LO BARNECHEA,Particular Subvencionado,Urbano,13,131,13115,Lo Barnechea,207,40.0442353878676,142,18,19,28
8845,5,COLEGIO SAN JUAN DE KRONSTADT,Particular Subvencionado,Urbano,13,131,13115,Lo Barnechea,26,45.0679590848474,12,3,0,11
8849,8,COLEGIO LA VIRGEN DE POMPEYA,Particular Subvencionado,Urbano,13,131,13114,Las Condes,180,38.681053664716,144,16,8,12
8854,4,INSTITUTO PRESIDENTE ERRAZURIZ,Particular Subvencionado,Urbano,13,131,13114,Las Condes,93,37.2490778213146,82,5,3,3
8925,7,LICEO POLIVALENTE ARTURO ALESSANDRI P.,Corporación Municipal,Urbano,13,131,13123,Providencia,81,38.42362606652,68,3,3,7
8926,5,LICEO Nº7 DE PROVIDENCIA LUISA SAAVEDRA,Corporación Municipal,Urbano,13,131,13123,Providencia,406,37.0028540900381,356,17,16,17
8927,3,LICEO CARMELA CARVAJAL DE PRAT,Corporación Municipal,Urbano,13,131,13123,Providencia,436,36.3022237925972,394,14,15,13
8928,1,LICEO JOSE VICTORINO LASTARRIA,Corporación Municipal,Urbano,13,131,13123,Providencia,432,39.5816586003706,330,22,30,50
8931,1,ESCUELA BASICA EL VERGEL,Corporación Municipal,Urbano,13,131,13123,Providencia,55,39.2807388341723,45,1,4,5
8933,8,ESCUELA DE PROVIDENCIA,Corporación Municipal,Urbano,13,131,13123,Providencia,208,38.5428254062361,173,8,13,14
8938,9,COLEGIO POLIV. PROF. GUILLERMO GONZALEZ HEIN,Particular Subvencionado,Urbano,13,131,13123,Providencia,61,37.9057995879051,53,3,1,4
8942,7,ESCUELA PARTICULAR TERESIANA DE SAN JOSE,Particular Subvencionado,Urbano,13,134,13401,San Bernardo,240,39.2555678675816,181,21,22,16
8944,3,COLEGIO PARTICULAR REGINA PACIS,Particular Subvencionado,Urbano,13,131,13123,Providencia,146,38.6936191371189,114,8,11,13
8945,1,ESCUELA Y LICEO PAULINA VON MALLINCKRODT,Particular Subvencionado,Urbano,13,131,13123,Providencia,34,40.011423103237,27,2,2,3
8954,0,COLEGIO MARIA INMACULADA,Particular Subvencionado,Urbano,13,131,13123,Providencia,129,35.7654844510683,118,4,2,5
8997,4,WEXFORD COLLEGE N 2,Particular Subvencionado,Urbano,13,131,13123,Providencia,50,39.0739329797274,37,4,1,8
9006,9,COMPLEJO EDUCACIONAL LA REINA,Corporación Municipal,Urbano,13,131,13113,La Reina,59,40.2197101154626,43,8,4,4
9007,7,LICEO EUGENIO MARÍA DE HOSTOS,Corporación Municipal,Urbano,13,131,13113,La Reina,89,40.9280555958505,63,6,6,14
9008,5,COLEGIO MUNICIPALIZADO CONFEDERAC SUIZA,Corporación Municipal,Urbano,13,131,13113,La Reina,92,39.8863349866138,66,8,10,8
9011,5,COLEGIO SAN CONSTANTINO,Corporación Municipal,Urbano,13,131,13113,La Reina,74,40.6846913254623,49,9,7,9
9012,3,ESCUELA BASICA YANGTSE EX E-229,Corporación Municipal,Urbano,13,131,13113,La Reina,146,41.3215010171786,99,18,12,17
9013,1,ESCUELA PALESTINA,Corporación Municipal,Urbano,13,131,13113,La Reina,129,38.1738607099151,108,5,6,10
9017,4,ESCUELA PARTICULAR SAN LEONARDO MURIALDO,Particular Subvencionado,Urbano,13,131,13113,La Reina,75,38.1185568785572,61,6,5,3
9020,4,COLEGIO SANTA CATALINA LABOURÉ,Particular Subvencionado,Urbano,13,131,13113,La Reina,156,36.9760361902052,141,5,6,4
9033,6,COLEGIO STA MARIA REINA,Particular Subvencionado,Urbano,13,131,13113,La Reina,130,38.7038751194927,110,10,5,5
9036,0,COLEGIO JOSÉ ARRIETA,Particular Subvencionado,Urbano,13,131,13113,La Reina,173,40.1959043645232,130,10,13,20
9060,3,LICEO POLITECNICO PEDRO DE VALDIVIA,Administración Delegada (C. P. 3166),Urbano,13,131,13120,Ñuñoa,71,39.5980362783248,58,2,2,9
9069,7,LICEO POLIVALENTE MERCEDES MARIN DEL SOLAR,Particular Subvencionado,Urbano,13,131,13118,Macul,51,42.4786166455968,30,8,5,8
9070,0,ESCUELA BENJAMIN CLARO VELASCO,Corporación Municipal,Urbano,13,131,13120,Ñuñoa,154,41.4796215130544,97,11,22,24
9071,9,LICEO AUGUSTO D HALMAR,Corporación Municipal,Urbano,13,131,13120,Ñuñoa,326,40.1202812390893,218,25,25,58
9072,7,LICEO VILLA MACUL ACADEMIA EX LICEO JUANA DE IBARBOUROU A 48,Servicio Local de Educación(SLE),Urbano,13,131,13118,Macul,96,42.6784083056086,49,7,15,25
9073,5,LICEO BICENTENARIO CARMELA SILVA DONOSO,Corporación Municipal,Urbano,13,131,13120,Ñuñoa,232,41.7217850591306,142,32,26,32
9074,3,LICEO JOSE TORIBIO MEDINA,Corporación Municipal,Urbano,13,131,13120,Ñuñoa,162,40.9791018748996,113,12,9,28
9077,8,COMPLEJO EDUC.MUN. BRIGIDA  WALKER.,Corporación Municipal,Urbano,13,131,13120,Ñuñoa,110,42.3156229362292,73,5,6,26
9078,6,LICEO LENKA FRANULIC,Corporación Municipal,Urbano,13,131,13120,Ñuñoa,143,41.7062646814296,94,9,17,23
9085,9,ESCUELA JOSE BERNARDO SUAREZ,Servicio Local de Educación(SLE),Urbano,13,131,13118,Macul,85,41.0946171160069,63,12,2,8
9087,5,CENTRO EDUC. VALLE HERMOSO,Corporación Municipal,Urbano,13,131,13122,Peñalolén,121,40.8220364998733,84,11,15,11
9088,3,LICEO ANTONIO HERMIDA FABRES,Corporación Municipal,Urbano,13,131,13122,Peñalolén,185,42.0659605932065,115,12,22,36
9089,1,ESCUELA BÁSICA JOSÉ TORIBIO MEDINA,Corporación Municipal,Urbano,13,131,13120,Ñuñoa,154,39.0799328280814,126,10,9,9
9090,5,ESCUELA BAS. CENTRO EDUCACIONAL MILLANTU,Servicio Local de Educación(SLE),Urbano,13,131,13118,Macul,52,44.1064480023727,24,6,1,21
9091,3,ESCUELA REPUBLICA DE FRANCIA,Corporación Municipal,Urbano,13,131,13120,Ñuñoa,66,36.4327283476994,58,1,3,4
9097,2,ESCUELA REPUBLICA DE COSTA RICA,Corporación Municipal,Urbano,13,131,13120,Ñuñoa,128,39.1317895750343,100,14,9,5
9098,0,LICEO JUAN BAUTISTA PASTEN,Corporación Municipal,Urbano,13,131,13122,Peñalolén,82,43.4573158321528,38,6,17,21
9100,6,LICEO REPUBLICA DE SIRIA,Corporación Municipal,Urbano,13,131,13120,Ñuñoa,295,36.9886283344895,264,12,9,10
9102,2,ESCUELA GUILLERMO ZANARTU IRIGOYEN,Corporación Municipal,Urbano,13,131,13120,Ñuñoa,127,38.6219026180338,110,6,6,5
9103,0,ESCUELA UNION NACIONAL ARABE,Corporación Municipal,Urbano,13,131,13122,Peñalolén,131,40.8709573377287,89,10,15,17
9105,7,CENTRO EDUCACIONAL EDUARDO DE LA BARRA,Corporación Municipal,Urbano,13,131,13122,Peñalolén,135,42.4848168900996,82,13,13,27
9106,5,CENTRO EDUCACION MARIANO EGANA,Corporación Municipal,Urbano,13,131,13122,Peñalolén,132,41.4579705614368,89,12,10,21
9110,3,ESCUELA CARLOS FERNANDEZ PENA,Corporación Municipal,Urbano,13,131,13122,Peñalolén,81,41.0970182884426,59,3,8,11
9111,1,ESCUELA LUIS  ARRIETA CANAS,Corporación Municipal,Urbano,13,131,13122,Peñalolén,81,41.7143607414293,55,4,6,16
9116,2,LICEO MUNICIPALIZADO MANUEL ROJAS,Servicio Local de Educación(SLE),Urbano,13,131,13118,Macul,37,41.708648213516,28,2,1,6
9117,0,COLEGIO BICENTENARIO MATILDE HUICI NAVAS,Corporación Municipal,Urbano,13,131,13122,Peñalolén,105,44.396915835294,41,12,21,31
9121,9,ESCUELA TOBALABA,Corporación Municipal,Urbano,13,131,13122,Peñalolén,81,38.1769446438736,73,2,3,3
9122,7,ESCUELA JULIO MONTT SALAMANCA,Servicio Local de Educación(SLE),Urbano,13,131,13118,Macul,116,39.8439625696483,75,12,13,16
9125,1,ESCUELA BASICA,Servicio Local de Educación(SLE),Urbano,13,131,13118,Macul,167,40.2160886979955,127,13,10,17
9127,8,COLEGIO LIKANKURA DE PEÑALOLÉN,Corporación Municipal,Urbano,13,131,13122,Peñalolén,100,40.0901896408441,74,9,2,15
9131,6,ESCUELA JUAN MOYA MORALES,Corporación Municipal,Urbano,13,131,13120,Ñuñoa,137,39.5548539276154,113,13,5,6
9140,5,ESCUELA PARTICULAR SANTA VICTORIA,Particular Subvencionado,Urbano,13,131,13122,Peñalolén,129,40.7334618056947,90,12,11,16
9142,1,ESCUELA BASICA PARTICULAR LOS HUSARES,Particular Subvencionado,Urbano,13,131,13118,Macul,54,39.3089605933155,40,2,7,5
9144,8,ESCUELA BASICA MARTINEZ DE ROZAS,Particular Subvencionado,Urbano,13,131,13122,Peñalolén,110,39.9386963372798,85,7,9,9
9145,6,ESCUELA PARTICULAR MANUEL ANTONIO MATTA,Particular Subvencionado,Urbano,13,131,13120,Ñuñoa,34,37.5915297100364,31,1,0,2
9147,2,COLEGIO PARTICULAR N 1 DE NUNOA,Particular Subvencionado,Urbano,13,131,13120,Ñuñoa,155,39.1232067405151,119,11,15,10
9150,2,ESCUELA PARTICULAR REGINA MUNDI,Particular Subvencionado,Urbano,13,131,13118,Macul,168,39.8332445950145,129,11,9,19
9151,0,COLEGIO SANTA MARGARITA DE ESCOCIA,Particular Subvencionado,Urbano,13,131,13120,Ñuñoa,51,38.5419307611855,44,2,1,4
9158,8,COLEGIO PARTICULAR SAN FERNANDO,Particular Subvencionado,Urbano,13,131,13122,Peñalolén,262,39.3361317121664,206,15,19,22
9162,6,ESCUELA PARTICULAR NUESTRA SRA.DEL PILAR,Particular Subvencionado,Urbano,13,131,13118,Macul,146,39.2592737942949,121,11,10,4
9164,2,LICEO POLITEC.PARTICULAR CARMEN ARRIARAN,Particular Subvencionado,Urbano,13,131,13122,Peñalolén,79,42.5072192243337,44,8,11,16
9165,0,ESCUELA BAS. N_ 850 SANTA SOFIA,Particular Subvencionado,Urbano,13,131,13122,Peñalolén,76,38.0899664680813,65,3,3,5
9168,5,COLEGIO LIBERTADOR SIMON BOLIVAR,Particular Subvencionado,Urbano,13,131,13118,Macul,147,41.0776552656919,95,17,21,14
9171,5,ESCUELA SAN JOSE OBRERO,Particular Subvencionado,Urbano,13,131,13122,Peñalolén,73,41.7802733042817,42,9,6,16
9172,3,COLEGIO POLIV. ROCKET COLLEGE,Particular Subvencionado,Urbano,13,131,13118,Macul,60,41.915100386601,41,0,6,13
9175,8,ESCUELA BASICA COLEGIO SANTA MARTA DE PENALOL,Particular Subvencionado,Urbano,13,131,13122,Peñalolén,49,40.7566970500165,35,2,3,9
9179,0,COLEGIO SANTA MARTA,Particular Subvencionado,Urbano,13,131,13120,Ñuñoa,111,37.3899420230653,98,7,4,2
9182,0,COLEGIO POLIVALENTE YORK,Particular Subvencionado,Urbano,13,131,13122,Peñalolén,82,43.4253080670971,44,7,9,22
9184,7,COLEGIO PRECIOSA SANGRE,Particular Subvencionado,Urbano,13,131,13120,Ñuñoa,84,36.6095860485657,76,1,2,5
9185,5,LICEO SALESIANO CAMILO ORTUZAR MONTT,Particular Subvencionado,Urbano,13,131,13118,Macul,242,38.6073605482966,195,18,17,12
9187,1,ESC. PART. MARTA BRUNET,Particular Subvencionado,Urbano,13,131,13118,Macul,51,41.067391908677,37,4,3,7
9194,4,CENTRO EDUC PROFES GMO GONZALEZ HEINRICH,Particular Subvencionado,Urbano,13,131,13120,Ñuñoa,123,41.032840667297,90,8,11,14
9197,9,ESCUELA PARTICULAR WELCOME SCHOOL,Particular Subvencionado,Urbano,13,131,13122,Peñalolén,152,39.7039357127129,114,11,15,12
9200,2,COLEGIO PARTICULAR JORGE PRIETO LETELIER,Particular Subvencionado,Urbano,13,131,13122,Peñalolén,154,40.6906156558709,111,11,16,16
9201,0,ESCUELA PARTICULAR SANTIAGO DE CHILE,Particular Subvencionado,Urbano,13,131,13122,Peñalolén,40,38.1097934010118,37,0,2,1
9206,1,COLEGIO PARTICULAR NUMERO DOS DE NUÑOA,Particular Subvencionado,Urbano,13,131,13120,Ñuñoa,209,40.9173841052031,142,18,14,35
9208,8,COMPLEJO EDUCACIONAL ESPERANZA,Particular Subvencionado,Urbano,13,131,13118,Macul,144,43.7201869808318,75,15,17,37
9209,6,ESCUELA PARTICULAR SAN JUAN BAUTISTA,Particular Subvencionado,Urbano,13,131,13120,Ñuñoa,87,37.9297461522903,75,3,4,5
9213,4,"COLEGIO, CENTRO EDUC.AMERICO VESPUCIO",Particular Subvencionado,Urbano,13,131,13122,Peñalolén,84,41.2949277721226,58,6,4,16
9282,7,ESCUELA GUARDIAMARINA ERNESTO RIQUELME,Corporación Municipal,Urbano,13,131,13110,La Florida,62,40.2659214622531,44,6,3,9
9283,5,ESCUELA BELLAVISTA,Corporación Municipal,Urbano,13,131,13110,La Florida,298,42.4276562963255,173,33,29,63
9284,3,ESCUELA ELSA SANTIBANEZ,Corporación Municipal,Urbano,13,131,13110,La Florida,144,40.2623370467522,103,18,12,11
9285,1,ESCUELA MARCELA PAZ,Corporación Municipal,Urbano,13,131,13110,La Florida,76,44.0704395249145,41,6,7,22
9288,6,LICEO NUEVO AMANECER,Corporación Municipal,Urbano,13,131,13110,La Florida,68,44.1942843555137,33,6,9,20
9289,4,ESCUELA LAS ARAUCARIAS,Corporación Municipal,Urbano,13,131,13110,La Florida,72,43.1961852807529,39,11,6,16
9290,8,ESCUELA SOTERO DEL RIO,Corporación Municipal,Urbano,13,131,13110,La Florida,52,42.2792698560542,30,5,3,14
9292,4,COMPLEJO EDUC. MUNICIPAL CARDEN.A.SAMORE,Corporación Municipal,Urbano,13,131,13110,La Florida,87,40.9463670315143,64,4,5,14
9293,2,LICEO POLIVALENTE LOS ALMENDROS,Corporación Municipal,Urbano,13,131,13110,La Florida,52,42.1512008837602,33,4,5,10
9294,0,LICEO ANDRES BELLO,Corporación Municipal,Urbano,13,131,13110,La Florida,42,43.5928955297083,23,5,6,8
9296,7,ESCUELA LAS LILAS,Corporación Municipal,Urbano,13,131,13110,La Florida,77,40.9043519311424,55,9,6,7
9298,3,LICEO INDIRA GANDHI,Corporación Municipal,Urbano,13,131,13110,La Florida,73,42.3835428729057,44,7,5,17
9299,1,ESCUELA SANTA IRENE,Corporación Municipal,Urbano,13,131,13110,La Florida,124,43.2000038610111,66,15,16,27
9302,5,ESCUELA LO CANAS,Corporación Municipal,Urbano,13,131,13110,La Florida,60,38.5933850069958,49,3,3,5
9304,1,ESCUELA LOS CEREZOS,Corporación Municipal,Urbano,13,131,13110,La Florida,52,42.5448111758222,25,6,11,10
9307,6,ESCUELA  OSCAR CASTRO,Corporación Municipal,Urbano,13,131,13110,La Florida,48,41.6686106801128,33,8,3,4
9308,4,ESCUELA PARTICULAR UNIDAD DIVINA,Particular Subvencionado,Urbano,13,131,13110,La Florida,88,43.0116507966278,52,4,12,20
9311,4,COLEGIO PARTICULAR ISLA WELLINGTON,Particular Subvencionado,Urbano,13,131,13110,La Florida,34,43.0175575604847,22,2,5,5
9312,2,CHILEAN EAGLES COLLEGE LAS VIZCACHAS,Particular Subvencionado,Urbano,13,132,13201,Puente Alto,268,38.3648059898914,221,24,13,10
9317,3,INSTITUTO LA SALLE,Particular Subvencionado,Urbano,13,131,13110,La Florida,182,36.3516155592241,170,10,2,0
9318,1,COLEGIO MAURICIO RUGENDAS,Particular Subvencionado,Urbano,13,131,13110,La Florida,66,41.1481589087619,38,11,6,11
9324,6,ESCUELA PARTICULAR MSR.DIEGO ROSALES,Particular Subvencionado,Urbano,13,131,13110,La Florida,65,36.9959850664071,60,2,1,2
9328,9,COLEGIO POLIV. SAN SEBASTIAN DE LA FLORIDA,Particular Subvencionado,Urbano,13,131,13110,La Florida,71,40.8543178840447,51,2,7,11
9332,7,COLEGIO SANTA PATRICIA DE LA FLORIDA,Particular Subvencionado,Urbano,13,131,13110,La Florida,117,41.1522536655679,82,14,7,14
9333,5,ESCUELA BÁSICA N°993 ANTONIO BORQUEZ SOLAR,Particular Subvencionado,Urbano,13,131,13110,La Florida,61,44.2364022397671,32,3,8,18
9334,3,COLEGIO PORTALES,Particular Subvencionado,Urbano,13,131,13110,La Florida,128,39.8379114217982,95,9,13,11
9335,1,ESCUELA PARTICULAR LOS COPIHUES,Particular Subvencionado,Urbano,13,131,13110,La Florida,51,38.3823577846442,44,4,1,2
9337,8,ESCUELA PARTICULAR LORD TOMAS COCHRANE,Particular Subvencionado,Urbano,13,131,13110,La Florida,54,42.5412129567232,33,6,2,13
9339,4,ESCUELA Y COLEGIO POLITECNICO LOS HEROES,Particular Subvencionado,Urbano,13,131,13110,La Florida,40,41.5765378156712,31,1,2,6
9340,8,COLEGIO SANTA MARIA,Particular Subvencionado,Urbano,13,131,13110,La Florida,410,36.7912404054525,386,12,9,3
9341,6,ESCUELA PART. JOHN PAUL SCHOOL,Particular Subvencionado,Urbano,13,131,13110,La Florida,73,42.9340709387382,37,10,11,15
9342,4,ESCUELA PARTICULAR LAURA ELGUETA,Particular Subvencionado,Urbano,13,131,13110,La Florida,99,38.9841499201368,76,13,6,4
9345,9,ESCUELA PARTICULAR LOS CASTANOS,Particular Subvencionado,Urbano,13,131,13110,La Florida,96,44.2148102793991,7,0,1,4
9347,5,CENTRO EDUCACIONAL LA FLORIDA,Particular Subvencionado,Urbano,13,131,13110,La Florida,149,37.6537640756327,128,9,4,8
9356,4,COLEGIO PARTICULAR SAN FRANCISCO DE ASIS,Particular Subvencionado,Urbano,13,131,13110,La Florida,235,40.5379388636037,175,24,25,11
9358,0,ESC. PART. SAINT GERMAINE SCHOOL,Particular Subvencionado,Urbano,13,131,13110,La Florida,51,35.5994703124409,49,1,1,0
9362,9,COLEGIO PARTICULAR LA CONCEPCION,Particular Subvencionado,Urbano,13,131,13110,La Florida,148,36.404768586024,142,2,4,0
9363,7,ESC. PART. RAFAEL SOTOMAYOR B.,Particular Subvencionado,Urbano,13,131,13110,La Florida,89,42.0508094989588,49,15,9,16
9366,1,ESCUELA BASICA PARTICULAR PAICAVI  NUM 1,Particular Subvencionado,Urbano,13,131,13110,La Florida,132,39.3545203101963,101,5,12,14
9368,8,ESCUELA PARTICULAR PAPA JUAN PABLO II,Particular Subvencionado,Urbano,13,131,13110,La Florida,48,41.2979770036,32,8,3,5
9369,6,ESCUELA PARTICULAR ROSARIO CONCHA,Particular Subvencionado,Urbano,13,131,13110,La Florida,179,41.2471431279292,123,18,14,24
9373,4,BERNADETTE COLLEGE,Particular Subvencionado,Urbano,13,131,13110,La Florida,122,37.8727738781789,107,8,3,4
9375,0,CENTRO EDUCACIONAL LONDON,Particular Subvencionado,Urbano,13,131,13110,La Florida,75,40.8496825140067,51,3,11,10
9377,7,COLEGIO POLIV. VICENTE VALDES,Particular Subvencionado,Urbano,13,131,13110,La Florida,136,36.607922829519,123,6,2,5
9385,8,COLEGIO LE MONDE,Particular Subvencionado,Urbano,13,131,13110,La Florida,177,39.9664051786886,125,20,11,21
9405,6,LICEO BETSABE HORMAZABAL DE ALARCON,Servicio Local de Educación(SLE),Urbano,13,131,13130,San Miguel,75,41.0793537706145,48,3,7,17
9406,4,LICEO ANDRES BELLO,Servicio Local de Educación(SLE),Urbano,13,131,13130,San Miguel,167,39.6175900054538,126,12,9,20
9410,2,ESCUELA  CONSOLIDADA DAVILA,Servicio Local de Educación(SLE),Urbano,13,131,13121,Pedro Aguirre Cerda,51,44.7401356886965,28,5,2,16
9411,0,CENTRO EDUCACIONAL HORACIO ARAVENA A.,Servicio Local de Educación(SLE),Urbano,13,131,13129,San Joaquín,78,40.1247041787277,56,9,5,8
9413,7,ESCUELA GENERAL BASICA SANTA FE,Servicio Local de Educación(SLE),Urbano,13,131,13130,San Miguel,96,41.7014137911835,63,10,6,17
9414,5,COLEGIO CIUDAD DE FRANKFORT,Servicio Local de Educación(SLE),Urbano,13,131,13129,San Joaquín,122,39.0378138853014,98,4,7,13
9415,3,ESCUELA TERRITORIO ANTARTICO,Servicio Local de Educación(SLE),Urbano,13,131,13130,San Miguel,174,39.0160027160536,141,6,5,22
9416,1,ESCUELA POETAS DE CHILE,Servicio Local de Educación(SLE),Urbano,13,131,13121,Pedro Aguirre Cerda,65,43.5043607136705,33,7,9,16
9418,8,ESCUELA LA VICTORIA,Servicio Local de Educación(SLE),Urbano,13,131,13121,Pedro Aguirre Cerda,69,41.7315605882347,50,5,4,10
9419,6,LICEO MUNICIPAL ENRIQUE BACKAUSSE,Servicio Local de Educación(SLE),Urbano,13,131,13121,Pedro Aguirre Cerda,61,42.8871905345797,38,5,3,15
9421,8,LICEO MUNICIPAL SAN JOAQUIN,Servicio Local de Educación(SLE),Urbano,13,131,13129,San Joaquín,69,42.5443743025631,36,11,8,14
9422,6,ESCUELA CENTRO EDUC. REP. MEXICANA,Servicio Local de Educación(SLE),Urbano,13,131,13121,Pedro Aguirre Cerda,61,42.2436163209764,43,4,1,13
9424,2,ESCUELA BASICA FRAY CAMILO HENRIQUEZ,Servicio Local de Educación(SLE),Urbano,13,131,13129,San Joaquín,116,37.1586023366329,106,4,3,3
9426,9,ESCUELA LLANO SUBERCASEAUX,Servicio Local de Educación(SLE),Urbano,13,131,13130,San Miguel,172,39.6148734663568,135,10,8,19
9428,5,ESCUELA BASICA RICARDO E. LATCHMAN,Servicio Local de Educación(SLE),Urbano,13,131,13121,Pedro Aguirre Cerda,72,41.705234172535,46,6,11,9
9429,3,ESCUELA POETA VICTOR DOMINGO SILVA,Servicio Local de Educación(SLE),Urbano,13,131,13129,San Joaquín,73,38.8159143374902,64,2,0,7
9430,7,CENTRO EDUC. PROVINCIA DE ÑUBLE,Servicio Local de Educación(SLE),Urbano,13,131,13129,San Joaquín,138,37.4086090014395,121,4,5,8
9431,5,ESCUELA VILLA SAN MIGUEL,Servicio Local de Educación(SLE),Urbano,13,131,13130,San Miguel,73,41.0096986579478,49,6,7,11
9433,1,ESCUELA PABLO NERUDA,Servicio Local de Educación(SLE),Urbano,13,131,13130,San Miguel,94,38.9921322433818,78,4,7,5
9437,4,ESC. BAS. Y ESP. SU SANTIDAD JUAN XXIII,Servicio Local de Educación(SLE),Urbano,13,131,13129,San Joaquín,82,43.6495292569782,46,8,5,23
9443,9,ESCUELA BAS. LOS HEROES DE YUNGAY,Servicio Local de Educación(SLE),Urbano,13,131,13111,La Granja,34,38.3370434573694,30,1,1,2
9457,9,ESCUELA BÁSICA POETA NERUDA (EX-483),Servicio Local de Educación(SLE),Urbano,13,131,13129,San Joaquín,71,43.2819521441752,39,7,3,22
9458,7,ESCUELA BOROA,Servicio Local de Educación(SLE),Urbano,13,131,13121,Pedro Aguirre Cerda,74,42.2059191360193,43,5,13,13
9467,6,COLEGIO LA CASTRINA,Particular Subvencionado,Urbano,13,131,13129,San Joaquín,40,41.8507327674322,29,0,2,9
9473,0,ESCUELA BAS.PART.N 23 COLEGIO SANTA ANA,Particular Subvencionado,Urbano,13,131,13130,San Miguel,84,43.8033471044599,44,5,10,25
9484,6,COLEGIO SANTA ROSA,Particular Subvencionado,Urbano,13,131,13130,San Miguel,149,37.4040232852885,123,6,8,12
9486,2,COLEGIO ESPIRITU SANTO DEL VERBO DIVINO,Particular Subvencionado,Urbano,13,131,13129,San Joaquín,160,41.3817010719546,106,12,17,25
9490,0,ESCUELA PARTICULAR LUCILA GODOY,Particular Subvencionado,Urbano,13,131,13130,San Miguel,85,38.8368255404415,69,5,3,8
9500,1,COLEGIO PART. NUESTRA SRA DEL HUERTO,Particular Subvencionado,Urbano,13,131,13129,San Joaquín,73,37.4980045528944,69,2,1,1
9502,8,COLEGIO POLIV.ADVENTISTA SANTIAGO SUR,Particular Subvencionado,Urbano,13,131,13129,San Joaquín,168,36.6029476510117,154,6,4,4
9503,6,ESCUELA PARTICULAR PIO DOCE,Particular Subvencionado,Urbano,13,131,13121,Pedro Aguirre Cerda,81,39.3802855703471,69,7,3,2
9504,4,ESCUELA PARTICULAR Y COLEGIO CHILE,Particular Subvencionado,Urbano,13,131,13130,San Miguel,323,37.9354533808746,271,17,10,25
9505,2,ESCUELA PARTICULAR JOSE A.ALFONSO,Particular Subvencionado,Urbano,13,131,13121,Pedro Aguirre Cerda,179,41.6061386703938,108,20,29,22
9506,0,ESC.BAS.PROFESORA AIDA RAMOS DIAZ,Particular Subvencionado,Urbano,13,131,13121,Pedro Aguirre Cerda,55,39.2733152587572,45,5,4,1
9507,9,ESCUELA PARTICULAR LAURA VICUNA,Particular Subvencionado,Urbano,13,131,13129,San Joaquín,49,41.9246317871093,32,5,4,8
9508,7,COLEGIO PARTICULAR POBL. ALESSANDRI,Particular Subvencionado,Urbano,13,131,13121,Pedro Aguirre Cerda,40,43.8685462253766,18,4,6,12
9510,9,COLEGIO PART. ANTONIO ACEVEDO HERNANDEZ,Particular Subvencionado,Urbano,13,131,13121,Pedro Aguirre Cerda,64,40.4403525410287,45,5,6,8
9511,7,ESCUELA PARTICULAR GRAN AVENIDA,Particular Subvencionado,Urbano,13,131,13130,San Miguel,54,37.5594366846928,48,3,0,3
9518,4,COLEGIO PARTICULAR PADRE FIDEL ABARCA,Particular Subvencionado,Urbano,13,131,13121,Pedro Aguirre Cerda,27,45.1936133388934,12,3,3,9
9519,2,COLEGIO BICENTENARIO SANTO CURA DE ARS,Particular Subvencionado,Urbano,13,131,13130,San Miguel,156,32.1803849311464,156,0,0,0
9527,3,ESCUELA PARTICULAR ECOLE NOEL,Particular Subvencionado,Urbano,13,131,13130,San Miguel,117,34.6601086319098,116,0,0,1
9531,1,ESCUELA PARTICULAR MIGUEL DAVILA,Particular Subvencionado,Urbano,13,131,13121,Pedro Aguirre Cerda,35,47.9118000536244,16,3,2,14
9533,8,ESCUELA BASICA PARTICULAR RAINBOW SCHOOL,Particular Subvencionado,Urbano,13,131,13129,San Joaquín,29,43.7192071887225,16,3,2,8
9534,6,COLEGIO SAN DAMIAN,Particular Subvencionado,Urbano,13,131,13110,La Florida,215,38.6579904150398,180,15,13,7
9539,7,ESC. BAS. N°221 SANTA CATALINA DE SAN MIGUEL,Particular Subvencionado,Urbano,13,131,13130,San Miguel,54,41.7624326301239,36,2,1,15
9544,3,ESCUELA PARTICULAR AMIGOS,Particular Subvencionado,Urbano,13,131,13121,Pedro Aguirre Cerda,77,38.6340523093301,67,6,1,3
9547,8,ESCUELA BAS. PART. QUEEN & FLOWER COLLEGE,Particular Subvencionado,Urbano,13,131,13129,San Joaquín,73,44.5413013610275,35,7,5,26
9551,6,ESCUELA PARTICULAR LA RONDA DE SN.MIGUEL,Particular Subvencionado,Urbano,13,131,13121,Pedro Aguirre Cerda,39,38.8697738589043,32,5,1,1
9553,2,COLEGIO KING´S SCHOOL,Particular Subvencionado,Urbano,13,131,13130,San Miguel,72,36.4432505060766,67,2,2,1
9556,7,ESCUELA PARTICULAR MARQUEZ DE OVANDO,Particular Subvencionado,Urbano,13,131,13121,Pedro Aguirre Cerda,120,37.6589375289665,105,8,2,5
9558,3,ESCUELA PARTICULAR ROCIO DE LOS ANGELES,Particular Subvencionado,Urbano,13,131,13121,Pedro Aguirre Cerda,139,40.2447472516965,108,12,12,7
9564,8,COLEGIO PARROQUIAL SAN MIGUEL,Particular Subvencionado,Urbano,13,131,13130,San Miguel,180,34.7856686251072,171,3,2,4
9570,2,INSTITUTO MIGUEL LEON PRADO,Particular Subvencionado,Urbano,13,131,13130,San Miguel,180,33.6579061706558,179,0,1,0
9572,9,ESCUELA PARTICULAR JAVIERA CARRERA,Particular Subvencionado,Urbano,13,131,13129,San Joaquín,69,42.4169210538422,43,10,9,7
9574,5,ESCUELA BASICA PARTICULAR CAMINITO,Particular Subvencionado,Urbano,13,134,13401,San Bernardo,126,39.3869443509344,92,13,12,9
9585,0,LICEO DOCTOR ALEJANDRO DEL RIO,Servicio Local de Educación(SLE),Urbano,13,131,13111,La Granja,37,41.821062576568,21,6,2,8
9586,9,LICEO MUNICIPALIZADO ARAUCANIA,Servicio Local de Educación(SLE),Urbano,13,131,13131,San Ramón,60,44.2419186434246,27,6,7,20
9587,7,LICEO MALAQUIAS CONCHA,Servicio Local de Educación(SLE),Urbano,13,131,13111,La Granja,78,40.8318331613757,54,8,8,8
9588,5,ESCUELA BAS. TECNO SUR,Servicio Local de Educación(SLE),Urbano,13,131,13111,La Granja,48,42.0924525680953,30,6,6,6
9590,7,ESCUELA BELGICA,Servicio Local de Educación(SLE),Urbano,13,131,13111,La Granja,29,40.9185832741156,21,1,3,4
9591,5,LICEO N523,Servicio Local de Educación(SLE),Urbano,13,131,13112,La Pintana,67,40.4861414417812,50,6,4,7
9592,3,ESCUELA BASICA SENDERO DEL SABER,Servicio Local de Educación(SLE),Urbano,13,131,13131,San Ramón,79,41.5198570154646,47,7,7,18
9593,1,ESCUELA BASICA EDUCADORES DE CHILE,Servicio Local de Educación(SLE),Urbano,13,131,13131,San Ramón,48,37.997427130703,39,3,4,2
9595,8,ESCUELA CAPITAN AVALOS,Servicio Local de Educación(SLE),Urbano,13,131,13112,La Pintana,71,40.5094899479273,49,9,6,7
9597,4,ESCUELA PABLO DE ROKHA,Servicio Local de Educación(SLE),Urbano,13,131,13112,La Pintana,51,43.8029925992449,23,4,8,16
9598,2,ESCUELA MUNICIPAL VIOLETA PARRA,Servicio Local de Educación(SLE),Urbano,13,131,13112,La Pintana,67,41.8070755381413,41,6,7,13
9599,0,LICEO MUNICIPAL PURKUYEN,Servicio Local de Educación(SLE),Urbano,13,131,13131,San Ramón,58,45.8918009582021,22,4,3,29
9600,8,ESCUELA NANIHUE,Servicio Local de Educación(SLE),Urbano,13,131,13131,San Ramón,56,41.9801005565548,33,7,6,10
9602,4,COLEGIO NERUDA,Servicio Local de Educación(SLE),Urbano,13,131,13112,La Pintana,77,42.264191181101,44,8,13,12
9604,0,LICEO MUNICIPALIZADO CENT.ED. LA PINTANA,Servicio Local de Educación(SLE),Urbano,13,131,13112,La Pintana,114,42.8953973740797,73,12,6,23
9605,9,COLEGIO MUNICIPAL PROCERES DE CHILE,Servicio Local de Educación(SLE),Urbano,13,131,13111,La Granja,55,39.6412344451447,44,2,5,4
9606,7,ESCUELA BAS. LA ARAUCANIA,Servicio Local de Educación(SLE),Urbano,13,131,13111,La Granja,56,39.9921251288036,41,8,2,5
9609,1,ESCUELA BAS. SANITAS,Servicio Local de Educación(SLE),Urbano,13,131,13111,La Granja,71,42.296512420115,40,8,6,17
9610,5,ESCUELA BAS. POETA OSCAR CASTRO ZUNIGA,Servicio Local de Educación(SLE),Urbano,13,131,13111,La Granja,93,42.0620583456456,53,12,11,17
9611,3,ESCUELA BASICA TUPAHUE,Servicio Local de Educación(SLE),Urbano,13,131,13131,San Ramón,40,41.5308743007463,27,5,3,5
9612,1,ESCUELA BASICA ISLAS DE CHILE,Servicio Local de Educación(SLE),Urbano,13,131,13111,La Granja,46,39.6241748518671,35,1,7,3
9614,8,ESCUELA BASICA KARELMAPU,Servicio Local de Educación(SLE),Urbano,13,131,13131,San Ramón,42,43.9281427142148,19,2,5,16
9616,4,LICEO VICTOR JARA,Servicio Local de Educación(SLE),Urbano,13,131,13112,La Pintana,100,40.0099877014122,71,10,8,11
9617,2,LICEO MUNICIPAL LA GRANJA POETA NERUDA,Servicio Local de Educación(SLE),Urbano,13,131,13111,La Granja,97,43.7594570295025,47,11,8,31
9618,0,ESCUELA BAS. BENJAMIN SUBERCASEAUX,Servicio Local de Educación(SLE),Urbano,13,131,13111,La Granja,170,42.982755285719,92,16,25,37
9620,2,ESCUELA BASICA JUAN DE DIOS ALDEA,Servicio Local de Educación(SLE),Urbano,13,131,13112,La Pintana,73,42.0444225154259,48,4,4,17
9625,3,ESCUELA BASICA VILLA LA CULTURA,Servicio Local de Educación(SLE),Urbano,13,131,13131,San Ramón,55,40.8566245695359,38,2,5,10
9629,6,ESCUELA BASICA ALIVEN,Servicio Local de Educación(SLE),Urbano,13,131,13131,San Ramón,55,42.4109775155799,32,6,9,8
9634,2,COLEGIO MARISTA MARCELINO CHAMPAGNAT,Particular Subvencionado,Urbano,13,131,13112,La Pintana,348,39.6836564243706,251,26,32,39
9636,9,CHILEAN EAGLES COLLEGE-LA PINTANA,Particular Subvencionado,Urbano,13,131,13112,La Pintana,213,42.508938098545,125,23,21,44
9637,7,COLEGIO CHRISTIAN GARDEN SCHOOL,Particular Subvencionado,Urbano,13,131,13111,La Granja,264,37.8490042204756,213,17,14,20
9638,5,COLEGIO POLIVALENTE PADRE ESTEBAN GUMUCIO VIVES,Particular Subvencionado,Urbano,13,131,13111,La Granja,89,36.8485449298333,79,3,3,4
9639,3,ESCUELA PARTICULAR EMA DIAZ SIERRA,Particular Subvencionado,Urbano,13,131,13131,San Ramón,79,43.1835517899323,47,6,7,19
9642,3,ESCUELA PARTICULAR TTE.DAGOBERTO GODOY,Particular Subvencionado,Urbano,13,131,13111,La Granja,283,39.6498228108358,207,21,26,29
9647,4,LICEO BICENTENARIO SAN FRANCISCO,Particular Subvencionado,Urbano,13,131,13131,San Ramón,264,39.5309226081222,192,20,27,25
9648,2,ESCUELA PARTICULAR FRANCISCO DE MIRANDA,Particular Subvencionado,Urbano,13,131,13131,San Ramón,45,40.1231242963662,30,1,6,8
9653,9,ESCUELA BASICA PRESBITERIANA EL SALVADOR,Particular Subvencionado,Urbano,13,131,13111,La Granja,55,38.7340167257853,46,4,2,3
9654,7,ESCUELA PARTICULAR FRANCISCO RAMIREZ,Particular Subvencionado,Urbano,13,131,13131,San Ramón,254,39.1972279288752,206,29,13,6
9655,5,ESCUELA PARTICULAR CLAUDIO MATTE,Particular Subvencionado,Urbano,13,131,13111,La Granja,178,42.3169004607002,99,27,23,29
9656,3,ESCUELA PARTICULAR PDTE.JOSE J.PRIETO,Particular Subvencionado,Urbano,13,131,13112,La Pintana,266,39.60224798979,215,23,12,16
9659,8,ESCUELA COLEGIO ALBERTO BLEST GANA,Particular Subvencionado,Urbano,13,131,13131,San Ramón,267,37.4669544334947,235,10,8,14
9660,1,ESCUELA PARTIC PARROQUIAL DOMINGO SAVIO,Particular Subvencionado,Urbano,13,131,13131,San Ramón,177,41.3254052810746,114,30,11,22
9663,6,ESCUELA PARTICULAR ELSA RAMIREZ,Particular Subvencionado,Urbano,13,131,13131,San Ramón,71,41.5548580902495,48,6,5,12
9665,2,CENTRO EDUCACIONAL SANTA ROSA DEL SUR,Particular Subvencionado,Urbano,13,131,13112,La Pintana,139,38.3661068285879,116,13,4,6
9666,0,ESC. PART. CELESTIN FREINET,Particular Subvencionado,Urbano,13,131,13112,La Pintana,75,42.1409315197048,52,5,10,8
9668,7,COLEGIO OSCAR SALINAS,Particular Subvencionado,Urbano,13,131,13112,La Pintana,118,46.0166888033306,49,6,19,44
9669,5,COLEGIO NUESTRO MUNDO,Particular Subvencionado,Urbano,13,131,13131,San Ramón,58,40.6325306140949,39,9,3,7
9673,3,ESCUELA PARTICULAR ARTURO MATTE LARRAIN,Particular Subvencionado,Urbano,13,131,13131,San Ramón,264,42.7080978116185,151,24,33,56
9674,1,ESCUELA BASICA ALAS DE AGUILA,Particular Subvencionado,Urbano,13,131,13131,San Ramón,44,42.4710126784605,27,3,6,8
9676,8,ESCUELA PARTICULAR SAN MARCELO,Particular Subvencionado,Urbano,13,131,13111,La Granja,136,37.4993756798513,120,11,2,3
9680,6,COMPLEJO EDUC.STA.RITA DE CASIA-ANEXO 1,Particular Subvencionado,Urbano,13,131,13112,La Pintana,44,48.5492406262688,4,1,10,29
9684,9,COLEGIO SAN GREGORIO DE LA SALLE,Particular Subvencionado,Urbano,13,131,13111,La Granja,168,40.3281497119569,117,18,21,12
9685,7,ESCUELA BASICA PARTIC ESTRELLA DE CHILE,Particular Subvencionado,Urbano,13,131,13111,La Granja,52,36.7915658528844,47,1,3,1
9695,4,LICEO POLIVALENTE EUGENIO PEREIRA SALAS,Servicio Local de Educación(SLE),Urbano,13,131,13121,Pedro Aguirre Cerda,74,44.7014771734559,34,4,12,24
9697,0,LICEO POLIVALENTE,Servicio Local de Educación(SLE),Urbano,13,131,13116,Lo Espejo,55,41.619832469887,38,2,6,9
9698,9,ESCUELA BASICA AVIADORES,Servicio Local de Educación(SLE),Urbano,13,131,13105,El Bosque,79,40.1339895737629,62,6,3,8
9699,7,COLEGIO NACIONES UNIDAS,Servicio Local de Educación(SLE),Urbano,13,131,13109,La Cisterna,66,39.364310157653,52,2,7,5
9700,4,COLEGIO PALESTINO,Servicio Local de Educación(SLE),Urbano,13,131,13109,La Cisterna,85,42.2977489148109,48,12,8,17
9701,2,LICEO POLIVALENTE OLOF PALME,Servicio Local de Educación(SLE),Urbano,13,131,13109,La Cisterna,80,43.125587624917,45,5,9,21
9702,0,ESCUELA BASICA MARIO ARCE GATICA,Servicio Local de Educación(SLE),Urbano,13,131,13105,El Bosque,53,44.1385792982042,29,4,4,16
9703,9,ESCUELA ESPERANZA JOVEN,Servicio Local de Educación(SLE),Urbano,13,131,13109,La Cisterna,73,38.4693178201121,62,5,2,4
9704,7,ESCUELA LO VALLEDOR,Servicio Local de Educación(SLE),Urbano,13,131,13121,Pedro Aguirre Cerda,34,41.8203512350368,23,2,3,6
9705,5,ESCUELA BASICA SALOMON SACK,Servicio Local de Educación(SLE),Urbano,13,131,13116,Lo Espejo,48,42.549218530471,30,4,2,12
9706,3,ESCUELA BAS. OSCAR ENCALADA YOVANOVICH,Servicio Local de Educación(SLE),Urbano,13,131,13109,La Cisterna,74,41.2632491122933,52,7,4,11
9709,8,ESCUELA BLUE STAR COLLEGE,Servicio Local de Educación(SLE),Urbano,13,131,13116,Lo Espejo,32,38.4095972767865,26,3,2,1
9710,1,ESCUELA BASICA SANTA ADRIANA,Servicio Local de Educación(SLE),Urbano,13,131,13116,Lo Espejo,44,41.0609598819926,32,2,5,5
9713,6,COMPLEJO EDUCACIONAL FELIPE HERRERA LANE,Servicio Local de Educación(SLE),Urbano,13,131,13105,El Bosque,38,41.7296540181309,28,2,3,5
9714,4,ESCUELA BASICA JOSE MARTI,Servicio Local de Educación(SLE),Urbano,13,131,13105,El Bosque,85,39.8120802361807,69,6,5,5
9715,2,ESCUELA BASICA VILLA SANTA ELENA,Servicio Local de Educación(SLE),Urbano,13,131,13105,El Bosque,52,44.8042934468243,25,4,8,15
9716,0,ESCUELA BASICA ACAPULCO,Servicio Local de Educación(SLE),Urbano,13,131,13116,Lo Espejo,53,40.8577185469395,38,7,2,6
9717,9,ESCUELA CIUDAD DE LYON,Servicio Local de Educación(SLE),Urbano,13,131,13105,El Bosque,57,44.0097157888939,31,1,8,17
9718,7,ESCUELA BASICA PAUL HARRIS,Servicio Local de Educación(SLE),Urbano,13,131,13105,El Bosque,53,40.0776758448112,38,3,4,8
9719,5,ESCUELA BASICA,Servicio Local de Educación(SLE),Urbano,13,131,13116,Lo Espejo,56,39.7618034638071,41,4,6,5
9720,9,COLEGIO HERNAN OLGUIN,Servicio Local de Educación(SLE),Urbano,13,131,13116,Lo Espejo,128,41.9038839826968,86,8,7,27
9721,7,ESCUELA NEMESIO ANTUNEZ,Servicio Local de Educación(SLE),Urbano,13,131,13105,El Bosque,62,40.7464868160166,45,4,8,5
9722,5,LICEO PORTAL DE LA CISTERNA,Servicio Local de Educación(SLE),Urbano,13,131,13109,La Cisterna,95,44.5951621254229,48,9,6,32
9726,8,LICEO TENIENTE FRANCISCO MERY AGUIRRE,Servicio Local de Educación(SLE),Urbano,13,131,13116,Lo Espejo,62,42.8833203925746,38,9,3,12
9727,6,ESCUELA CIUDAD DE BARCELONA,Servicio Local de Educación(SLE),Urbano,13,131,13121,Pedro Aguirre Cerda,49,41.5353188418739,33,2,3,11
9729,2,ESCUELA VILLA SUR,Servicio Local de Educación(SLE),Urbano,13,131,13121,Pedro Aguirre Cerda,56,39.4056401706547,44,3,2,7
9730,6,COLEGIO ANTU,Servicio Local de Educación(SLE),Urbano,13,131,13109,La Cisterna,71,40.6721422346946,53,3,2,13
9733,0,ESCUELA BASICA CLARA  ESTRELLA,Servicio Local de Educación(SLE),Urbano,13,131,13116,Lo Espejo,78,39.9044336145635,56,6,6,10
9734,9,ESCUELA  RAUL SAEZ SAEZ,Servicio Local de Educación(SLE),Urbano,13,131,13116,Lo Espejo,68,41.3166355420715,45,4,2,17
9736,5,ESCUELA BASICA BERNARDO O´HIGGINS,Servicio Local de Educación(SLE),Urbano,13,131,13116,Lo Espejo,57,41.7955663806472,33,8,8,8
9738,1,COLEGIO PARQUE LAS AMERICAS,Servicio Local de Educación(SLE),Urbano,13,131,13121,Pedro Aguirre Cerda,58,42.2949807884092,33,9,9,7
9740,3,ESCUELA BASICA REPUBLICA DE LAS FILIPINAS,Servicio Local de Educación(SLE),Urbano,13,131,13116,Lo Espejo,43,42.9096637978723,25,3,4,11
9741,1,ESCUELA BASICA COEDUCACIONAL,Servicio Local de Educación(SLE),Urbano,13,131,13116,Lo Espejo,57,42.1581787904396,36,11,2,8
9750,0,COLEGIO LO ESPEJO,Particular Subvencionado,Urbano,13,131,13116,Lo Espejo,72,39.2868133089379,55,6,4,7
9757,8,CENTRO EDUCACIONAL SANTA CLARA,Particular Subvencionado,Urbano,13,131,13109,La Cisterna,168,39.427909994245,133,9,10,16
9758,6,COLEGIO SANTA ISABEL DE HUNGRIA,Particular Subvencionado,Urbano,13,131,13109,La Cisterna,173,38.5608500592933,138,12,16,7
9759,4,LICEO LAURA VICUNA,Particular Subvencionado,Urbano,13,131,13109,La Cisterna,89,35.2793158014572,84,3,2,0
9766,7,COLEGIO SANTA MARIA DE LOS ANGELES,Particular Subvencionado,Urbano,13,131,13109,La Cisterna,90,35.212081593021,84,3,3,0
9767,5,LICEO MADRE CECILIA LAZZERI,Particular Subvencionado,Urbano,13,131,13109,La Cisterna,175,36.5870278852497,159,13,3,0
9768,3,ESCUELA Y LICEO LIAHONA,Particular Subvencionado,Urbano,13,131,13105,El Bosque,257,37.1099115788588,230,12,8,7
9771,3,CHILEAN EAGLES COLLEGE - LA CISTERNA,Particular Subvencionado,Urbano,13,131,13109,La Cisterna,85,38.784984490483,67,9,6,3
9778,0,ESCUELA JOSE ABELARDO NUNEZ Nº 1,Particular Subvencionado,Urbano,13,131,13105,El Bosque,234,40.5638605217227,163,27,21,23
9780,2,COLEGIO TENIENTE DAGOBERTO GODOY,Particular Subvencionado,Urbano,13,131,13105,El Bosque,211,41.5668336274517,131,14,18,48
9781,0,CENTRO POLITECNICO PARTICULAR SAN RAMON,Particular Subvencionado,Urbano,13,131,13109,La Cisterna,32,43.1451034820462,20,3,3,6
9786,1,ROSA MARCKMANN DE GONZALEZ,Particular Subvencionado,Urbano,13,131,13109,La Cisterna,160,42.4668068078997,100,23,12,25
9788,8,ESCUELA PARTICULAR GRACIELA L.DE IBANEZ,Particular Subvencionado,Urbano,13,131,13109,La Cisterna,115,42.3418340371049,69,7,14,25
9789,6,ESCUELA PARTICULAR PABLO GOYENECHE IVER,Particular Subvencionado,Urbano,13,131,13109,La Cisterna,45,39.5534891045281,34,7,1,3
9796,9,ESC. PART.ADVENTISTA BUENAVENTURA,Particular Subvencionado,Urbano,13,131,13116,Lo Espejo,144,38.383887715437,125,8,4,7
9797,7,COLEGIO ADVENTISTA LA CISTERNA,Particular Subvencionado,Urbano,13,131,13109,La Cisterna,92,36.707977048176,84,4,3,1
9799,3,COMPLEJO EDUC.PART.MONSENOR LUIS A.PEREZ,Particular Subvencionado,Urbano,13,131,13121,Pedro Aguirre Cerda,344,41.9344833503989,211,35,50,48
9800,0,ESCUELA BAS. ROSA ELVIRA MATTE DE PRIETO,Particular Subvencionado,Urbano,13,131,13116,Lo Espejo,182,43.2626487530303,97,23,25,37
9801,9,COLEGIO POLIV. SAINT ORLAND,Particular Subvencionado,Urbano,13,131,13109,La Cisterna,136,40.7494158156473,99,9,6,22
9803,5,ESCUELA PARTICULAR HISPANO AMERICANO,Particular Subvencionado,Urbano,13,131,13105,El Bosque,63,40.6158955473745,45,5,8,5
9805,1,ESCUELA PARTICULAR CAMPANITA,Particular Subvencionado,Urbano,13,131,13105,El Bosque,75,37.9307845918799,61,5,4,5
9808,6,ESCUELA PARTICULAR GUIA ESTUDIANTIL,Particular Subvencionado,Urbano,13,131,13109,La Cisterna,68,42.6269544087819,39,7,5,17
9809,4,ESCUELA PARTICULAR SAINT PHILLIP OF NERY,Particular Subvencionado,Urbano,13,131,13109,La Cisterna,55,38.2395359791844,44,2,5,4
9810,8,LICEO POLITECNICO PART.SAGRADO CORAZON,Particular Subvencionado,Urbano,13,131,13116,Lo Espejo,153,40.6582077634617,111,15,11,16
9811,6,ESCUELA PART. REPUBLICA ALEMANIA FEDERAL,Particular Subvencionado,Urbano,13,131,13109,La Cisterna,369,36.3625482064298,333,10,10,16
9816,7,ESCUELA PARTICULAR STA.MARIA MAZZARELLO,Particular Subvencionado,Urbano,13,131,13105,El Bosque,80,40.5138844198969,62,2,5,11
9817,5,COLEGIO PARTICULAR KENNEDY,Particular Subvencionado,Urbano,13,131,13116,Lo Espejo,70,40.3229645373697,54,9,4,3
9824,8,COMPLEJO EDUCACIONAL STELLA MARIS,Particular Subvencionado,Urbano,13,131,13105,El Bosque,176,37.7961411201124,153,12,7,4
9827,2,COLEGIO IDOP LIMITADA,Particular Subvencionado,Urbano,13,131,13109,La Cisterna,91,37.936086344491,79,5,2,5
9828,0,COLEGIO SOL DE CHILE,Particular Subvencionado,Urbano,13,131,13116,Lo Espejo,87,45.332557911683,34,8,16,29
9834,5,COLEGIO POLITEC. MARIA GRISELDA VALLE S.,Particular Subvencionado,Urbano,13,131,13105,El Bosque,254,43.6068233409893,134,30,35,55
9841,8,ESCUELA PARTICULAR MIGUEL DE CERVANTES,Particular Subvencionado,Urbano,13,131,13105,El Bosque,175,41.3639460504776,113,12,22,28
9844,2,COLEGIO EL ALMENDRO,Particular Subvencionado,Urbano,13,131,13105,El Bosque,156,40.2491423493247,120,10,10,16
9845,0,COLEGIO GRACE SCHOOL,Particular Subvencionado,Urbano,13,131,13121,Pedro Aguirre Cerda,171,37.7013886850077,155,9,5,2
9847,7,ESCUELA PARTICULAR KAROL C.DE CRACOVIA,Particular Subvencionado,Urbano,13,131,13121,Pedro Aguirre Cerda,184,38.0278864347711,161,14,4,5
9850,7,ESCUELA PARTICULAR LOS LAGOS CHILE,Particular Subvencionado,Urbano,13,131,13105,El Bosque,96,48.6610661022528,7,1,3,8
9852,3,ESCUELA PARTICULAR VILLA EL SOL,Particular Subvencionado,Urbano,13,131,13105,El Bosque,234,38.307354944114,191,12,13,18
9853,1,COLEGIO POLIV. SAINT TRINITY COLLEGE,Particular Subvencionado,Urbano,13,131,13116,Lo Espejo,84,44.0563843619798,41,12,9,22
9859,0,COLEGIO PARTICULAR VILLA JESUS,Particular Subvencionado,Urbano,13,131,13109,La Cisterna,138,38.2383836124796,121,9,3,5
9861,2,CENTRO EDUC.MUNIC. DR. AMADOR NEGHME RODRIGUEZ,Servicio Local de Educación(SLE),Urbano,13,131,13106,Estación Central,146,43.1475809094704,86,10,10,40
9863,9,LICEO SANTIAGO BUERAS Y AVARIA,Servicio Local de Educación(SLE),Urbano,13,131,13119,Maipú,89,38.8205642109459,73,5,5,6
9864,7,LICEO JOSE IGNACIO ZENTENO,Servicio Local de Educación(SLE),Urbano,13,131,13119,Maipú,49,39.7053892811661,39,3,1,6
9865,5,LICEO POLIVALENTE DR. LUIS VARGAS SALCEDO,Servicio Local de Educación(SLE),Urbano,13,131,13102,Cerrillos,72,41.3342613290109,51,4,6,11
9867,1,CENTRO DE EDUC. TECN.PROFESIONAL CODEDUC,Servicio Local de Educación(SLE),Urbano,13,131,13119,Maipú,71,39.612650962848,57,4,4,6
9869,8,ESCUELA BASICA REPUBLICA DE FRANCIA,Servicio Local de Educación(SLE),Urbano,13,131,13106,Estación Central,62,43.2446656407357,34,4,4,20
9870,1,ESCUELA BASICA CONDORES DE PLATA,Servicio Local de Educación(SLE),Urbano,13,131,13102,Cerrillos,70,40.9960215868602,56,5,3,6
9872,8,ESCUELA BASICA PROF.RAMON DEL RIO,Servicio Local de Educación(SLE),Urbano,13,131,13106,Estación Central,72,40.9479662735275,45,7,4,16
9873,6,ESCUELA BASICA PACTO ANDINO,Servicio Local de Educación(SLE),Urbano,13,131,13106,Estación Central,148,41.7392361208134,95,13,15,25
9874,4,ESCUELA LOTHAR KOMMER BRUGER,Servicio Local de Educación(SLE),Urbano,13,131,13102,Cerrillos,71,39.882071327085,49,9,4,9
9875,2,ESCUELA CERRILLOS,Servicio Local de Educación(SLE),Urbano,13,131,13102,Cerrillos,111,41.7899601120588,76,7,13,15
9876,0,ESCUELA GENERAL SAN MARTIN,Servicio Local de Educación(SLE),Urbano,13,131,13119,Maipú,121,40.5515904699122,81,13,12,15
9877,9,ESCUELA GENERAL OHIGGINS,Servicio Local de Educación(SLE),Urbano,13,131,13119,Maipú,82,40.7053253127265,65,6,3,8
9878,7,ESCUELA PRESIDENTE RIESCO ERRAZURIZ,Servicio Local de Educación(SLE),Urbano,13,131,13119,Maipú,176,38.0323701763461,147,11,10,8
9879,5,ESCUELA BASICA CAROLINA VERGARA AYARES,Servicio Local de Educación(SLE),Urbano,13,131,13106,Estación Central,67,42.2811404577455,41,7,13,6
9880,9,ESCUELA  BASICA  ESTADO  DE  PALESTINA,Servicio Local de Educación(SLE),Urbano,13,131,13106,Estación Central,65,40.2228978248878,51,1,3,10
9881,7,ESCUELA VICENTE REYES PALAZUELOS,Servicio Local de Educación(SLE),Urbano,13,131,13119,Maipú,132,40.658161853867,94,8,8,22
9882,5,ESCUELA J.PRIETO VIAL,Servicio Local de Educación(SLE),Urbano,13,131,13102,Cerrillos,90,40.7485339149823,70,7,4,9
9883,3,ESCUELA BÁSICA N 263 RAMON FREIRE,Servicio Local de Educación(SLE),Urbano,13,131,13119,Maipú,114,39.0866987986267,92,6,8,8
9884,1,ESCUELA LEON HUMBERTO VALENZUELA,Servicio Local de Educación(SLE),Urbano,13,131,13119,Maipú,105,38.5235312945206,93,2,3,7
9886,8,ESCUELA ESTRELLA REINA DE CHILE,Servicio Local de Educación(SLE),Urbano,13,131,13102,Cerrillos,61,41.014305417664,44,4,4,9
9888,4,ESCUELA SANTA ADELA,Servicio Local de Educación(SLE),Urbano,13,131,13102,Cerrillos,76,40.856942988691,54,9,11,2
9889,2,LICEO REINO DE DINAMARCA,Servicio Local de Educación(SLE),Urbano,13,131,13119,Maipú,102,41.7326125157059,61,11,11,19
9890,6,ESCUELA TOMAS VARGAS,Servicio Local de Educación(SLE),Urbano,13,131,13119,Maipú,103,40.836949339796,79,7,10,7
9891,4,REPUBLICA DE GUATEMALA,Servicio Local de Educación(SLE),Urbano,13,131,13119,Maipú,94,34.1435952348431,94,0,0,0
9892,2,ESCUELA LAS AMERICAS,Servicio Local de Educación(SLE),Urbano,13,131,13119,Maipú,159,39.6144223390698,109,7,17,26
9895,7,ESCUELA BASICA REINA DE SUECIA,Servicio Local de Educación(SLE),Urbano,13,131,13119,Maipú,119,39.8370478142759,100,5,2,12
9896,5,LICEO MAIPÚ DE LAS ARTES Y LA TECNOLOGÍA,Servicio Local de Educación(SLE),Urbano,13,131,13119,Maipú,60,41.1771132564649,44,3,6,7
9900,7,COLEGIO BICENTENARIO DE EXCELENCIA POLITECNICO ALEMAN ALBERT EINSTEIN,Particular Subvencionado,Urbano,13,131,13102,Cerrillos,91,43.6264327206902,50,9,6,26
9903,1,COLEGIO LOS CONQUISTADORES,Particular Subvencionado,Urbano,13,131,13102,Cerrillos,168,37.9989802704273,148,6,10,4
9905,8,LICEO SAN PEDRO POVEDA,Particular Subvencionado,Urbano,13,131,13119,Maipú,168,36.9927851840172,149,5,5,9
9906,6,COLEGIO INSTITUTO AMERICA,Particular Subvencionado,Urbano,13,131,13119,Maipú,107,37.4153980900569,97,2,4,4
9907,4,COLEGIO POLIVALENTE CAMILO HENRIQUEZ,Particular Subvencionado,Urbano,13,131,13119,Maipú,176,37.7310660765243,145,13,16,2
9909,0,CENTRO EDUCACIONAL PIAMARTINO CAROLINA LLONA DE CUEVAS,Particular Subvencionado,Urbano,13,131,13119,Maipú,211,39.2441114080399,167,18,11,15
9910,4,COLEGIO PARTICULAR SAN FELIX,Particular Subvencionado,Urbano,13,131,13119,Maipú,70,39.3030934145158,50,7,3,10
9911,2,COLEGIO DE LA PROVIDENCIA C.LARRAIN DE I,Particular Subvencionado,Urbano,13,131,13119,Maipú,171,35.6767859154438,153,11,2,5
9912,0,COLEGIO PART. ASCENSION NICOL,Particular Subvencionado,Urbano,13,131,13106,Estación Central,158,37.6798178489045,141,8,4,5
9917,1,COLEGIO POLIVALENTE PATRICIO MEKIS,Particular Subvencionado,Urbano,13,131,13119,Maipú,257,44.9944068451248,113,19,39,86
9919,8,COLEGIO PARTICULAR MATER DEI,Particular Subvencionado,Urbano,13,131,13102,Cerrillos,139,35.0382034631196,133,4,0,2
9924,4,COLEGIO ALBERTO PEREZ,Particular Subvencionado,Urbano,13,131,13119,Maipú,204,37.9908830051645,180,9,11,4
9926,0,COLEGIO SOFIA INFANTE HURTADO,Particular Subvencionado,Urbano,13,131,13119,Maipú,158,38.7506742023889,129,9,8,12
9930,9,ESCUELA PARTICULAR JOSE ANTONIO LECAROS,Particular Subvencionado,Urbano,13,131,13106,Estación Central,83,39.43080812919,70,1,6,6
9937,6,LICEO MATER PURISSIMA,Particular Subvencionado,Urbano,13,131,13119,Maipú,134,36.2776678964418,127,4,1,2
9939,2,ESCUELA BASICA CAMPOS DE MAIPU-CERRILLOS,Particular Subvencionado,Urbano,13,131,13102,Cerrillos,194,41.7310558296759,127,13,19,35
9940,6,ESCUELA LICEO MADRE VICENCIA,Particular Subvencionado,Urbano,13,131,13106,Estación Central,237,35.905630522536,223,4,6,4
9942,2,"ESCUELA, COLEGIO POLITEC.H.DE MAGALLANES",Particular Subvencionado,Urbano,13,131,13106,Estación Central,82,45.4050496092471,42,7,9,24
9945,7,COLEGIO ELLEN COLLEGE,Particular Subvencionado,Urbano,13,131,13119,Maipú,59,41.788425725382,39,7,2,11
9947,3,COLEGIO INDUSTRIAL PART. DON ORIONE,Particular Subvencionado,Urbano,13,131,13102,Cerrillos,297,41.5405633535716,187,45,31,34
9948,1,ESCUELA PARTICULAR SAINT RODRIC COLLEGE,Particular Subvencionado,Urbano,13,131,13102,Cerrillos,33,37.7164639716435,29,0,3,1
9950,3,COLEGIO EL REDENTOR,Particular Subvencionado,Urbano,13,131,13119,Maipú,142,41.7232719358153,85,13,16,28
9953,8,CENTRO EDUCACIONAL SAN ANDRES,Particular Subvencionado,Urbano,13,131,13119,Maipú,57,36.4305349831395,55,1,0,1
9955,4,COLEGIO ROSITA SANCHEZ,Particular Subvencionado,Urbano,13,131,13119,Maipú,88,41.7904678776456,52,5,11,20
9959,7,COMPLEJO EDUCACIONAL MAIPU,Particular Subvencionado,Urbano,13,131,13119,Maipú,586,39.5368014792937,443,46,42,55
9960,0,ESCUELA PARTICULAR VILLA ESPANA,Particular Subvencionado,Urbano,13,131,13106,Estación Central,70,34.7057957415248,70,0,0,0
9967,8,ESCUELA PARTICULAR RUBEN DARIO,Particular Subvencionado,Urbano,13,131,13119,Maipú,113,34.3860456067105,109,2,0,2
9972,4,COLEGIO SAINT MAURICE S,Particular Subvencionado,Urbano,13,131,13102,Cerrillos,96,38.6426685339941,77,4,4,11
9973,2,COLEGIO SANTA URSULA,Particular Subvencionado,Urbano,13,131,13119,Maipú,64,38.5240982541743,52,4,6,2
9979,1,COLEGIO PETER COLLEGE,Particular Subvencionado,Urbano,13,131,13102,Cerrillos,52,35.5161176830019,48,1,3,0
9987,2,ESCUELA PLATON,Corporación Municipal,Urbano,13,131,13126,Quinta Normal,69,41.9195862612508,50,5,4,10
9991,0,ESCUELA ABATE MOLINA,Corporación Municipal,Urbano,13,131,13126,Quinta Normal,62,42.6649675217511,36,6,7,13
9992,9,ESCUELA DIEGO PORTALES,Corporación Municipal,Urbano,13,131,13126,Quinta Normal,148,43.5487068396193,84,15,14,35
9993,7,ESCUELA INGLATERRA,Corporación Municipal,Urbano,13,131,13126,Quinta Normal,184,41.6789716738711,128,14,9,33
9994,5,ESCUELA ANGELMO,Corporación Municipal,Urbano,13,131,13126,Quinta Normal,78,41.1090036033298,49,13,12,4
9995,3,ESCUELA INSIGNE GABRIELA,Corporación Municipal,Urbano,13,131,13126,Quinta Normal,87,38.6163440930637,72,3,5,7
9996,1,ESCUELA ESPANA,Corporación Municipal,Urbano,13,131,13126,Quinta Normal,54,39.9326648340724,46,0,1,7
9998,8,ESCUELA LO FRANCO,Corporación Municipal,Urbano,13,131,13126,Quinta Normal,180,43.1452122844386,101,18,18,43
9999,6,ESCUELA ANTUMALAL,Corporación Municipal,Urbano,13,131,13126,Quinta Normal,60,42.7308302075643,36,3,7,14
10000,5,ESCUELA CALICANTO,Corporación Municipal,Urbano,13,131,13126,Quinta Normal,138,41.8197621932427,92,5,10,31
10001,3,ESCUELA MEMBRILLAR,Corporación Municipal,Urbano,13,131,13126,Quinta Normal,72,41.1947129168034,46,8,9,9
10005,6,ESCUELA BASICA MUNICIPAL GRENOBLE,Corporación Municipal,Urbano,13,131,13126,Quinta Normal,154,37.6330842162936,134,9,3,8
10006,4,ESCUELA REPUBLICA DE LA INDIA,Corporación Municipal,Urbano,13,131,13126,Quinta Normal,169,43.557641535178,97,12,15,45
10010,2,MUSTAFA KEMAL ATATURK,Servicio Local de Educación(SLE),Urbano,13,131,13117,Lo Prado,68,40.2927143836455,49,8,3,8
10012,9,ESCUELA GIL DE CASTRO,Corporación Municipal,Urbano,13,131,13126,Quinta Normal,56,43.4179068434972,33,3,6,14
10014,5,ESCUELA PARTICULAR ANDRES BELLO,Particular Subvencionado,Urbano,13,131,13126,Quinta Normal,57,39.5124023260312,46,2,3,6
10015,3,ESCUELA OLGA NAVARRO SEPULVEDA,Particular Subvencionado,Urbano,13,131,13126,Quinta Normal,189,37.8179469424038,163,9,14,3
10019,6,ESCUELA PARTICULAR SAN JOSE SCHOOL,Particular Subvencionado,Urbano,13,131,13106,Estación Central,75,38.6993222870296,65,3,1,6
10021,8,ESCUELA PARTICULAR VICTOR HUGO,Particular Subvencionado,Urbano,13,131,13126,Quinta Normal,63,38.8147139689052,55,5,1,2
10023,4,LICEO ALBERTO HURTADO,Particular Subvencionado,Urbano,13,131,13126,Quinta Normal,178,35.6820583711443,162,4,3,9
10026,9,ESCUELA PARTICULAR MONTE GRANDE,Particular Subvencionado,Urbano,13,131,13103,Cerro Navia,119,42.1099365923608,76,6,11,26
10028,5,ESCUELA N°1124 ALIANZA AMERICANA,Particular Subvencionado,Urbano,13,131,13126,Quinta Normal,54,41.6565177805763,37,4,3,10
10030,7,LICEO POLIV.SAN JOSE DE LA PRECIOSA SANG,Particular Subvencionado,Urbano,13,131,13126,Quinta Normal,311,40.374948880762,227,30,22,32
10032,3,ESCUELA BASICA PARTICULAR  Nº 488 `ZENON TORREALBA`,Particular Subvencionado,Urbano,13,131,13126,Quinta Normal,106,40.782459768596,76,7,9,14
10035,8,ESCUELA PARTICULAR NUEVO HORIZONTE,Particular Subvencionado,Urbano,13,131,13126,Quinta Normal,52,39.9254323175884,36,9,4,3
10036,6,ESCUELA PARTICULAR PDTE. ABRAHAM LINCOLN,Particular Subvencionado,Urbano,13,131,13126,Quinta Normal,135,37.8872366334757,120,4,7,4
10041,2,COLEGIO SAINT MARK,Particular Subvencionado,Urbano,13,131,13126,Quinta Normal,61,42.2320902761782,37,4,8,12
10042,0,COLEGIO BICENTENARIO ELVIRA HURTADO DE MATTE DE SANTIAGO,Particular Subvencionado,Urbano,13,131,13126,Quinta Normal,183,36.282191725815,176,5,0,2
10058,7,COLEGIO POLIVALENTE PRINCIPE DE GALES,Particular Subvencionado,Urbano,13,131,13106,Estación Central,181,38.2060175935745,166,4,4,7
10064,1,ESCUELA PARTICULAR MARIA CRISTINA,Particular Subvencionado,Urbano,13,131,13126,Quinta Normal,62,37.732216062741,53,4,4,1
10069,2,COLEGIO MARQUEL,Particular Subvencionado,Urbano,13,131,13126,Quinta Normal,240,41.1515824619621,162,21,19,38
10074,9,ESCUELA ALIANZA,Servicio Local de Educación(SLE),Urbano,13,131,13103,Cerro Navia,42,42.4301488525856,30,5,1,6
10076,5,COMPLEJO EDUCACIONAL PEDRO PRADO,Servicio Local de Educación(SLE),Urbano,13,131,13117,Lo Prado,77,41.0355539798714,57,5,4,11
10080,3,ESCUELA TENIENTE HERNAN MERINO CORREA,Servicio Local de Educación(SLE),Urbano,13,131,13124,Pudahuel,91,41.3791009804494,60,7,8,16
10081,1,ESCUELA ESTRELLA DE CHILE,Servicio Local de Educación(SLE),Urbano,13,131,13124,Pudahuel,204,36.6851170725764,189,6,4,5
10083,8,ESCUELA PRESIDENTE ROOSEVELT,Servicio Local de Educación(SLE),Urbano,13,131,13103,Cerro Navia,91,42.4107370993452,53,9,9,20
10085,4,ESCUELA ESTADO DE FLORIDA,Servicio Local de Educación(SLE),Urbano,13,131,13124,Pudahuel,134,39.6595802667718,98,11,8,17
10086,2,ESCUELA REPUBLICA DE ITALIA,Servicio Local de Educación(SLE),Urbano,13,131,13103,Cerro Navia,46,43.3315523689257,25,4,4,13
10087,0,LICEO REPUBLICA DE CROACIA,Servicio Local de Educación(SLE),Urbano,13,131,13103,Cerro Navia,74,42.815625902787,48,4,2,20
10088,9,ESCUELA HERMINDA DE LA VICTORIA,Servicio Local de Educación(SLE),Urbano,13,131,13103,Cerro Navia,51,40.5535999966105,43,1,2,5
10089,7,ESCUELA JAIME GOMEZ GARCIA,Servicio Local de Educación(SLE),Urbano,13,131,13117,Lo Prado,143,42.1078313494697,80,13,16,34
10090,0,ESCUELA ALEXANDER GRAHAM BELL,Servicio Local de Educación(SLE),Urbano,13,131,13124,Pudahuel,117,38.5510705959,98,5,5,9
10091,9,LICEO PROFESORA GLADYS VALENZUELA,Servicio Local de Educación(SLE),Urbano,13,131,13117,Lo Prado,103,41.165986894265,77,8,1,17
10092,7,ESCUELA GOLDA MEIR,Servicio Local de Educación(SLE),Urbano,13,131,13117,Lo Prado,73,43.0125829974166,40,12,7,14
10093,5,ESCUELA MILLAHUE,Servicio Local de Educación(SLE),Urbano,13,131,13103,Cerro Navia,54,42.7269284813742,31,3,4,16
10095,1,ESCUELA IGNACIO CARRERA PINTO,Servicio Local de Educación(SLE),Urbano,13,131,13117,Lo Prado,30,41.3777307732734,20,2,4,4
10097,8,ESCUELA MARISCAL DE AYACUCHO,Servicio Local de Educación(SLE),Urbano,13,131,13117,Lo Prado,40,41.5841762267168,26,1,4,9
10098,6,ESCUELA PROVINCIA DE ARAUCO,Servicio Local de Educación(SLE),Urbano,13,131,13103,Cerro Navia,58,40.951883326934,44,3,2,9
10099,4,ESCUELA GENERAL RENE ESCAURIAZA,Servicio Local de Educación(SLE),Urbano,13,131,13103,Cerro Navia,62,41.4627334792606,41,4,10,7
10100,1,ESCUELA EL SALITRE,Servicio Local de Educación(SLE),Urbano,13,131,13124,Pudahuel,64,42.4085766789979,42,4,6,12
10102,8,ESCUELA ALBERT EINSTEIN,Servicio Local de Educación(SLE),Urbano,13,131,13124,Pudahuel,55,40.5529076043621,42,3,5,5
10103,6,ESCUELA SOR TERESA DE LOS ANDES,Servicio Local de Educación(SLE),Urbano,13,131,13117,Lo Prado,113,42.7953349581127,68,12,11,22
10104,4,ESCUELA MONSENOR CARLOS OVIEDO,Servicio Local de Educación(SLE),Urbano,13,131,13124,Pudahuel,55,37.3358269019108,52,2,0,1
10105,2,ESCUELA FEDERICO ACEVEDO SALAZAR,Servicio Local de Educación(SLE),Urbano,13,131,13103,Cerro Navia,124,39.3663795523146,100,8,5,11
10106,0,LICEO BICENTENARIO POETA PABLO NERUDA,Servicio Local de Educación(SLE),Urbano,13,131,13117,Lo Prado,142,43.8736536283758,73,12,15,42
10107,9,ESCUELA BASICA PAULO FREIRE,Servicio Local de Educación(SLE),Urbano,13,131,13103,Cerro Navia,54,41.1535754991668,35,5,3,11
10108,7,ESCUELA LEONARDO DA VINCI,Servicio Local de Educación(SLE),Urbano,13,131,13103,Cerro Navia,43,38.8513228244888,37,2,2,2
10109,5,ESCUELA DOCTOR TREVISO GIRARDI TONELLI,Servicio Local de Educación(SLE),Urbano,13,131,13103,Cerro Navia,33,41.0872422476375,23,4,1,5
10113,3,ESCUELA ELVIRA SANTA CRUZ OSSA,Servicio Local de Educación(SLE),Urbano,13,131,13124,Pudahuel,106,38.7857271454017,90,5,2,9
10114,1,ESCUELA BASICA N°389 REPUBLICA DE ESTADOS UNIDOS,Servicio Local de Educación(SLE),Urbano,13,131,13117,Lo Prado,84,42.9506084832962,49,9,7,19
10116,8,COLEGIO NEPTUNO,Servicio Local de Educación(SLE),Urbano,13,131,13103,Cerro Navia,79,40.069838294543,59,7,5,8
10117,6,ESCUELA MARIA LUISA BOMBAL,Servicio Local de Educación(SLE),Urbano,13,131,13103,Cerro Navia,62,41.6814173317315,41,4,6,11
10119,2,ESCUELA POETA VICENTE HUIDOBRO,Servicio Local de Educación(SLE),Urbano,13,131,13117,Lo Prado,102,41.3821160302206,69,7,10,16
10121,4,ESCUELA CIUDAD SANTO DOMINGO DE GUZMAN,Servicio Local de Educación(SLE),Urbano,13,131,13103,Cerro Navia,51,41.9206590699322,29,6,5,11
10122,2,ESCUELA PROF. MANUEL GUERRERO CEBALLOS,Servicio Local de Educación(SLE),Urbano,13,131,13103,Cerro Navia,103,41.8402979422029,72,7,11,13
10123,0,ESCUELA BASICA MELVIN JONES,Servicio Local de Educación(SLE),Urbano,13,131,13124,Pudahuel,76,37.7783618221318,61,9,1,5
10124,9,ESCUELA SAN DANIEL,Servicio Local de Educación(SLE),Urbano,13,131,13124,Pudahuel,74,41.9105970277843,47,9,9,9
10125,7,ESCUELA SARGENTO CANDELARIA,Servicio Local de Educación(SLE),Urbano,13,131,13103,Cerro Navia,46,43.1335578302556,26,4,6,10
10126,5,COMPLEJO EDUCACIONAL CERRO NAVIA,Servicio Local de Educación(SLE),Urbano,13,131,13103,Cerro Navia,39,41.5338058307839,31,1,1,6
10130,3,LICEO CIUDAD DE BRASILIA,Servicio Local de Educación(SLE),Rural,13,131,13124,Pudahuel,69,38.2471872021513,60,6,2,1
10134,6,ESC.COMODORO ARTURO MERINO BENITEZ,Servicio Local de Educación(SLE),Rural,13,131,13124,Pudahuel,77,39.303179081843,58,6,6,7
10135,4,ESCUELA LO BOZA,Servicio Local de Educación(SLE),Rural,13,131,13124,Pudahuel,64,42.2350307810806,41,3,13,7
10140,0,ESCUELA PARTICULAR FRINGS COLLEGE,Particular Subvencionado,Urbano,13,131,13117,Lo Prado,70,38.5977427291878,56,6,4,4
10143,5,ESCUELA PARTICULAR ESPANA,Particular Subvencionado,Urbano,13,131,13103,Cerro Navia,61,42.0401942876958,40,5,5,11
10147,8,ESCUELA PARTICULAR BABILONIA,Particular Subvencionado,Urbano,13,131,13117,Lo Prado,89,36.5218630362548,75,6,6,2
10149,4,ESCUELA PARTICULAR RAPA NUI,Particular Subvencionado,Urbano,13,131,13117,Lo Prado,84,39.9193893467502,59,6,6,13
10151,6,COLEGIO CRISTIAN AND CAREN SCHOOL,Particular Subvencionado,Urbano,13,131,13103,Cerro Navia,142,36.0375591829502,133,4,2,3
10152,4,ESCUELA PARTICULAR ANDANTINO,Particular Subvencionado,Urbano,13,131,13124,Pudahuel,77,36.4853182325087,73,2,1,1
10155,9,ESCUELA CHARLES SCHOOL-DIURNA,Particular Subvencionado,Urbano,13,131,13103,Cerro Navia,66,38.1128031670608,53,3,6,4
10156,7,ESCUELA JARDIN LO PRADO,Particular Subvencionado,Urbano,13,131,13117,Lo Prado,65,42.4120644709994,35,5,11,14
10157,5,COLEGIO MINISTRO DIEGO PORTALES,Particular Subvencionado,Urbano,13,131,13124,Pudahuel,167,41.5753547549187,115,9,12,31
10158,3,COLEGIO BICENTENARIO SAN DAMIAN DE MOLOKAI,Particular Subvencionado,Urbano,13,131,13103,Cerro Navia,155,40.8389502226443,106,21,12,16
10159,1,ESCUELA PARTICULAR ROBERT KENNEDY,Particular Subvencionado,Urbano,13,131,13103,Cerro Navia,67,41.2537091266729,49,5,5,8
10160,5,ESCUELA BAS. COLEGIO BAU,Particular Subvencionado,Urbano,13,131,13117,Lo Prado,138,40.9677338623293,95,14,14,15
10162,1,LICEO TENIENTE DAGOBERTO GODOY NO.3,Particular Subvencionado,Urbano,13,131,13117,Lo Prado,302,40.2279893648343,213,25,24,40
10164,8,COLEGIO SAN FRANCISCO JAVIER,Particular Subvencionado,Urbano,13,131,13103,Cerro Navia,172,40.8690887064332,115,16,16,25
10167,2,ESCUELA BASICA N°1058 SANTA BEATRIZ,Particular Subvencionado,Urbano,13,131,13124,Pudahuel,143,39.4050347742496,109,15,10,9
10168,0,ESCUELA PARTICULAR SAN VICENTE FERRER,Particular Subvencionado,Urbano,13,131,13103,Cerro Navia,140,37.9419814858091,123,8,5,4
10171,0,ESCUELA PARTICULAR VILLA LOURDES,Particular Subvencionado,Urbano,13,131,13117,Lo Prado,114,38.8401360810286,97,11,2,4
10172,9,ESC BAS PART CENTRO EDUCACIONAL SN PABLO,Particular Subvencionado,Urbano,13,131,13103,Cerro Navia,67,43.2682470399787,38,8,5,16
10173,7,ESCUELA PART. SUNS SCHOOL,Particular Subvencionado,Urbano,13,131,13124,Pudahuel,51,45.3064674161164,28,1,6,16
10182,6,ESCUELA  BASICA  N° 912 ELLEN  COLLEGE,Particular Subvencionado,Urbano,13,131,13124,Pudahuel,75,41.0703023250257,51,4,9,11
10183,4,ESCUELA PARTICULAR CARLOS PEZOA VELIZ,Particular Subvencionado,Urbano,13,131,13103,Cerro Navia,45,41.4882458033554,30,5,4,6
10186,9,ESCUELA PARTICULAR LA FRONTERA,Particular Subvencionado,Urbano,13,131,13103,Cerro Navia,93,40.7623768158264,63,4,11,15
10187,7,COLEGIO BICENTENARIO MADRE ANA EUGENIA,Particular Subvencionado,Urbano,13,131,13124,Pudahuel,228,38.9103897078027,191,8,9,20
10191,5,ESCUELA PARTICULAR LA CIUDAD EDUCATIVA,Particular Subvencionado,Urbano,13,131,13124,Pudahuel,28,41.8890652441893,19,1,3,5
10193,1,COLEGIO POLIV. SAINT ORLAND N 3,Particular Subvencionado,Urbano,13,131,13103,Cerro Navia,214,37.1431696273316,187,14,7,6
10197,4,ESCUELA JUANA DE LESTONAC,Corporación Municipal,Urbano,13,131,13128,Renca,35,38.6985728859003,29,4,0,2
10199,0,LICEO POLIVALENTE A80 PRESIDENTE JOSE MANUEL BALMACEDA,Municipal DAEM,Urbano,13,131,13108,Independencia,168,42.5148454992886,100,19,5,44
10200,8,ESCUELA BASICA ISABEL LE BRUN,Corporación Municipal,Urbano,13,131,13128,Renca,160,38.0129078505853,138,7,4,11
10201,6,LICEO THOMAS ALVA EDISON,Corporación Municipal,Urbano,13,131,13128,Renca,39,41.701068690155,25,6,4,4
10202,4,ESCUELA DOMINGO SANTA MARIA GONZALEZ,Corporación Municipal,Urbano,13,131,13128,Renca,151,40.1176316446423,107,16,11,17
10204,0,ESCUELA CAPITAN JOSE LUIS ARANEDA,Corporación Municipal,Urbano,13,131,13128,Renca,69,41.8541284582444,36,9,14,10
10205,9,ESCUELA GENERAL MANUEL BULNES PRIETO,Corporación Municipal,Urbano,13,131,13128,Renca,67,38.8327437640662,60,1,1,5
10207,5,ESCUELA REBECA MATTE BELLO,Corporación Municipal,Urbano,13,131,13128,Renca,201,40.8268329867152,141,25,19,16
10210,5,LICEO GENERAL ALEJANDRO GOROSTIAGA ORREGO,Corporación Municipal,Urbano,13,131,13128,Renca,83,43.5221672105001,43,5,12,23
10212,1,ESCUELA JUANA ATALA DE HIRMAS,Corporación Municipal,Urbano,13,131,13128,Renca,129,37.7537837204287,106,9,10,4
10216,4,ESC. BASICA MONSERRAT ROBERT DE GARCIA,Corporación Municipal,Urbano,13,131,13128,Renca,66,43.0646997344837,46,6,6,8
10217,2,COLEGIO PARTICULAR HELENICO,Particular Subvencionado,Urbano,13,131,13128,Renca,29,41.7385472015472,19,6,1,3
10219,9,COLEGIO CORAZON DE JESUS DE RENCA,Particular Subvencionado,Urbano,13,131,13128,Renca,33,41.1512325380096,24,1,2,6
10220,2,COLEGIO PRESIDENTE ALESSANDRI,Particular Subvencionado,Urbano,13,131,13108,Independencia,183,41.3922526170564,117,16,17,33
10221,0,COLEGIO PARTICULAR CHARLES DARWIN,Particular Subvencionado,Urbano,13,131,13128,Renca,65,39.5608125754172,51,3,5,6
10224,5,COLEGIO ARTURO TORO AMOR,Particular Subvencionado,Urbano,13,131,13108,Independencia,181,40.5501946260111,129,13,20,19
10225,3,ESCUELA PARTIC. COLEGIO BALMACEDA-RENCA,Particular Subvencionado,Urbano,13,131,13128,Renca,66,38.8515713334174,52,4,3,7
10226,1,ESCUELA PARTICULAR SAN GENARO,Particular Subvencionado,Urbano,13,131,13128,Renca,127,39.6365986679637,109,10,2,6
10228,8,ESCUELA PARTICULAR PRIMITIVA ECHEVERRIA,Particular Subvencionado,Urbano,13,131,13128,Renca,93,36.682316038774,82,7,3,1
10229,6,ESCUELA PARTICULAR JOSE BERNARDO SUAREZ,Particular Subvencionado,Urbano,13,131,13128,Renca,41,40.4062342099296,35,2,2,2
10232,6,COLEG. POLIV. SANTA MARIA DE LA PROVIDENCIA,Particular Subvencionado,Urbano,13,131,13128,Renca,87,36.2420214292915,77,7,2,1
10233,4,ESCUELA PARTICULAR SAN FIDEL,Particular Subvencionado,Urbano,13,131,13128,Renca,127,39.5997272565896,99,8,8,12
10235,0,ESCUELA BASICA  N° 878  LOS ACACIOS,Particular Subvencionado,Urbano,13,131,13128,Renca,67,39.6768434758374,56,3,2,6
10239,3,ESCUELA ESTADO DE MICHIGAN,Servicio Local de Educación(SLE),Urbano,13,131,13125,Quilicura,145,41.1151858785865,103,14,5,23
10240,7,ESCUELA LUIS CRUZ MARTINEZ,Servicio Local de Educación(SLE),Urbano,13,131,13125,Quilicura,237,41.294053240231,163,24,22,28
10241,5,ESCUELA BASICA EL MANIO,Servicio Local de Educación(SLE),Urbano,13,131,13125,Quilicura,87,41.7944391916223,54,10,10,13
10245,8,PARROQUIAL NUESTRA SEÑORA DEL CARMEN DE QUILICURA,Particular Subvencionado,Rural,13,131,13125,Quilicura,166,39.7788565223356,129,9,12,16
10246,6,COLEGIO POLIV. SANTA MARIA,Particular Subvencionado,Urbano,13,131,13125,Quilicura,314,40.1897099305402,234,22,25,33
10247,4,ESCUELA BASICA PART PAULA JARAQUEMADA,Particular Subvencionado,Urbano,13,131,13125,Quilicura,238,39.8487807021475,185,20,18,15
10250,4,CENTRO EDUCACIONAL BICENTENARIO DE EXCELENCIA DE HUECHURABA,Municipal DAEM,Urbano,13,131,13107,Huechuraba,91,43.8016156494764,48,7,8,28
10251,2,LICEO POETA FEDERICO GARCIA LORCA,Servicio Local de Educación(SLE),Urbano,13,131,13104,Conchalí,84,39.7902539037149,62,9,2,11
10252,0,LICEO ARTURO PEREZ CANTO,Municipal DAEM,Urbano,13,131,13127,Recoleta,110,42.407840173783,66,12,10,22
10253,9,LICEO POLIV. ABDON CIFUENTES,Servicio Local de Educación(SLE),Urbano,13,131,13104,Conchalí,150,43.9919217697811,73,11,19,47
10254,7,CENTRO EDUCACIONAL JOSE MIGUEL CARRERA,Municipal DAEM,Urbano,13,131,13127,Recoleta,25,47.834972632691,5,3,4,13
10257,1,ESCUELA SARGENTO 2. DANIEL REBOLLEDO,Municipal DAEM,Urbano,13,131,13127,Recoleta,121,40.4028028556995,87,11,9,14
10259,8,LICEO ALBERTO BLEST GANA,Servicio Local de Educación(SLE),Urbano,13,131,13104,Conchalí,81,41.0381152774484,58,5,4,14
10260,1,ESCUELA UNESCO,Servicio Local de Educación(SLE),Urbano,13,131,13104,Conchalí,77,41.090653441042,55,6,7,9
10262,8,ESCUELA ESPANA,Municipal DAEM,Urbano,13,131,13127,Recoleta,137,41.2764283133371,93,13,10,21
10263,6,ESCUELA D-114,Servicio Local de Educación(SLE),Urbano,13,131,13104,Conchalí,63,40.4702710499464,44,5,6,8
10264,4,ESCUELA SOL NACIENTE,Servicio Local de Educación(SLE),Urbano,13,131,13104,Conchalí,63,39.9681258647754,44,2,5,12
10265,2,ESCUELA HORACIO JOHNSON GANA,Servicio Local de Educación(SLE),Urbano,13,131,13104,Conchalí,70,44.8442220003825,27,7,8,28
10266,0,ESCUELA DRA.ELOISA DIAZ INSUNZA,Servicio Local de Educación(SLE),Urbano,13,131,13104,Conchalí,137,38.7550187715733,107,11,7,12
10267,9,ESCUELA ESCRITORA MARCELA PAZ,Municipal DAEM,Urbano,13,131,13127,Recoleta,48,43.3689945832386,27,5,3,13
10268,7,ESCUELA PUERTO RICO,Municipal DAEM,Urbano,13,131,13127,Recoleta,77,41.7145859485378,50,3,8,16
10269,5,LICEO MUNC.ALMIRANTE GALVARINO RIVEROS,Servicio Local de Educación(SLE),Urbano,13,131,13104,Conchalí,71,42.9375053855958,39,3,7,22
10270,9,CENTRO EDUC.ESCRITORES DE CHILE,Municipal DAEM,Urbano,13,131,13127,Recoleta,94,39.7028112844895,70,8,2,14
10271,7,ESCUELA ARAUCARIAS DE CHILE,Servicio Local de Educación(SLE),Urbano,13,131,13104,Conchalí,64,42.3104249105562,46,2,6,10
10272,5,ESCUELA BASICA CARLOS PRATS G.,Municipal DAEM,Urbano,13,131,13107,Huechuraba,101,42.6584768562813,60,9,14,18
10273,3,ESCUELA VALLE DEL INCA,Servicio Local de Educación(SLE),Urbano,13,131,13104,Conchalí,70,43.6917854246975,37,6,9,18
10277,6,ESCUELA ADELAIDA LA FETRA,Municipal DAEM,Urbano,13,131,13107,Huechuraba,123,39.7531837890781,93,6,10,14
10278,4,ESCUELA PEDRO AGUIRRE CERDA,Servicio Local de Educación(SLE),Urbano,13,131,13104,Conchalí,62,41.0161232171951,44,8,7,3
10279,2,ESCUELA ALLIPEN,Servicio Local de Educación(SLE),Urbano,13,131,13104,Conchalí,52,43.7719975679896,25,10,8,9
10280,6,ESCUELA BÁSICA POETA EUSEBIO LILLO,Servicio Local de Educación(SLE),Urbano,13,131,13104,Conchalí,69,40.7923038957688,52,2,5,10
10281,4,ESCUELA ATENEA,Servicio Local de Educación(SLE),Urbano,13,131,13104,Conchalí,100,41.030223520944,69,6,9,16
10282,2,ESCUELA LUIS GALDAMES,Municipal DAEM,Urbano,13,131,13108,Independencia,59,39.674433276674,46,5,0,8
10283,0,ESCUELA AVIADOR DAGOBERTO GODOY F.,Servicio Local de Educación(SLE),Urbano,13,131,13104,Conchalí,123,41.5173686023297,89,8,11,15
10285,7,ESCUELA SANTA VICTORIA DE HUECHURABA,Municipal DAEM,Urbano,13,131,13107,Huechuraba,82,40.2151592787325,60,14,1,7
10288,1,ESCUELA BASICA LIKAN-ANTAI,Servicio Local de Educación(SLE),Urbano,13,131,13104,Conchalí,32,61.7479794386117,2,1,2,27
10290,3,ESCUELA LAS CANTERAS,Municipal DAEM,Urbano,13,131,13107,Huechuraba,69,41.8327838562597,50,4,6,9
10291,1,ESCUELA VICTOR CUCCUINI,Municipal DAEM,Urbano,13,131,13127,Recoleta,71,41.3895468954017,54,5,4,8
10300,4,ESCUELA MARTA COLVIN,Municipal DAEM,Urbano,13,131,13127,Recoleta,59,40.1544918169649,41,6,4,8
10301,2,ESCUELA CAMILO HENRIQUEZ,Servicio Local de Educación(SLE),Urbano,13,131,13104,Conchalí,104,43.9006544218224,52,7,17,28
10302,0,ESCUELA ANNE ELEONOR ROOSEVELT,Municipal DAEM,Urbano,13,131,13127,Recoleta,34,43.4347579650994,22,2,4,6
10305,5,ESCUELA SANTIAGO DE GUAYAQUIL,Municipal DAEM,Urbano,13,131,13107,Huechuraba,75,39.3347619615722,58,7,5,5
10306,3,ESCUELA MUN.HERMANA MARIA GORETTI,Municipal DAEM,Urbano,13,131,13127,Recoleta,50,39.9547066767801,32,8,5,5
10307,1,ESCUELA RAFAEL VALDIVIESO,Municipal DAEM,Urbano,13,131,13127,Recoleta,157,41.0636854148246,115,14,4,24
10313,6,COLEGIO POLIV. ALEJANDRO FLORES,Particular Subvencionado,Urbano,13,131,13127,Recoleta,165,40.0443768125927,125,15,10,15
10315,2,COLEGIO CRISTOBAL COLON,Particular Subvencionado,Urbano,13,131,13104,Conchalí,163,37.7441502514708,143,10,7,3
10320,9,LICEO AVENIDA RECOLETA,Particular Subvencionado,Urbano,13,131,13127,Recoleta,267,42.1580398384965,167,31,15,54
10321,7,LICEO LAS AMERICAS MODERNAS,Particular Subvencionado,Urbano,13,131,13108,Independencia,53,42.3487447113811,34,2,0,17
10326,8,ESCUELA PARTICULAR SAN JOSE,Particular Subvencionado,Urbano,13,131,13127,Recoleta,137,40.3316143322143,104,10,11,12
10327,6,ESCUELA PARTICULAR SANTA TERESITA,Particular Subvencionado,Urbano,13,131,13108,Independencia,177,38.9123732704893,146,12,12,7
10329,2,COLEGIO LIBERTADOR SAN MARTIN,Particular Subvencionado,Urbano,13,131,13104,Conchalí,190,45.6194867701961,86,11,16,77
10331,4,COLEGIO ISABEL RIQUELME,Particular Subvencionado,Urbano,13,131,13127,Recoleta,45,44.9185250558179,20,9,5,11
10332,2,ESCUELA PARTICULAR EL CARMEN,Particular Subvencionado,Urbano,13,131,13104,Conchalí,253,39.6747146491476,189,27,22,15
10333,0,ESCUELA PARTICULAR N.SRA.DE GUADALUPE,Particular Subvencionado,Urbano,13,131,13127,Recoleta,119,36.4044642262972,112,1,4,2
10334,9,ESCUELA PATROCINIO EL SEMBRADOR N 2,Particular Subvencionado,Urbano,13,131,13104,Conchalí,60,40.0263621509342,42,7,6,5
10335,7,ESCUELA SAN JORGE,Particular Subvencionado,Urbano,13,131,13108,Independencia,45,43.930464171991,24,6,4,11
10336,5,ESCUELA PARTICULAR SAN DIEGO,Particular Subvencionado,Urbano,13,131,13104,Conchalí,273,38.8818953515052,237,10,10,16
10337,3,COLEGIO MATER DOLOROSA,Particular Subvencionado,Urbano,13,131,13107,Huechuraba,85,39.121515724389,59,13,7,6
10338,1,ESCUELA BASICA SANTO DOMINGO,Particular Subvencionado,Urbano,13,131,13127,Recoleta,90,42.1831315677094,47,8,14,21
10344,6,COLEGIO HELLEN´S COLLEGE,Particular Subvencionado,Urbano,13,131,13104,Conchalí,171,36.9874546268163,158,5,4,4
10345,4,ESCUELA PARTICULAR FRANCISCO BILBAO,Particular Subvencionado,Urbano,13,131,13127,Recoleta,219,42.1397324641388,129,21,21,48
10346,2,ESCUELA BASICA INES DE SUAREZ,Particular Subvencionado,Urbano,13,131,13104,Conchalí,33,41.7989326365466,22,2,4,5
10350,0,COLEGIO ELENA BETTINI,Particular Subvencionado,Urbano,13,131,13108,Independencia,136,39.2229058760261,104,7,14,11
10351,9,ESCUELA PARTICULAR PARQUE ASUNCION,Particular Subvencionado,Urbano,13,131,13104,Conchalí,153,37.5442094425017,132,10,8,3
10352,7,LICEO BICENTENARIO NUEVA AURORA DE CHILE,Particular Subvencionado,Urbano,13,131,13127,Recoleta,136,37.4961794695555,115,7,8,6
10355,1,COLEGIO PARTICULAR JUAN PABLO,Particular Subvencionado,Urbano,13,131,13108,Independencia,86,42.2315949692103,54,9,6,17
10359,4,ESCUELA PART. SANTA LUISA DE MARILLAC,Particular Subvencionado,Urbano,13,131,13107,Huechuraba,90,41.7457704747074,54,10,11,15
10361,6,ESCUELA PARTICULAR ZOLTAN DIENES,Particular Subvencionado,Urbano,13,131,13104,Conchalí,76,40.0868594180951,59,7,3,7
10363,2,ESCUELA PARTICULAR JAIME EYZAGUIRRE,Particular Subvencionado,Urbano,13,131,13127,Recoleta,46,39.8679665979089,35,5,2,4
10364,0,ESCUELA BÁSICA Nº 953 JOSE ARTIGA,Particular Subvencionado,Urbano,13,131,13127,Recoleta,145,39.8030492344877,106,14,14,11
10365,9,ESCUELA BAS. ISABEL GONZALEZ CARES,Particular Subvencionado,Urbano,13,131,13104,Conchalí,75,38.2448631416422,66,4,2,3
10372,1,ESCUELA PARTICULAR ISLA DE PASCUA,Particular Subvencionado,Urbano,13,131,13108,Independencia,67,39.2660862597534,55,2,3,7
10376,4,ESCUELA BÀSICA Nº 1090 UNIÒN LATINOAMERICANA,Particular Subvencionado,Urbano,13,131,13104,Conchalí,37,37.2588783628888,34,1,1,1
10377,2,LICEO POLIVALENTE SAINT ANDREWS,Particular Subvencionado,Urbano,13,133,13302,Lampa,78,42.0811416373152,41,9,7,21
10385,3,ESCUELA PART. ADVENTISTA SANTIAGO NORTE,Particular Subvencionado,Urbano,13,131,13104,Conchalí,84,38.27805758879,66,9,6,3
10400,0,ESCUELA BASICA MARCOS GOOYCOLEA CORTES,Corporación Municipal,Urbano,13,133,13301,Colina,147,41.6270056043523,102,14,7,24
10401,9,ESCUELA BASICA SANTA TERESA DEL CARMELO,Corporación Municipal,Urbano,13,133,13301,Colina,159,39.622230503198,126,16,8,9
10403,5,ESCUELA PREMIO NOBEL PABLO NERUDA,Corporación Municipal,Urbano,13,133,13301,Colina,154,40.3798680039799,116,15,6,17
10404,3,ANDALIEN DE COLINA,Corporación Municipal,Urbano,13,133,13301,Colina,144,42.0408046637961,95,14,9,26
10405,1,LICEO ESMERALDA,Corporación Municipal,Urbano,13,133,13301,Colina,174,45.9045453769852,71,19,21,63
10407,8,ESCUELA BASICA ALGARROBAL,Corporación Municipal,Urbano,13,133,13301,Colina,152,40.7615515629211,106,12,13,21
10408,6,LICEO PELDEHUE,Corporación Municipal,Rural,13,133,13301,Colina,60,43.5684450843715,40,1,5,14
10409,4,ESC.BASICA FRANCISCO PETRINOVIC KARLOVAC,Corporación Municipal,Urbano,13,133,13301,Colina,70,40.8162554981162,49,4,8,9
10410,8,ESCUELA BASICA SAN VICENTE DE LO ARCAYA,Corporación Municipal,Urbano,13,133,13301,Colina,57,41.6702446708672,38,7,5,7
10411,6,ESCUELA BASICA SANTA MARTA DE LIRAY,Corporación Municipal,Rural,13,133,13301,Colina,99,40.077591147913,71,7,12,9
10412,4,ESCUELA SAN FRANCISCO DE ASIS,Corporación Municipal,Urbano,13,133,13301,Colina,48,40.5864835406646,32,6,5,5
10413,2,ESCUELA PARTICULAR PAPELUCHO,Particular Subvencionado,Urbano,13,133,13301,Colina,91,41.1187404811632,61,8,8,14
10415,9,ESCUELA PARTICULAR DESIREE,Particular Subvencionado,Urbano,13,133,13301,Colina,339,38.0468168245673,288,19,14,18
10420,5,ESCUELA MANUEL SEGOVIA MONTENEGRO,Corporación Municipal,Urbano,13,133,13302,Lampa,242,41.3056151574555,165,22,22,33
10421,3,ESCUELA REPUBLICA DE POLONIA,Corporación Municipal,Urbano,13,133,13302,Lampa,75,40.520714856069,54,7,3,11
10422,1,ESCUELA BASICA CACIQUE COLIN,Corporación Municipal,Urbano,13,133,13302,Lampa,107,38.7157831418984,83,9,5,10
10424,8,ESCUELA SANTA  BARBARA,Corporación Municipal,Urbano,13,133,13302,Lampa,95,37.1547027264212,81,6,2,6
10425,6,ESCUELA POLONIA GUTIERREZ C.,Corporación Municipal,Urbano,13,133,13302,Lampa,213,40.9936058023725,158,18,12,25
10426,4,ESCUELA BASICA F-N°371 SANTA ROSA DE LAMPA,Corporación Municipal,Rural,13,133,13302,Lampa,46,45.8545411596741,19,4,6,17
10427,2,ESCUELA BASICA F - N°372 SANTA SARA,Corporación Municipal,Rural,13,133,13302,Lampa,47,39.149611320644,38,3,3,3
10428,0,ESCUELA BASICA PROFESOR OMAR ARANDA ARAYA,Corporación Municipal,Rural,13,133,13302,Lampa,43,40.7943012120275,27,6,8,2
10429,9,NORMA GONZÁLEZ GUERRA,Corporación Municipal,Rural,13,133,13302,Lampa,68,41.7293175139941,43,8,7,10
10430,2,ESCUELA BASICA SAN SEBASTIAN DE BATUCO,Particular Subvencionado,Urbano,13,133,13302,Lampa,154,43.42454240188,88,10,14,42
10432,9,LICEO POLIVALENTE MANUEL RODRIGUEZ,Corporación Municipal,Urbano,13,133,13303,Tiltil,60,37.5486133763239,50,3,4,3
10433,7,LICEO HUERTOS FAMILIARES,Corporación Municipal,Rural,13,133,13303,Tiltil,69,39.0320851282055,52,9,2,6
10435,3,ESCUELA BASICA G-N°345 RUNGUE,Corporación Municipal,Rural,13,133,13303,Tiltil,96,33.9164714786934,15,0,0,0
10436,1,ESCUELA BASICA G-N° 346,Corporación Municipal,Rural,13,133,13303,Tiltil,41,35.9887970609085,37,2,0,2
10441,8,ESCUELA BASICA G-N°349,Corporación Municipal,Rural,13,133,13303,Tiltil,96,34.4136071218457,11,0,0,1
10443,4,LICEO MONTENEGRO,Corporación Municipal,Rural,13,133,13303,Tiltil,96,37.5160594260251,14,1,0,1
10444,2,ESCUELA BASICA G-N°352 PLAZUELA DE POLPAICO,Corporación Municipal,Rural,13,133,13303,Tiltil,31,41.8673785849516,22,0,4,5
10447,7,ESCUELA PARTICULAR LA MERCED,Particular Subvencionado,Urbano,13,133,13303,Tiltil,86,38.6715910016052,71,5,1,9
10450,7,ESCUELA CONSOLIDADA,Corporación Municipal,Urbano,13,132,13201,Puente Alto,195,43.6424950426377,97,24,18,56
10455,8,LICEO SAN GERONIMO,Corporación Municipal,Urbano,13,132,13201,Puente Alto,81,39.8336761165194,62,2,6,11
10457,4,COLEGIO MAIPO,Corporación Municipal,Urbano,13,132,13201,Puente Alto,138,44.9973559730926,57,15,19,47
10458,2,ESCUELA VILLA INDEPENDENCIA,Corporación Municipal,Urbano,13,132,13201,Puente Alto,159,42.2191714047771,94,22,15,28
10459,0,ESCUELA REPUBLICA DE GRECIA,Corporación Municipal,Urbano,13,132,13201,Puente Alto,97,41.6296575467504,58,12,10,17
10461,2,ESCUELA LOS ANDES,Corporación Municipal,Urbano,13,132,13201,Puente Alto,92,39.6771027470386,68,8,5,11
10462,0,ESCUELA NONATO COO,Corporación Municipal,Urbano,13,132,13201,Puente Alto,75,45.4161132117104,30,6,8,31
10464,7,ESCUELA VILLA PEDRO AGUIRRE CERDA,Corporación Municipal,Urbano,13,132,13201,Puente Alto,77,42.7291567229839,45,7,6,19
10465,5,ESCUELA EJERCITO LIBERTADOR,Corporación Municipal,Urbano,13,132,13201,Puente Alto,132,40.8779987971835,91,18,7,16
10470,1,LICEO MUNIC.ING.MILITAR JUAN MACKENA O.,Corporación Municipal,Urbano,13,132,13201,Puente Alto,109,42.3092632930642,69,7,12,21
10472,8,ESCUELA CASAS VIEJAS,Corporación Municipal,Urbano,13,132,13201,Puente Alto,91,40.0828445775371,66,5,8,12
10473,6,ESCUELA OSCAR BONILLA,Corporación Municipal,Urbano,13,132,13201,Puente Alto,88,38.4566812972502,75,6,1,6
10474,4,ESCUELA LUIS MATTE LARRAIN,Corporación Municipal,Urbano,13,132,13201,Puente Alto,148,40.4838610878557,106,17,10,15
10475,2,ESCUELA GABRIELA,Corporación Municipal,Urbano,13,132,13201,Puente Alto,162,37.8533110153673,139,8,7,8
10476,0,ESCUELA LAS PALMAS,Corporación Municipal,Urbano,13,132,13201,Puente Alto,180,39.2326977036625,142,13,8,17
10478,7,ESCUELA SAN LUIS GONZAGA,Particular Subvencionado,Urbano,13,132,13201,Puente Alto,157,38.412050339684,140,11,4,2
10479,5,COLEGIO ESTELA SEGURA,Particular Subvencionado,Urbano,13,132,13201,Puente Alto,147,39.3806327821279,114,14,7,12
10482,5,COLEGIO ARTURO PRAT,Particular Subvencionado,Urbano,13,132,13201,Puente Alto,56,43.3633040039538,30,5,6,15
10484,1,COLEGIO CORDILLERA,Particular Subvencionado,Urbano,13,132,13201,Puente Alto,76,38.6040770090258,62,4,2,8
10487,6,COLEGIO POLIVALENTE DOMINGO MATTE MESIAS,Particular Subvencionado,Urbano,13,132,13201,Puente Alto,535,40.1100918364523,392,47,54,42
10488,4,ESCUELA GENOVEVA MOLL BRIONES,Particular Subvencionado,Urbano,13,132,13201,Puente Alto,92,40.6931889495449,73,4,9,6
10489,2,LICEO NUESTRA SENORA DE LAS MERCEDES,Particular Subvencionado,Urbano,13,132,13201,Puente Alto,159,34.0483219883253,153,3,2,1
10491,4,ESCUELA SANTA JOAQUINA DE VEDRUNA,Particular Subvencionado,Urbano,13,132,13201,Puente Alto,155,37.2781134213374,136,5,8,6
10492,2,COLEGIO CRISTIANO BELEN,Particular Subvencionado,Urbano,13,132,13201,Puente Alto,73,36.0285567188128,68,3,1,1
10493,0,COLEGIO INGLES SAN LUIS GONZAGA II,Particular Subvencionado,Urbano,13,132,13201,Puente Alto,89,39.7948271189607,64,8,9,8
10495,7,ESC. PART. SAN ANDRES,Particular Subvencionado,Urbano,13,132,13201,Puente Alto,117,42.4932036957287,76,11,9,21
10497,3,ESC. PARTICULAR JOSEFINA GANA DE J.,Particular Subvencionado,Rural,13,132,13201,Puente Alto,171,40.4481213964354,131,10,16,14
10500,7,COLEGIO POLIV. EL ALBORADA,Particular Subvencionado,Urbano,13,132,13201,Puente Alto,172,43.4651398153824,93,12,24,43
10501,5,COLEGIO POLIV. PROFESOR ILDEFONSO CALDERON,Particular Subvencionado,Urbano,13,132,13201,Puente Alto,50,39.6457531694397,39,3,4,4
10502,3,ESCUELA PARTICULAR MIGUEL CRUCHAGA T.,Particular Subvencionado,Rural,13,132,13201,Puente Alto,139,41.0083988870941,99,9,14,17
10503,1,COLEGIO EDUC.PART. COMP.DE MARIA P. ALTO,Particular Subvencionado,Urbano,13,132,13201,Puente Alto,252,39.2407030053312,184,30,23,15
10505,8,LICEO POLIVALENTE MARIA REINA,Particular Subvencionado,Urbano,13,132,13201,Puente Alto,152,39.9770490860562,119,10,9,14
10506,6,COLEGIO SENDA DEL SABER,Particular Subvencionado,Urbano,13,132,13201,Puente Alto,126,42.602403264039,69,8,15,34
10515,5,ESCUELA DOMINGO FAUSTINO SARMIENTO,Particular Subvencionado,Urbano,13,132,13201,Puente Alto,117,39.6337594257073,87,8,12,10
10516,3,LICEO MUNIC. TEC. PROF. EL LLANO,Corporación Municipal,Urbano,13,132,13202,Pirque,111,40.3067707289421,78,7,12,14
10519,8,ESCUELA BASICA G-N°646 LO ARCAYA,Corporación Municipal,Rural,13,132,13202,Pirque,64,35.017451696748,58,5,0,1
10520,1,LICEO  EL PRINCIPAL,Corporación Municipal,Rural,13,132,13202,Pirque,174,34.3124041562832,170,0,2,2
10522,8,ESCUELA BASICA G-N°643 SAN JUAN DE PIRQUE,Corporación Municipal,Rural,13,132,13202,Pirque,96,34.2203193153335,12,0,0,0
10524,4,ESCUELA BASICA G-841 SANTOS RUBIO MORALES,Corporación Municipal,Urbano,13,132,13202,Pirque,60,37.553214508353,52,5,2,1
10527,9,ESCUELA JULIETA BECERRA ALVAREZ,Corporación Municipal,Urbano,13,132,13203,San José de Maipo,78,39.2066473251808,63,1,5,9
10528,7,ESCUELA GABRIELA TOBAR PARDO,Corporación Municipal,Rural,13,132,13203,San José de Maipo,56,36.9828063773263,47,8,1,0
10529,5,ESCUELA BASICA F-N°638 EL MELOCOTON,Corporación Municipal,Rural,13,132,13203,San José de Maipo,30,38.5205138398215,25,2,1,2
10530,9,ESCUELA BASICA F-N°629 DE CONCENTRACION FRONTERIZA,Corporación Municipal,Rural,13,132,13203,San José de Maipo,21,35.4596284104554,20,1,0,0
10536,8,ESCUELA BASICA G-N°635 INTEGRADORA EL MANZANO,Corporación Municipal,Rural,13,132,13203,San José de Maipo,38,38.3932117588856,31,2,2,3
10537,6,ESCUELA BASICA G-N°636 SAN ALFONSO,Corporación Municipal,Rural,13,132,13203,San José de Maipo,25,40.7470289064546,21,0,0,4
10538,4,ESCUELA BASICA G-N°637 LAS MELOSAS,Corporación Municipal,Rural,13,132,13203,San José de Maipo,96,37.3673473712953,1,1,0,0
10540,6,COLEGIO RAFAEL EYZAGUIRRE,Particular Subvencionado,Urbano,13,132,13203,San José de Maipo,89,36.1750785683844,83,3,3,0
10542,2,CENTRO EDUCACIONAL BALDOMERO LILLO,Servicio Local de Educación(SLE),Urbano,13,134,13401,San Bernardo,100,42.575557037684,61,10,14,15
10546,5,ESCUELA PILAR MOLINER DE NUEZ,Servicio Local de Educación(SLE),Urbano,13,134,13401,San Bernardo,108,39.3430567759504,81,7,5,15
10547,3,ESCUELA REPUBLICA DEL BRASIL,Servicio Local de Educación(SLE),Urbano,13,134,13401,San Bernardo,54,43.0340319117387,28,5,7,14
10548,1,ESCUELA ISABEL RIQUELME,Servicio Local de Educación(SLE),Urbano,13,134,13401,San Bernardo,44,43.3844309905575,25,4,4,11
10550,3,ESCUELA L.GRAL. BERNARDO O´HIGGINS,Servicio Local de Educación(SLE),Urbano,13,134,13401,San Bernardo,61,39.7791590926926,47,5,3,6
10551,1,LICEO POLIV. LUCILA GODOY ALCAYAGA,Servicio Local de Educación(SLE),Urbano,13,134,13401,San Bernardo,48,40.7498966074903,40,1,1,6
10553,8,ESCUELA MARCIAL MARTINEZ FERRARI,Servicio Local de Educación(SLE),Urbano,13,131,13105,El Bosque,137,43.8083455653751,69,21,10,37
10554,6,ESCUELA GENERAL RENE SCHNEIDER CHEREAU,Servicio Local de Educación(SLE),Urbano,13,134,13401,San Bernardo,59,39.1828646831355,46,5,5,3
10555,4,ESCUELA BASICA BASE EL BOSQUE,Servicio Local de Educación(SLE),Urbano,13,131,13105,El Bosque,65,43.1689388649056,31,11,6,17
10556,2,ESCUELA ALEMANIA,Servicio Local de Educación(SLE),Urbano,13,134,13401,San Bernardo,47,40.247394772017,31,9,1,6
10557,0,ESCUELA GENERAL ALBERTO A. BACHELET MARTINEZ,Servicio Local de Educación(SLE),Urbano,13,131,13105,El Bosque,91,40.3181257791973,66,6,13,6
10558,9,ESCUELA REPUBLICA DE LOS EE.UU. DE AMERICA,Servicio Local de Educación(SLE),Urbano,13,134,13401,San Bernardo,38,41.8254900144647,21,7,6,4
10559,7,ESCUELA BERNARDO LEIGHTON,Servicio Local de Educación(SLE),Urbano,13,131,13105,El Bosque,44,42.1056101416749,25,7,5,7
10560,0,ESCUELA JAVIERA CARRERA VERDUGO,Servicio Local de Educación(SLE),Urbano,13,134,13401,San Bernardo,64,41.3552137420461,40,10,1,13
10561,9,ESCUELA CLAUDIO ARRAU LEON,Servicio Local de Educación(SLE),Urbano,13,131,13105,El Bosque,72,42.3219735196724,47,9,5,11
10563,5,ESCUELA MANUEL MAGALLANES MOURE,Servicio Local de Educación(SLE),Urbano,13,134,13401,San Bernardo,55,39.2177375201273,45,2,3,5
10564,3,ESCUELA REPUBLICA DEL PERU,Servicio Local de Educación(SLE),Urbano,13,134,13401,San Bernardo,63,40.1306936687042,45,4,8,6
10565,1,ESCUELA DIEGO PORTALES,Servicio Local de Educación(SLE),Urbano,13,134,13401,San Bernardo,145,41.5763628206462,90,16,11,28
10567,8,ESCUELA MAHUIDA,Servicio Local de Educación(SLE),Urbano,13,134,13401,San Bernardo,68,43.4350961211975,37,5,5,21
10568,6,ESCUELA ORLANDO LETELIER,Servicio Local de Educación(SLE),Urbano,13,131,13105,El Bosque,61,44.2152533397609,24,8,11,18
10569,4,LICEO NUEVO PORVENIR,Servicio Local de Educación(SLE),Urbano,13,134,13401,San Bernardo,51,42.7893029202992,33,6,2,10
10570,8,ESCUELA BASICA DR LUIS SEPULVEDA SALVATI,Servicio Local de Educación(SLE),Urbano,13,134,13401,San Bernardo,59,41.0887262949935,36,7,8,8
10571,6,ESCUELA ESCRITORA  MARCELA PAZ,Servicio Local de Educación(SLE),Urbano,13,134,13401,San Bernardo,97,43.3038232992803,55,9,11,22
10574,0,ESCUELA ESPANA,Servicio Local de Educación(SLE),Urbano,13,134,13401,San Bernardo,37,38.7381555843852,29,1,4,3
10576,7,ESCUELA BÁSICA BRISAS DE CHENA,Servicio Local de Educación(SLE),Urbano,13,134,13401,San Bernardo,54,42.9156573752223,32,6,6,10
10578,3,ESCUELA STA. TERESA DE LOS MORROS,Servicio Local de Educación(SLE),Urbano,13,134,13401,San Bernardo,132,40.1641736070771,103,7,11,11
10579,1,ESCUELA JOSE NUEZ MARTIN,Servicio Local de Educación(SLE),Urbano,13,134,13401,San Bernardo,96,38.4476312096173,85,5,4,2
10580,5,ESCUELA ABRAHAM LINCOLN,Servicio Local de Educación(SLE),Urbano,13,134,13401,San Bernardo,61,38.7802768872067,52,5,3,1
10581,3,ESCUELA BASICA ANTUPILLAN,Servicio Local de Educación(SLE),Urbano,13,134,13401,San Bernardo,79,41.2853645380872,54,9,5,11
10586,4,ESCUELA ELEODORO YANEZ PONCE DE LEON,Servicio Local de Educación(SLE),Urbano,13,134,13401,San Bernardo,83,41.6004401955749,52,12,7,12
10588,0,LICEO CARDENAL ANTONIO SAMORE,Servicio Local de Educación(SLE),Urbano,13,134,13401,San Bernardo,81,44.9735370540249,46,7,13,15
10589,9,ESCUELA HARAS LOS CONDORES,Servicio Local de Educación(SLE),Urbano,13,134,13401,San Bernardo,87,37.7020044534293,78,4,3,2
10590,2,ESCUELA TERESA GARCIA HUIDOBRO,Servicio Local de Educación(SLE),Urbano,13,134,13401,San Bernardo,20,39.3972643343774,17,0,0,3
10592,9,LICEO CLARA SOLOVERA,Servicio Local de Educación(SLE),Urbano,13,134,13401,San Bernardo,75,42.8933238613609,40,4,10,21
10594,5,COLEGIO SAINT ARIELI,Particular Subvencionado,Urbano,13,134,13401,San Bernardo,78,37.4610844061335,67,6,4,1
10595,3,ESCUELA BASICA PARTICULAR ROBERTO LORCA,Particular Subvencionado,Urbano,13,134,13401,San Bernardo,96,39.6084582031342,74,5,12,5
10600,3,COLEGIO MONTESSORI,Particular Subvencionado,Urbano,13,134,13401,San Bernardo,141,36.5622603475466,125,8,4,4
10604,6,COLEGIO VILLA SANTA MARIA,Particular Subvencionado,Urbano,13,131,13105,El Bosque,76,39.1143829250232,63,5,6,2
10606,2,COLEGIO GETSEMANI,Particular Subvencionado,Urbano,13,134,13401,San Bernardo,79,36.3203464552783,74,3,0,2
10607,0,COLEGIO DOMINGO EYZAGUIRRE,Particular Subvencionado,Urbano,13,134,13401,San Bernardo,165,41.3037036427291,104,17,16,28
10608,9,COLEGIO SUPERIOR DEL MAIPO,Particular Subvencionado,Urbano,13,134,13401,San Bernardo,170,38.2410361808142,153,9,5,3
10610,0,COLEGIO SAN JOSE,Particular Subvencionado,Urbano,13,134,13401,San Bernardo,196,36.0726671956193,182,6,4,4
10618,6,INSTITUTO SAN PABLO MISIONERO,Particular Subvencionado,Urbano,13,134,13401,San Bernardo,393,38.6704829528366,312,28,23,30
10619,4,ESCUELA PARTICULAR JOSE MIGUEL CARRERA,Particular Subvencionado,Urbano,13,131,13105,El Bosque,87,40.3556442085652,64,6,5,12
10621,6,ESCUELA JOSÉ ABELARDO NÚÑEZ N°2,Particular Subvencionado,Urbano,13,134,13401,San Bernardo,332,42.126343347273,191,37,45,59
10622,4,ESCUELA PARTICULAR MARVIT SCHOOL,Particular Subvencionado,Urbano,13,131,13105,El Bosque,50,41.2779670515144,34,7,5,4
10625,9,ESCUELA PARTICULAR MARIA MEDIANERA,Particular Subvencionado,Urbano,13,131,13105,El Bosque,183,38.3583680893892,165,9,8,1
10626,7,COLEGIO JUAN BAUTISTA DURAN,Particular Subvencionado,Urbano,13,131,13105,El Bosque,67,38.0255788445066,58,4,4,1
10628,3,COLEGIO ARAGON,Particular Subvencionado,Urbano,13,134,13401,San Bernardo,86,42.026110988112,58,8,6,14
10629,1,ESCUELA PARTICULAR EL BOSQUE,Particular Subvencionado,Urbano,13,131,13105,El Bosque,64,40.5263463087642,45,5,9,5
10631,3,COLEGIO QUILLAHUE SAN BERNARDO,Particular Subvencionado,Urbano,13,134,13401,San Bernardo,58,42.2384933787799,30,8,11,9
10632,1,CENTRO EDUC. DENVER COLORADO SCHOOL,Particular Subvencionado,Urbano,13,131,13105,El Bosque,77,42.7991721607965,45,3,14,15
10638,0,LICEO 131,Corporación Municipal,Urbano,13,134,13402,Buin,538,44.6196122760742,243,54,65,176
10640,2,COLEGIO DE MAIPO,Corporación Municipal,Urbano,13,134,13402,Buin,223,42.0181010033003,133,12,18,60
10641,0,LICEO ALTO JAHUEL,Corporación Municipal,Urbano,13,134,13402,Buin,166,40.6809084570704,113,17,7,29
10643,7,ESCUELA VILLASECA,Corporación Municipal,Urbano,13,134,13402,Buin,71,37.4948101247895,59,6,1,5
10645,3,LICEO FRANCISCO JAVIER KRUGGER ALVARADO,Corporación Municipal,Urbano,13,134,13402,Buin,159,39.6469451940929,118,14,7,20
10646,1,ESCUELA VALDIVIA DE PAINE,Corporación Municipal,Urbano,13,134,13402,Buin,139,38.2419423799066,116,3,7,13
10648,8,ESCUELA LO SALINAS,Corporación Municipal,Rural,13,134,13402,Buin,62,39.9105404458676,44,8,4,6
10649,6,ESCUELA HUMBERTO MORENO RAMIREZ,Corporación Municipal,Rural,13,134,13402,Buin,88,37.6743940033103,73,9,3,3
10651,8,ESCUELA LOS ROSALES DEL BAJO,Corporación Municipal,Rural,13,134,13402,Buin,164,38.8314474140579,130,12,12,10
10652,6,ESCUELA VILUCO,Corporación Municipal,Rural,13,134,13402,Buin,79,41.862421766504,54,8,5,12
10656,9,ESCUELA BASICA G-N°813 LOS AROMOS DE EL RECURSO,Corporación Municipal,Rural,13,134,13402,Buin,77,39.0533546448138,60,8,3,6
10658,5,LICEO POLIVALENTE MODERNO CARDENAL CARO,Particular Subvencionado,Urbano,13,134,13402,Buin,348,40.1445328750712,246,29,32,41
10662,3,COLEGIO SAINT MARY COLLEGE,Particular Subvencionado,Urbano,13,134,13402,Buin,77,40.7215224953709,56,11,8,2
10665,8,ESCUELA ALEMANIA,Municipal DAEM,Urbano,13,134,13404,Paine,84,39.7619900707459,70,2,4,8
10666,6,LICEO POLIVALENTE GREGORIO MORALES MIRANDA,Municipal DAEM,Urbano,13,134,13404,Paine,81,37.9962023918559,67,3,7,4
10667,4,LICEO  MARIA CARVAJAL FUENZALIDA,Municipal DAEM,Rural,13,134,13404,Paine,114,39.6563106710655,84,8,14,8
10668,2,ESCUELA ELIAS SANCHEZ ORTUZAR,Municipal DAEM,Rural,13,134,13404,Paine,79,40.4560835548224,60,3,7,9
10669,0,ESCUELA  BARBARA KAST RIST,Municipal DAEM,Rural,13,134,13404,Paine,93,41.1129988974919,59,9,8,17
10671,2,ESCUELA CARMEN REVECO NUNEZ,Municipal DAEM,Urbano,13,134,13404,Paine,62,38.4150908592626,51,7,3,1
10672,0,COLEGIO  CHALLAY,Municipal DAEM,Rural,13,134,13404,Paine,49,38.322658262799,42,3,0,4
10673,9,ESCUELA BASICA F-N°835 HERMANOS SANCHEZ CERDA,Municipal DAEM,Urbano,13,134,13404,Paine,87,39.4221305531231,70,8,4,5
10674,7,ESCUELA SENDERO DE CULITRIN,Municipal DAEM,Rural,13,134,13404,Paine,48,38.1265798744135,44,2,1,1
10675,5,ESCUELA  LAS COLONIAS,Municipal DAEM,Rural,13,134,13404,Paine,60,39.0643713026628,46,5,4,5
10676,3,ESCUELA BASICA G-N°830 FRANCISCO LETELIER VALDES,Municipal DAEM,Rural,13,134,13404,Paine,51,38.5288320965211,39,5,4,3
10677,1,ESCUELA BASICA G N°831 JAVIER EYZAGUIRRE ECHAURREN,Municipal DAEM,Rural,13,134,13404,Paine,59,39.5647217431042,46,1,5,7
10679,8,ESCUELA  BASICA G-N°832 AGUILA SUR,Municipal DAEM,Rural,13,134,13404,Paine,50,37.8960415018574,42,2,3,3
10680,1,ESCUELA HUGO PINO VILCHEZ,Municipal DAEM,Urbano,13,134,13404,Paine,90,38.1063670772753,78,5,5,2
10685,2,COLEGIO PART. MARIA ANA MOGAS,Particular Subvencionado,Urbano,13,134,13404,Paine,180,36.7494324242317,164,9,5,2
10686,0,LICEO MUNICIPAL POETISA GABRIELA MISTRAL,Servicio Local de Educación(SLE),Rural,13,134,13403,Calera de Tango,118,39.2833215786466,94,5,6,13
10687,9,ESCUELA BASICA F-N°798 CALERA DE TANGO,Servicio Local de Educación(SLE),Rural,13,134,13403,Calera de Tango,131,36.985772725707,122,4,3,2
10688,7,LICEO LONQUEN,Servicio Local de Educación(SLE),Rural,13,134,13403,Calera de Tango,148,39.0530872446848,112,10,11,15
10689,5,ESCUELA EL ROTO CHILENO,Corporación Municipal,Urbano,13,136,13601,Talagante,62,39.4538743362242,51,3,2,6
10692,5,ESCUELA PARTICULAR SAN IGNACIO,Particular Subvencionado,Rural,13,134,13403,Calera de Tango,80,38.6141814515457,64,9,3,4
10696,8,LICEO TALAGANTE,Corporación Municipal,Urbano,13,136,13601,Talagante,156,36.1682514339321,147,3,2,4
10699,2,LICEO REPUBLICA DE GRECIA,Corporación Municipal,Urbano,13,136,13601,Talagante,191,38.6057461560883,147,14,16,14
10702,6,ESCUELA MANUEL RODRIGUEZ ERDOIZA,Corporación Municipal,Urbano,13,136,13601,Talagante,49,40.8989578483677,34,5,3,7
10704,2,ESCUELA ALBORADA DE TALAGANTE,Corporación Municipal,Urbano,13,136,13601,Talagante,204,39.0972859029007,166,11,11,16
10705,0,ESCUELA LUIS UNDURRAGA,Corporación Municipal,Urbano,13,136,13601,Talagante,62,36.9316440357067,56,5,0,1
10706,9,ESCUELA EL PINO VIEJO DE LONQUEN,Corporación Municipal,Rural,13,136,13601,Talagante,67,42.4318209454715,35,6,10,16
10710,7,COLEGIO ALCANTARA DE TALAGANTE,Particular Subvencionado,Urbano,13,136,13601,Talagante,137,33.8985350050011,134,3,0,0
10712,3,ESCUELA BAS. COLEGIO NACIONAL,Particular Subvencionado,Urbano,13,136,13601,Talagante,48,42.7746028157711,31,3,2,12
10713,1,COLEGIO NINO JESUS,Particular Subvencionado,Urbano,13,136,13601,Talagante,157,38.3944833696495,129,15,11,2
10715,8,INSTITUTO SUBTTE.LUIS CRUZ MARTINEZ,Particular Subvencionado,Urbano,13,136,13601,Talagante,134,41.3506599301267,88,9,8,29
10716,6,ESCUELA BAS. BARTOLOME BLUMENTHAL,Particular Subvencionado,Urbano,13,136,13601,Talagante,96,38.4730304789281,78,5,4,9
10721,2,ENGLISH COLLEGE,Particular Subvencionado,Urbano,13,136,13601,Talagante,200,38.6408226019187,160,12,12,16
10722,0,COLEGIO TORREON,Particular Subvencionado,Urbano,13,136,13601,Talagante,60,38.5232963549956,47,4,4,5
10723,9,COLEGIO PARTICULAR INTEGRAL ARTURO PRAT,Particular Subvencionado,Urbano,13,136,13601,Talagante,60,34.0782736352348,56,2,2,0
10726,3,LICEO BICENTENARIO MARIO BERTERO CEVASCO,Corporación Municipal,Urbano,13,136,13603,Isla de Maipo,191,37.9671287817214,162,8,9,12
10727,1,LICEO REPUBLICA DE ITALIA,Corporación Municipal,Urbano,13,136,13603,Isla de Maipo,142,42.1419657198851,84,11,19,28
10729,8,ESCUELA BASICA EFRAIN MALDONADO TORRES,Corporación Municipal,Urbano,13,136,13603,Isla de Maipo,139,40.5051984328623,96,13,11,19
10730,1,ESC.BASICA SAN ANTONIO DE NALTAGUA,Corporación Municipal,Rural,13,136,13603,Isla de Maipo,55,38.7482454347076,39,6,7,3
10734,4,CENTRO EDUC. PART. MARIA REINA INMACULADA,Particular Subvencionado,Urbano,13,136,13603,Isla de Maipo,152,37.9445584506975,129,14,8,1
10735,2,LICEO POLIV. LUIS HUMBERTO ACOSTA GAY,Municipal DAEM,Urbano,13,136,13602,El Monte,61,44.6817446779544,32,6,4,19
10736,0,ESCUELA REPUBLICA DEL ECUADOR,Municipal DAEM,Urbano,13,136,13602,El Monte,61,36.199824715228,58,1,1,1
10737,9,ESC. BASICA  JAVIERA CARRERA VERDUGO,Municipal DAEM,Urbano,13,136,13602,El Monte,107,41.8913284443787,66,5,18,18
10738,7,ESCUELA REPUBLICA DE HONDURAS,Municipal DAEM,Urbano,13,136,13602,El Monte,125,40.2887462308838,90,16,10,9
10740,9,ESCUELA CHINIGUE EL CRISTO,Municipal DAEM,Rural,13,136,13602,El Monte,64,36.7262840444309,57,4,1,2
10741,7,ESCUELA EL REMANSO,Municipal DAEM,Rural,13,136,13602,El Monte,58,39.0528394407066,51,6,0,1
10742,5,ESCUELA BAS. DIVINA PROVIDENCIA,Particular Subvencionado,Urbano,13,136,13602,El Monte,158,39.284017695343,125,11,13,9
10743,3,INSTITUTO SAN FRANCISCO,Particular Subvencionado,Urbano,13,136,13602,El Monte,63,36.3544447300587,58,4,1,0
10744,1,ESCUELA BAS. COLEGIO EMELINA URRUTIA,Particular Subvencionado,Urbano,13,136,13602,El Monte,56,38.3949432407671,48,2,2,4
10747,6,ESCUELA TERESA DE CALCUTA,Municipal DAEM,Urbano,13,136,13605,Peñaflor,63,39.554849731083,43,6,4,10
10748,4,ESCUELA EMILIA LASCAR,Municipal DAEM,Urbano,13,136,13605,Peñaflor,232,37.0522162625727,211,10,7,4
10749,2,LICEO BICENTENARIO DE EXCELENCIA PAUL HARRIS,Municipal DAEM,Urbano,13,136,13604,Padre Hurtado,141,41.7264167196256,95,15,8,23
10750,6,ESCUELA ROSALINA PESCIO VARGAS,Municipal DAEM,Urbano,13,136,13605,Peñaflor,163,39.202196671101,125,13,11,14
10752,2,ESCUELA REPUBLICA ARGENTINA,Municipal DAEM,Urbano,13,136,13604,Padre Hurtado,75,37.722253795021,64,6,1,4
10753,0,ESCUELA REPUBLICA CHECA,Municipal DAEM,Urbano,13,136,13605,Peñaflor,41,41.2442822049945,30,2,5,4
10754,9,ESCUELA MAND EDUARDO FREI MONTALVA,Municipal DAEM,Urbano,13,136,13605,Peñaflor,66,42.8597865260611,40,6,8,12
10756,5,ESCUELA SONIA PLAZA CASTRO,Municipal DAEM,Urbano,13,136,13605,Peñaflor,42,41.048149834727,30,1,4,7
10757,3,COLEGIO ALBERTO HURTADO CRUCHAGA,Particular Subvencionado,Urbano,13,136,13604,Padre Hurtado,164,39.6899296064068,124,15,8,17
10758,1,ESCUELA MALLOCO,Municipal DAEM,Urbano,13,136,13605,Peñaflor,89,39.8663115711623,64,6,9,10
10760,3,ESCUELA REPUBLICA DE ISRAEL,Municipal DAEM,Urbano,13,136,13605,Peñaflor,48,41.4831353944721,35,1,5,7
10763,8,ESCUELA CRISTAL CHILE,Municipal DAEM,Urbano,13,136,13604,Padre Hurtado,77,43.2883310018893,42,7,8,20
10764,6,ESCUELA LA ESPERANZA,Municipal DAEM,Rural,13,136,13604,Padre Hurtado,62,38.320097501481,48,7,4,3
10766,2,ESCUELA DOLORES CATTIN FAUNDEZ,Municipal DAEM,Rural,13,136,13605,Peñaflor,24,39.0152442432783,18,4,1,1
10767,0,ESCUELA BASICA ACADEMIA MALLOCO,Particular Subvencionado,Urbano,13,136,13605,Peñaflor,118,36.0934711103482,104,6,3,5
10768,9,ESCUELA BASICA N 41 AUGUSTO D`HALMAR,Particular Subvencionado,Urbano,13,136,13605,Peñaflor,101,35.9255761696722,93,2,1,5
10769,7,ESC.BASICA PART.BENJAMIN VERGARA,Particular Subvencionado,Urbano,13,136,13604,Padre Hurtado,145,34.9917498329306,142,1,1,1
10771,9,ESCUELA BAS. PART. COLEGIO CLAUDIO GAY,Particular Subvencionado,Urbano,13,136,13605,Peñaflor,34,32.5668590255929,34,0,0,0
10772,7,COL.PART.INMAC.CONC. DE NTRA.SRA. DE LOURDES,Particular Subvencionado,Urbano,13,136,13605,Peñaflor,160,35.8481312948931,150,5,3,2
10773,5,COMPLEJO EDUC.PART. LUIS PASTEUR,Particular Subvencionado,Urbano,13,136,13604,Padre Hurtado,249,38.2687372979327,207,15,13,14
10774,3,ESCUELA PARTICULAR EL REFUGIO,Particular Subvencionado,Urbano,13,136,13605,Peñaflor,26,44.8692991194248,10,2,5,9
10782,4,ESCUELA IGNACIO SERRANO MONTANER,Corporación Municipal,Urbano,13,135,13501,Melipilla,62,41.9606781733591,40,5,7,10
10783,2,LICEO GABRIELA MISTRAL DE MELIPILLA,Corporación Municipal,Urbano,13,135,13501,Melipilla,145,41.2955983947605,93,22,16,14
10784,0,COLEGIO HUILCO ALTO,Corporación Municipal,Urbano,13,135,13501,Melipilla,65,42.3105051219165,43,2,5,15
10785,9,COLEGIO MONS. JAIME LARRAIN BUNSTER,Corporación Municipal,Urbano,13,135,13501,Melipilla,71,38.7336091614082,65,1,1,4
10786,7,ESCUELA SAN JOSE DE LA VILLA,Corporación Municipal,Rural,13,135,13501,Melipilla,109,36.4491199188795,99,6,2,2
10789,1,ESCUELA GRAL. CAROL URZUA,Corporación Municipal,Urbano,13,135,13501,Melipilla,71,41.6114880499801,47,4,6,14
10790,5,ESCUELA REPUBLICA DEL BRASIL,Corporación Municipal,Urbano,13,135,13501,Melipilla,143,40.8416202288505,103,9,9,22
10791,3,COLEGIO POMAIRE,Corporación Municipal,Urbano,13,135,13501,Melipilla,137,37.1515719818548,125,1,7,4
10792,1,LICEO POLIV. EL BOLLENAR,Corporación Municipal,Urbano,13,135,13501,Melipilla,134,38.220713826032,114,5,6,9
10794,8,ESCUELA SANTA ROSA ESMERALDA,Corporación Municipal,Rural,13,135,13501,Melipilla,64,38.1552147217787,55,3,3,3
10795,6,ESCUELA CLAUDIO ARRAU,Corporación Municipal,Rural,13,135,13501,Melipilla,81,38.7583386890106,69,4,3,5
10796,4,ESCUELA PATRICIO LARRAIN GANDARILLAS,Corporación Municipal,Rural,13,135,13501,Melipilla,34,37.6640377014048,29,3,2,0
10797,2,ESCUELA PEDRO MARIN ALEMANY,Corporación Municipal,Rural,13,135,13501,Melipilla,74,36.3215638483985,68,2,1,3
10798,0,ESCUELA BASICA CARMEN BAJO,Corporación Municipal,Rural,13,135,13501,Melipilla,49,39.5562980636581,38,7,3,1
10799,9,ESCUELA RAMON NOGUERA PRIETO,Corporación Municipal,Rural,13,135,13501,Melipilla,66,39.3028215668446,52,6,2,6
10805,7,ESCUELA PUANGUE,Corporación Municipal,Rural,13,135,13501,Melipilla,50,41.1477130210241,37,1,4,8
10810,3,ESCUELA LIDIA MATTE HURTADO,Corporación Municipal,Rural,13,135,13501,Melipilla,55,32.8704363395405,54,1,0,0
10816,2,ESCUELA JOSE CAMARENA ESCRIVA,Corporación Municipal,Rural,13,135,13501,Melipilla,63,35.698252387648,61,0,1,1
10818,9,ESCUELA HUECHUN,Corporación Municipal,Rural,13,135,13501,Melipilla,54,39.3975608511975,44,5,2,3
10821,9,ESCUELA RAQUEL FERNANDEZ DE MORANDE,Corporación Municipal,Rural,13,135,13501,Melipilla,52,39.2384726260732,41,2,6,3
10827,8,ESCUELA BASICA EL PABELLON,Corporación Municipal,Urbano,13,135,13501,Melipilla,79,36.4906481717572,70,6,2,1
10828,6,COLEGIO PARTICULAR ALONSO DE ERCILLA,Particular Subvencionado,Urbano,13,135,13501,Melipilla,179,40.235049136963,123,27,12,17
10829,4,ESC. BAS. NUESTRA SEÑORA Y MADRE DEL CARMEN,Particular Subvencionado,Urbano,13,135,13501,Melipilla,159,40.6529453939662,110,13,17,19
10831,6,COLEGIO PARTICULAR MELIPILLA,Particular Subvencionado,Urbano,13,135,13501,Melipilla,258,39.0982630664175,207,20,17,14
10832,4,COLEGIO POLIVALENTE SAN AGUSTIN,Particular Subvencionado,Urbano,13,135,13501,Melipilla,381,42.7060906339917,216,28,41,96
10833,2,CENTRO EDUCACIONAL MENESIANO,Particular Subvencionado,Rural,13,135,13501,Melipilla,179,40.226341452281,130,24,9,16
10835,9,LICEO MUNICIPAL F-N°860,Corporación Municipal,Urbano,13,135,13504,María Pinto,71,38.1624985856802,63,4,3,1
10836,7,ESCUELA BASICA F-N° 732 CHOROMBO ALTO,Corporación Municipal,Rural,13,135,13504,María Pinto,54,35.7065019533557,51,0,0,3
10837,5,ESCUELA BASICA F-N°738 LOS RULOS,Corporación Municipal,Urbano,13,135,13504,María Pinto,63,36.1595442729109,58,3,1,1
10838,3,ESCUELA BASICA G-N°733 CHOROMBO BAJO,Corporación Municipal,Rural,13,135,13504,María Pinto,40,35.6482317819311,37,1,0,2
10839,1,ESCUELA BASICA G-N°734 LAS MERCEDES,Corporación Municipal,Rural,13,135,13504,María Pinto,66,33.6110301722387,66,0,0,0
10840,5,ESCUELA BASICA G-N°737 SANTA EMILIA,Corporación Municipal,Urbano,13,135,13504,María Pinto,59,38.6596168866755,50,3,2,4
10842,1,ESCUELA BASICA VALLE DE PUANGUE,Municipal DAEM,Urbano,13,135,13503,Curacaví,128,40.0882891751749,93,11,5,19
10844,8,ESCUELA SAN JOSE OBRERO DE CURACAVI,Municipal DAEM,Urbano,13,135,13503,Curacaví,150,39.2019653017814,117,15,13,5
10846,4,ESCUELA FERNANDO CARVAJAL PINTO,Municipal DAEM,Rural,13,135,13503,Curacaví,53,37.4932097032873,45,2,2,4
10848,0,ESCUELA ELIECER PEREZ VARGAS,Municipal DAEM,Rural,13,135,13503,Curacaví,60,34.249627904227,59,0,1,0
10851,0,COLEGIO INSTITUTO SAN LUIS DE CURACAVI,Particular Subvencionado,Urbano,13,135,13503,Curacaví,67,37.1695585214493,59,2,2,4
10852,9,ESCUELA BASICA N°403 NUESTRA SRA. DE LA GUARDIA,Particular Subvencionado,Rural,13,135,13503,Curacaví,70,38.309235535765,62,4,4,0
10854,5,LICEO MUNICIPAL DE SAN PEDRO,Municipal DAEM,Rural,13,135,13505,San Pedro,105,35.7451869156117,93,5,7,0
10856,1,ESCUELA BASICA G-N°126,Municipal DAEM,Rural,13,135,13505,San Pedro,23,36.1480665372048,20,1,0,2
10858,8,ESCUELA BASICA G-N°128 ATALICIO AGUILAR A.,Municipal DAEM,Rural,13,135,13505,San Pedro,28,35.392559235193,27,0,0,1
10861,8,ESCUELA BASICA G-N°130,Municipal DAEM,Rural,13,135,13505,San Pedro,25,33.858201014111,24,1,0,0
10862,6,ESCUELA BASICA G-N°131,Municipal DAEM,Rural,13,135,13505,San Pedro,37,38.649823155313,31,2,2,2
10864,2,ESCUELA BASICA G-N°134 NIHUE,Municipal DAEM,Rural,13,135,13505,San Pedro,34,32.5755555387356,34,0,0,0
10865,0,ESCUELA ENRIQUE REYMOND ALDUNATE,Municipal DAEM,Rural,13,135,13505,San Pedro,30,36.1743355835009,29,0,0,1
10868,5,ESCUELA BASICA G-N°139,Municipal DAEM,Rural,13,135,13505,San Pedro,96,32.7912665809469,12,0,0,0
10869,3,ESCUELA BASICA G-N°140,Municipal DAEM,Rural,13,135,13505,San Pedro,96,34.0422672640634,7,0,1,0
10871,5,ESCUELA BASICA G-N°498,Municipal DAEM,Rural,13,135,13505,San Pedro,96,33.5986942458291,11,0,0,0
10873,1,LICEO MUNICIPAL SARA TRONCOSO TRONCOSO,Municipal DAEM,Urbano,13,135,13502,Alhué,142,38.0006783502244,112,7,9,14
10877,4,ESCUELA EL ASIENTO,Municipal DAEM,Rural,13,135,13502,Alhué,22,35.7661475506514,18,2,1,1
10879,0,ESCUELA SAN ALFONSO,Municipal DAEM,Rural,13,135,13502,Alhué,51,38.203015242339,43,5,1,2
10880,4,ESCUELA HACIENDA ALHUE,Municipal DAEM,Rural,13,135,13502,Alhué,31,38.1751330425766,24,0,2,5
10881,2,COLEGIO SAN SEBASTIAN,Particular Subvencionado,Urbano,13,131,13121,Pedro Aguirre Cerda,110,46.5841092128721,40,9,20,41
10892,8,NORTH AMERICAN COLLEGE,Particular Subvencionado,Urbano,15,151,15101,Arica,468,36.5415625272048,416,22,18,12
10893,6,ESCUELA EJERCITO DE SALVACION,Particular Subvencionado,Urbano,15,151,15101,Arica,152,39.4184954124776,123,7,6,16
10901,0,COLEGIO SAN MARTIN,Particular Subvencionado,Urbano,1,11,1101,Iquique,115,40.6488785620869,80,6,12,17
10905,3,ESCUELA BASICA FUERTE BAQUEDANO,Corporación Municipal,Rural,1,14,1401,Pozo Almonte,52,34.9526651514693,48,1,2,1
10906,1,COLEGIO FORD COLLEGE,Particular Subvencionado,Urbano,15,151,15101,Arica,79,31.8000837906854,78,0,0,1
10915,0,COLEGIO CARDENAL ANTONIO SAMORE,Particular Subvencionado,Urbano,15,151,15101,Arica,233,34.6021921334783,215,8,7,3
10916,9,ESCUELA CALETA CHANAVAYITA,Servicio Local de Educación(SLE),Rural,1,11,1101,Iquique,32,38.8180362376089,26,2,2,2
10917,7,LICEO S.S JUAN PABLO SEGUNDO,Servicio Local de Educación(SLE),Urbano,1,11,1107,Alto Hospicio,382,36.1907238287922,351,14,7,10
10962,2,COLEGIO JUAN PABLO II,Particular Subvencionado,Urbano,2,22,2201,Calama,216,34.8209684116797,209,6,1,0
10963,0,COLEGIO EVANGELICO EJERCITO DE SALVACION CATHERINE BOOTH,Particular Subvencionado,Urbano,2,22,2201,Calama,246,40.9119773529734,190,14,15,27
11025,6,ESCUELA FRONTERIZA,Servicio Local de Educación(SLE),Rural,3,33,3302,Alto del Carmen,96,34.398335667684,19,0,0,0
11032,9,ESCUELA CRISTIANA BÁSICA BETHEL,Particular Subvencionado,Urbano,3,33,3301,Vallenar,60,34.1501950406516,60,0,0,0
11033,7,ESCUELA BÁSICA ANGELINA SALAS OLIVARES,Servicio Local de Educación(SLE),Urbano,3,32,3201,Chañaral,93,38.0808763441571,81,4,2,6
11105,8,LICEO BICENTENARIO DE EXCELENCIA COLEGIO PARTICULAR MIGUEL DE CERVANTES,Particular Subvencionado,Urbano,4,41,4102,Coquimbo,170,40.4253847304746,125,12,18,15
11106,6,COLEGIO PARTICULAR SANTA MARIA,Particular Subvencionado,Urbano,4,43,4301,Ovalle,228,36.4096429292662,204,12,7,5
11111,2,LICEO ALBERTO GALLARDO LORCA,Municipal DAEM,Urbano,4,43,4304,Punitaqui,56,39.5206910683097,40,7,6,3
11114,7,COLEGIO NUEVO MUNDO,Particular Subvencionado,Urbano,4,41,4101,La Serena,60,38.1067582490336,55,0,4,1
11130,9,COLEGIO SAN IGNACIO DE LOYOLA,Particular Subvencionado,Urbano,4,42,4201,Illapel,77,39.272196978274,52,10,6,9
11133,3,COLEGIO PARTICULAR SAN GABRIEL,Particular Subvencionado,Urbano,4,41,4102,Coquimbo,58,39.5504334728649,41,5,4,8
11144,9,ESCUELA DIEGO DE ALMEYDA,Particular Subvencionado,Urbano,4,41,4102,Coquimbo,216,40.46512467759,145,29,20,22
11145,7,COLEGIO PARTICULAR CALASANZ,Particular Subvencionado,Urbano,4,41,4102,Coquimbo,90,40.2019289256809,65,11,6,8
11147,3,COLEGIO MANANTIAL,Particular Subvencionado,Urbano,4,42,4201,Illapel,69,37.7593482383936,57,4,5,3
11155,4,LICEO JORGE ALESSANDRI RODRIGUEZ,Corporación Municipal,Urbano,4,41,4101,La Serena,47,48.4284727876578,18,5,3,21
11157,0,COLEGIO LIBERTADOR SIMON BOLIVAR,Particular Subvencionado,Urbano,4,41,4101,La Serena,65,38.5589417637069,47,8,5,5
11177,5,COLEGIO PARROQUIAL SAN NICOLAS,Particular Subvencionado,Urbano,5,55,5503,Hijuelas,158,35.8843621884539,152,3,3,0
11199,6,COLEGIO LUIS CRUZ MARTINEZ,Municipal DAEM,Urbano,5,54,5401,La Ligua,140,39.022088505484,112,8,12,8
11201,1,BRITISH SCHOOL SAN ANTONIO,Particular Subvencionado,Urbano,5,56,5601,San Antonio,37,42.8204390823272,19,2,7,9
11203,8,COLEGIO PARTICULAR CLAUDIO GAY,Particular Subvencionado,Urbano,5,53,5301,Los Andes,74,36.213776469419,68,2,3,1
11209,7,COLEGIO GALILEO GALILEI,Particular Subvencionado,Urbano,5,58,5804,Villa Alemana,66,38.399192755928,51,4,6,5
11217,8,COLEGIO SAINT THOMAS,Particular Subvencionado,Urbano,5,51,5101,Valparaíso,55,42.9978632719437,31,3,9,12
11220,8,COLEGIO LUIS GALDAMEZ,Particular Subvencionado,Urbano,5,51,5101,Valparaíso,30,38.8082870525707,25,1,3,1
11223,2,COLEGIO ITALIANO,Particular Subvencionado,Urbano,5,58,5802,Limache,58,40.5930134114024,39,7,6,6
11224,0,COLEGIO PARTICULAR BECARB,Particular Subvencionado,Urbano,5,55,5502,Calera,88,37.9572086701556,79,5,2,2
11240,2,ESCUELA SAN GABRIEL DE LA RIVERA,Particular Subvencionado,Urbano,5,55,5502,Calera,128,38.5500509446501,110,10,6,2
11242,9,COLEGIO EL COBRE DE LOS ANDES,Particular Subvencionado,Urbano,6,61,6101,Rancagua,38,40.3597863897991,28,5,4,1
11248,8,ESC. ADRIANA ARANGUIZ CERDA,Corporación Municipal,Rural,6,61,6117,San Vicente,65,37.3937178419592,58,1,2,4
11256,9,COLEGIO PARTICULAR SUBV.DON BOSCO,Particular Subvencionado,Urbano,6,61,6101,Rancagua,124,35.624666939475,113,6,3,2
11261,5,ESCUELA DIGNA CAMILO,Municipal DAEM,Urbano,6,62,6201,Pichilemu,80,38.3484436238256,69,3,3,5
11265,8,COLEGIO ENA BELLEMANS MONTTI,Particular Subvencionado,Urbano,6,61,6101,Rancagua,233,39.6792411425936,179,20,14,20
11277,1,ESCUELA GABRIELA MISTRAL,Municipal DAEM,Urbano,6,61,6110,Mostazal,83,39.0320790201714,71,3,4,5
11323,9,ESCUELA REINO DE DINAMARCA,Municipal DAEM,Urbano,7,73,7304,Molina,112,42.8157951313584,58,11,13,30
11333,6,ESCUELA OSVALDO HIRIART CORVALAN,Municipal DAEM,Rural,7,71,7107,Pencahue,96,33.3345016895721,9,0,0,0
11336,0,COLEGIO PARTICULAR NOBEL SCHOOL,Particular Subvencionado,Urbano,7,74,7404,Parral,89,36.7252082551692,79,6,1,3
11339,5,ESCUELA SAN ANTONIO,Particular Subvencionado,Urbano,7,71,7101,Talca,152,41.0307677467134,102,13,14,23
11342,5,ESCUELA CARLOS TRUPP WANNER,Municipal DAEM,Urbano,7,71,7101,Talca,107,41.3899690724341,72,11,12,12
11343,3,COLEGIO NUEVA HOLANDA,Particular Subvencionado,Urbano,7,71,7101,Talca,74,37.1052904427245,68,3,1,2
11344,1,INSTITUTO JAVIERA CARRERA DE LINARES,Particular Subvencionado,Urbano,7,74,7401,Linares,42,41.3039231226908,34,1,2,5
11348,4,COLEGIO DE MARIA,Particular Subvencionado,Urbano,7,71,7101,Talca,80,36.9007200691199,74,3,2,1
11394,8,ESCUELA GABRIELA MISTRAL,Municipal DAEM,Urbano,8,81,8111,Tomé,214,35.1162845569975,205,3,5,1
11397,2,COLEGIO ADVENTISTA,Particular Subvencionado,Urbano,8,81,8106,Lota,90,36.8924617891642,81,4,5,0
11398,0,ESCUELA MAULE,Servicio Local de Educación(SLE),Urbano,8,81,8102,Coronel,63,37.7799899461205,57,3,2,1
11405,7,ESCUELA FERNANDO BAQUEDANO,Municipal DAEM,Urbano,16,161,16109,Yungay,170,39.2744014743352,124,12,19,15
11408,1,ESCUELA PARTICULAR SANTA PILAR,Particular Subvencionado,Rural,8,83,8301,Los Ángeles,20,41.9834657380251,12,2,3,3
11414,6,ESCUELA MIGUEL DE CERVANTES,Particular Subvencionado,Urbano,8,81,8103,Chiguayante,21,38.5338834798914,15,2,2,2
11420,0,COLEGIO METODISTA LAGUNILLAS,Particular Subvencionado,Urbano,8,81,8102,Coronel,82,38.0268648485996,67,9,4,2
11429,4,COLEGIO ALIWEN,Particular Subvencionado,Urbano,8,83,8301,Los Ángeles,43,39.0165259410529,34,4,4,1
11430,8,COLEGIO TERESIANO PADRE ENRIQUE,Particular Subvencionado,Urbano,8,83,8306,Nacimiento,181,35.6172136743401,174,3,3,1
11462,6,ESCUELA COLONIA RAYEN-LAFQUEN,Municipal DAEM,Rural,9,91,9120,Villarrica,96,31.6514372020596,9,0,0,0
11465,0,COLEGIO LATINOAMERICANO,Particular Subvencionado,Urbano,9,91,9101,Temuco,59,41.4135379725978,35,5,8,11
11467,7,ESCUELA PARTICULAR VILCUN,Particular Subvencionado,Urbano,9,91,9119,Vilcún,93,38.8847131408172,76,6,6,5
11471,5,ESCUELA PARTICULAR FOLILCO,Particular Subvencionado,Rural,9,91,9105,Freire,96,35.5179422822971,7,1,0,0
11472,3,ESCUELA ARAUCARIAS,Municipal DAEM,Urbano,9,91,9109,Loncoche,49,39.8694246825674,35,4,4,6
11498,7,COMPLEJO EDUCACIONAL PRINCIPE DE GALES,Particular Subvencionado,Urbano,9,91,9111,Nueva Imperial,141,40.8741438968111,94,13,18,16
11501,0,COLEGIO RAKIDUAM,Particular Subvencionado,Rural,9,91,9120,Villarrica,96,41.2649537466029,11,0,1,5
11509,6,ESCUELA BASICA SAN SEBASTIAN DE MAQUEHUE,Particular Subvencionado,Urbano,9,91,9112,Padre Las Casas,123,40.0350490535771,90,14,5,14
11532,0,ESCUELA PARTICULAR LUIS ISRAEL,Particular Subvencionado,Urbano,9,91,9112,Padre Las Casas,96,40.5330595038024,13,2,0,2
11544,4,ESCUELA PARTICULAR MISIONAL PELCHUQUIN,Particular Subvencionado,Rural,14,141,14106,Mariquina,21,37.5269738674807,17,0,3,1
11548,7,ESCUELA CLAUDIO MATTE,Servicio Local de Educación(SLE),Rural,10,101,10105,Frutillar,80,32.7571246192406,79,0,1,0
11553,3,ESCUELA RURAL NALHUITAD,Servicio Local de Educación(SLE),Rural,10,102,10203,Chonchi,96,32.0877148591306,8,0,0,0
11591,6,INSTITUTO TECNICO PROFESIONAL LLIFEN,Municipal DAEM,Rural,14,142,14202,Futrono,79,35.433448291891,75,2,2,0
11594,0,COLEGIO ANTILLANCA,Particular Subvencionado,Urbano,10,103,10301,Osorno,53,42.0187707150962,34,1,10,8
11608,4,LICEO TECNICO PROFESIONAL JUAN PABLO II,Particular Subvencionado,Urbano,11,111,11101,Coyhaique,142,41.8297387201446,87,9,13,33
11609,2,ESCUELA MUNICIPAL MELIMOYU,Servicio Local de Educación(SLE),Rural,11,112,11202,Cisnes,96,27.5175927226495,1,0,0,0
11674,2,ESCUELA PARTICULAR CANICU,Particular Subvencionado,Rural,8,83,8314,Alto Biobío,30,30.8285127025458,30,0,0,0
11677,7,ESCUELA ANDRES ALCAZAR,Municipal DAEM,Urbano,8,83,8304,Laja,196,34.8249721228664,180,7,6,3
11678,5,LICEO ADVENTISTA,Particular Subvencionado,Urbano,12,121,12101,Punta Arenas,80,36.6886331137728,72,2,3,3
11680,7,COLEGIO CHARLES DARWIN,Particular Subvencionado,Urbano,12,121,12101,Punta Arenas,92,36.9664238718354,84,4,2,2
11687,4,ESCUELA REPUBLICA ARGENTINA,Servicio Local de Educación(SLE),Urbano,12,121,12101,Punta Arenas,50,40.8676973139165,36,5,4,5
11704,8,ESCUELA PUERTA DE LA CORDILLERA,Servicio Local de Educación(SLE),Urbano,16,161,16106,Pinto,127,37.5605966364658,110,6,5,6
11705,6,COLEGIO LOS EDUCADORES,Particular Subvencionado,Urbano,8,81,8108,San Pedro de la Paz,72,46.5852170598179,37,3,6,26
11706,4,LICEO PARTICULAR LOS ANDES,Particular Subvencionado,Urbano,8,81,8108,San Pedro de la Paz,91,42.5994541747847,51,7,15,18
11707,2,COLEGIO PARTICULAR NIÑO JESÚS,Particular Subvencionado,Urbano,8,81,8106,Lota,123,35.5577461794364,120,0,2,1
11708,0,COLEGIO PARQUE CENTRAL,Particular Subvencionado,Urbano,8,81,8112,Hualpén,43,36.6401556122503,41,0,1,1
11709,9,COLEGIO ALERCE,Particular Subvencionado,Urbano,8,81,8101,Concepción,77,39.7416414090823,55,6,2,14
11711,0,ESCUELA LUIS MARTÍNEZ GONZÁLEZ,Municipal DAEM,Urbano,8,83,8312,Tucapel,184,38.2094762609992,146,10,11,17
11712,9,ESCUELA PARTICULAR GASPAR CABRALES,Particular Subvencionado,Rural,8,82,8206,Los Álamos,194,37.5725321093626,171,9,8,6
11714,5,ESCUELA CHACUIVI,Municipal DAEM,Rural,8,82,8207,Tirúa,96,38.2395952645142,15,0,0,1
11715,3,COLEGIO PARTICULAR ALBERTO BLEST GANA,Particular Subvencionado,Urbano,8,81,8108,San Pedro de la Paz,99,42.1855797775649,56,9,18,16
11716,1,COLEGIO MARÍA INMACULADA DE LOS ÁNGELES,Particular Subvencionado,Urbano,8,83,8301,Los Ángeles,52,36.9591308522388,45,2,3,2
11718,8,ESCUELA PARTICULAR JUAN PABLO SEGUNDO,Particular Subvencionado,Urbano,8,83,8301,Los Ángeles,132,35.2474314990776,128,0,3,1
11719,6,ESCUELA PARTICULAR BIOBÍO DE LOS ÁNGELES,Particular Subvencionado,Urbano,8,83,8301,Los Ángeles,70,41.6281306909171,38,10,9,13
11739,0,ESCUELA PART.TRAPA TRAPA BUTALELBUM,Particular Subvencionado,Rural,8,83,8314,Alto Biobío,96,30.2769551676236,18,0,0,0
11741,2,COLEGIO SAN ANDRÉS,Particular Subvencionado,Urbano,8,81,8101,Concepción,46,36.962282206409,40,3,0,3
11743,9,COLEGIO BASICO LOS LOBOS,Municipal DAEM,Urbano,8,81,8110,Talcahuano,63,37.8572095255875,53,1,3,6
11744,7,ESCUELA CHILLAN VIEJO,Particular Subvencionado,Urbano,16,161,16103,Chillán Viejo,22,42.7879493332348,12,3,5,2
11746,3,ESCUELA PARTICULAR LOS CONFINES,Particular Subvencionado,Urbano,8,82,8205,Curanilahue,66,38.1047509669052,55,2,3,6
11789,7,ESCUELA BASICA PART.BROTHERS SCHOOL,Particular Subvencionado,Urbano,13,131,13110,La Florida,108,38.6367414377141,84,10,10,4
11792,7,LICEO PARTIC.ALBERTO MAGNO LA FLORIDA,Particular Subvencionado,Urbano,13,131,13110,La Florida,169,39.4342826081641,133,10,16,10
11793,5,ESC BASICA PARTICULAR SAN VALENTIN,Particular Subvencionado,Urbano,13,131,13110,La Florida,39,45.4368244706405,16,1,11,11
11795,1,COLEGIO SAN CARLOS DE LA FLORIDA,Particular Subvencionado,Urbano,13,131,13110,La Florida,66,42.5239192789775,35,6,6,19
11797,8,ESC PARTICULAR MANUEL VICUNA LARRAIN,Particular Subvencionado,Urbano,13,131,13110,La Florida,37,41.8702541438946,27,3,1,6
11805,2,COLEGIO POLIVALENTE INGLES,Particular Subvencionado,Urbano,13,131,13112,La Pintana,78,40.979067166255,65,3,3,7
11806,0,ESCUELA BASICA PARTICULAR ARMI,Particular Subvencionado,Urbano,13,131,13131,San Ramón,96,47.4296345615522,8,1,0,9
11809,5,ESC.PAR.MAURICE AND NATALY SCHOOL,Particular Subvencionado,Urbano,13,131,13131,San Ramón,50,39.3159755555637,40,5,4,1
11812,5,COLEGIO TOMAS MORO,Particular Subvencionado,Urbano,13,131,13130,San Miguel,255,39.3008682774617,203,20,12,20
11813,3,ESCUELA PARTICULAR ALVAREZ DE TOLEDO,Particular Subvencionado,Urbano,13,131,13130,San Miguel,62,40.147531378615,46,4,2,10
11818,4,COMPLEJO EDUC.PARTICULAR DE LAS ACACIAS,Particular Subvencionado,Urbano,13,131,13105,El Bosque,115,44.0607510149105,60,10,15,30
11830,3,ESCUELA BASICA  1287 SAN MARCOS APOSTOL,Particular Subvencionado,Urbano,13,131,13119,Maipú,137,39.457348273583,110,8,8,11
11835,4,ESCUELA PARTICULAR ROYAL SCHOOL,Particular Subvencionado,Urbano,13,131,13117,Lo Prado,70,39.2829576182422,53,4,5,8
11837,0,ESCUELA SAINT MARY SCHOOL,Particular Subvencionado,Urbano,13,133,13301,Colina,82,42.267614805903,57,8,4,13
11838,9,ESCUELA PART. STA. CLARISA DE COLINA,Particular Subvencionado,Urbano,13,133,13301,Colina,70,42.6722484564493,45,4,9,12
11843,5,MASTER COLLEGE,Particular Subvencionado,Urbano,13,134,13401,San Bernardo,60,35.8520662612334,57,3,0,0
11845,1,ESCUELA PARTICULAR BELGICA,Particular Subvencionado,Urbano,13,134,13401,San Bernardo,109,40.893472554413,79,8,11,11
11851,6,COLEGIO JOSE MANUEL BALMACEDA,Particular Subvencionado,Urbano,13,136,13605,Peñaflor,130,37.9046529075876,110,10,7,3
11853,2,ESCUELA BAS. PARTICULAR MILLARAY,Particular Subvencionado,Urbano,13,136,13605,Peñaflor,23,48.0818497917166,6,4,0,13
11854,0,ESCUELA BASICA PARTICULAR BRASILIA,Particular Subvencionado,Rural,13,136,13604,Padre Hurtado,62,36.7488332855017,56,2,1,3
11867,2,COLEGIO UNIVERSAL SAN FRANCISCO,Particular Subvencionado,Urbano,13,136,13601,Talagante,69,39.8098215716637,48,9,5,7
11870,2,ESC.BAS. PART. COLEGIO HAYDN DE SAN JOAQUIN,Particular Subvencionado,Urbano,13,131,13129,San Joaquín,132,41.2087430402739,87,14,14,17
11886,9,ESCUELA BASICA EL CARMELO,Particular Subvencionado,Rural,13,135,13503,Curacaví,66,38.1581403249613,59,3,4,0
11906,7,ESCUELA BAS. LOS CARRERA,Particular Subvencionado,Urbano,13,131,13130,San Miguel,156,36.3281495117947,140,8,3,5
11909,1,ESCUELA PARTICULAR N°333 EL ANGEL,Particular Subvencionado,Urbano,13,131,13129,San Joaquín,53,44.094962666725,29,4,4,16
11914,8,ESCUELA BASICA Nº128 SAN RAMON,Particular Subvencionado,Urbano,13,131,13109,La Cisterna,74,43.7208284839811,45,5,5,19
11926,1,ESCUELA BASICA PARTICULAR ROQUER,Particular Subvencionado,Urbano,13,131,13128,Renca,78,39.5026161981032,57,7,6,8
11928,8,ESCUELA ANTILLANCA,Particular Subvencionado,Urbano,13,132,13201,Puente Alto,21,42.6090167851847,14,1,3,3
11931,8,CENTRO EDUC.PART.ORDEN DE SAN JORGE,Particular Subvencionado,Urbano,13,134,13401,San Bernardo,163,43.2484796990322,85,16,19,43
11936,9,COLEGIO JACQUES COUSTEAU,Particular Subvencionado,Urbano,13,131,13119,Maipú,163,44.3579845342889,71,21,16,55
11942,3,COLEGIO ABERSAN,Particular Subvencionado,Urbano,13,133,13301,Colina,100,42.0879048815973,63,12,7,18
11949,0,COLEGIO CRISOL,Particular Subvencionado,Urbano,13,131,13110,La Florida,49,40.9351138175234,34,5,2,8
11950,4,COLEGIO MONTEVERDE,Particular Subvencionado,Urbano,13,131,13122,Peñalolén,181,42.8262044496924,90,16,23,52
11952,0,ESCUELA BELEN O¦HIGGINS,Particular Subvencionado,Urbano,13,131,13110,La Florida,53,39.1975183476472,44,5,2,2
11965,2,CENTRO EDUCACIONAL SAN LORENZO,Particular Subvencionado,Urbano,13,131,13127,Recoleta,150,42.0307213905272,93,13,15,29
11977,6,SAINT CHRISTIAN COLLEGE,Particular Subvencionado,Urbano,13,131,13111,La Granja,222,40.041471388219,163,18,21,20
11979,2,COLEGIO MIGUEL ANGEL,Particular Subvencionado,Urbano,13,131,13112,La Pintana,56,43.9169312393104,30,5,5,16
11993,8,ESCUELA BASICA JUAN PABLO DUARTE,Corporación Municipal,Urbano,13,131,13123,Providencia,208,39.9230441956992,152,12,21,23
11994,6,LICEO POLIVALENTE BAHIA DARWIN,Particular Subvencionado,Urbano,13,131,13111,La Granja,63,40.5070883076117,44,5,4,10
11997,0,ESCUELA JOSE IBAÑEZ,Particular Subvencionado,Urbano,13,131,13109,La Cisterna,140,42.9276074168106,78,7,16,39
11998,9,ESCUELA BASICA PARTICULAR HUEÑECITO,Particular Subvencionado,Urbano,13,131,13112,La Pintana,29,48.00136383318,7,3,4,15
12001,4,COLEGIO PARTICULAR EVANGÉLICO BETANIA,Particular Subvencionado,Urbano,16,161,16101,Chillán,112,38.2007536078839,92,5,7,8
12002,2,ESCUELA PARTICULAR TOQUI CAUPOLICAN,Particular Subvencionado,Rural,8,82,8203,Cañete,68,38.2337288618213,56,5,3,4
12005,7,COLEGIO DON ORIONE,Particular Subvencionado,Urbano,8,83,8301,Los Ángeles,136,39.9802656172504,102,9,13,12
12008,1,ESCUELA PARTICULAR AMERICO VESPUCIO,Particular Subvencionado,Urbano,8,81,8102,Coronel,180,36.3432042820668,162,8,2,8
12020,0,ESCUELA BASICA ENRIQUE ZANARTU PRIETO,Municipal DAEM,Urbano,8,83,8303,Cabrero,130,39.6285219342975,95,13,10,12
12022,7,ESCUELA BASICA CHACAYAL SUR,Municipal DAEM,Rural,8,83,8301,Los Ángeles,29,37.5916039486831,27,1,1,0
12023,5,COLEGIO BASICO SAN VICENTE,Municipal DAEM,Urbano,8,81,8110,Talcahuano,40,38.3744745057377,32,3,2,3
12027,8,COLEGIO BICENTENARIO DE EXCELENCIA EL ÁRBOL DE LA VIDA,Particular Subvencionado,Urbano,16,163,16301,San Carlos,70,36.5684632766148,62,6,2,0
12031,6,COLEGIO SAN DIEGO DE ALCALÁ,Particular Subvencionado,Urbano,8,83,8312,Tucapel,90,36.6057118850699,81,3,6,0
12032,4,COLEGIO CHOLGUAN,Particular Subvencionado,Rural,16,161,16109,Yungay,66,32.1564809283797,66,0,0,0
12037,5,LICEO POLIVALENTE HERMANAS MAESTRAS DE LA SANTA CRUZ,Particular Subvencionado,Urbano,8,83,8304,Laja,112,37.9023156473338,95,4,7,6
12046,4,COLEGIO LORENZO MONDANELLI,Particular Subvencionado,Urbano,16,163,16302,Coihueco,73,35.0529341261586,72,0,1,0
12050,2,COLEGIO POLIVALENTE DARIO SALAS,Particular Subvencionado,Urbano,16,161,16101,Chillán,96,44.1427245947758,10,1,1,6
12058,8,ESCUELA BASICA LOS LIBERTADORES,Servicio Local de Educación(SLE),Urbano,8,81,8105,Hualqui,108,37.812899205154,89,5,4,10
12059,6,COLEGIO AGRÍCOLA LOS MAYOS,Particular Subvencionado,Rural,8,83,8311,Santa Bárbara,22,38.4969495745238,21,0,0,1
12076,6,ESCUELA PARTICULAR SAN GUILLERMO,Particular Subvencionado,Urbano,13,132,13201,Puente Alto,138,41.3956991952256,85,16,13,24
12077,4,COLEGIO SAN MIGUEL DE LOS ANDES,Particular Subvencionado,Urbano,13,132,13201,Puente Alto,142,40.3709603289705,98,13,13,18
12079,0,HERNAN MERINO CORREA,Servicio Local de Educación(SLE),Urbano,13,134,13401,San Bernardo,147,44.2155024650672,74,13,12,48
12083,9,COLEGIO LO ERRAZURIZ,Particular Subvencionado,Urbano,13,131,13119,Maipú,76,39.575906317811,52,5,6,13
12085,5,COLEGIO CRISTIANO EMMANUEL,Particular Subvencionado,Urbano,13,131,13110,La Florida,79,40.8997985174579,52,6,10,11
12095,2,ESC BAS PART COLEGIO CHILLAN,Particular Subvencionado,Urbano,13,131,13110,La Florida,86,41.2960905876103,62,7,6,11
12105,3,ESCUELA BASICA Nº1343 `CEDEL INTEGRACION`,Particular Subvencionado,Urbano,13,131,13112,La Pintana,28,37.0552683454077,24,1,2,1
12111,8,COLEGIO POLIV. PDTE. JOSE MANUEL BALMACEDA,Particular Subvencionado,Urbano,13,134,13401,San Bernardo,91,38.4301572791717,78,5,3,5
12113,4,ESCUELA BASICA LO VELASQUEZ,Corporación Municipal,Urbano,13,131,13128,Renca,81,41.0814522822199,56,5,6,14
12115,0,CENTRO EDUCACIONAL FEDERICO GARCIA LORCA,Particular Subvencionado,Urbano,13,131,13128,Renca,95,43.2992712396065,58,3,12,22
12118,5,ESCUELA CENTRO BIBLICO LA FORESTA,Particular Subvencionado,Urbano,13,135,13501,Melipilla,80,42.8906627959231,44,7,13,16
12121,5,ESCUELA MARIA DE LA PAZ,Particular Subvencionado,Urbano,13,132,13201,Puente Alto,43,41.3656713329788,30,1,4,8
12122,3,ESCUELA EDUCADORA GABRIELA MISTRAL,Particular Subvencionado,Urbano,13,131,13124,Pudahuel,150,40.4356645166802,112,13,10,15
12130,4,ESCUELA MARIA TERESA SCHOOL NUM 2,Particular Subvencionado,Urbano,13,131,13101,Santiago,46,41.0248331232908,29,5,2,10
12151,7,COLEGIO HISPANO AMERICANO,Particular Subvencionado,Urbano,5,51,5109,Viña del Mar,180,40.5549257939907,129,8,20,23
12171,1,ESCUELA BASICA HUMBERTO VILCHEZ ALZAMORA,Corporación Municipal,Urbano,5,51,5109,Viña del Mar,83,41.9078833227243,51,9,11,12
12175,4,ESCUELA PARTICULAR MARIANO LATORRE,Particular Subvencionado,Urbano,5,51,5101,Valparaíso,35,40.7187747900641,26,3,1,5
12182,7,ESCUELA PARTICULAR N.303 LUIS CRUZ MARTINEZ,Particular Subvencionado,Urbano,10,103,10301,Osorno,20,38.3616403389368,17,1,0,2
12183,5,COLEGIO SAINT THOMAS COLLEGE,Particular Subvencionado,Urbano,10,103,10301,Osorno,71,38.0711029605444,62,6,2,1
12185,1,COLEGIO BICENTENARIO HELVECIA,Particular Subvencionado,Urbano,14,141,14101,Valdivia,101,41.0776012117555,66,11,10,14
12188,6,ESCUELA CERRO ALEGRE,Particular Subvencionado,Rural,14,142,14204,Río Bueno,96,33.9900866343023,10,0,0,0
12192,4,INSTITUTO DEL MAR BICENTENARIO CAPITAN WILLIAMS,Particular Subvencionado,Urbano,10,102,10203,Chonchi,34,42.5837424487573,25,2,2,5
12225,4,COLEGIO BICENTENARIO SAN ESTEBAN MARTIR,Particular Subvencionado,Urbano,13,131,13115,Lo Barnechea,159,40.2737843098628,115,13,16,15
12237,8,ESC.PART.COLEGIO LOS HALCONES,Particular Subvencionado,Urbano,13,132,13201,Puente Alto,55,37.4626857570196,51,2,0,2
12241,6,COLEGIO CORAZON DE JESUS,Particular Subvencionado,Urbano,13,131,13126,Quinta Normal,82,37.737536137412,77,1,2,2
12242,4,COLEGIO PUDAHUEL,Particular Subvencionado,Urbano,13,131,13124,Pudahuel,79,42.5990238382973,47,4,11,17
12243,2,ESCUELA Nº 1365 R.P. GUSTAVO LE PAIGE,Corporación Municipal,Urbano,13,131,13128,Renca,86,41.5250808147559,57,6,5,18
12244,0,COLEGIO EL SEMBRADOR,Particular Subvencionado,Urbano,13,132,13201,Puente Alto,271,39.2100540204993,215,22,15,19
12251,3,COLEGIO BATALLA DE LA CONCEPCION,Servicio Local de Educación(SLE),Urbano,13,131,13105,El Bosque,69,43.1399284274195,39,5,5,20
12255,6,COLEGIO ALCAZAR,Servicio Local de Educación(SLE),Urbano,13,131,13119,Maipú,250,38.3101156669366,208,15,13,14
12260,2,COLEGIO SAN FRANCISCO DE ASIS DE BELEN,Particular Subvencionado,Urbano,13,131,13101,Santiago,83,38.9805744196506,70,4,4,5
12301,3,COLEGIO ESPAÑOL DE VIÑA DEL MAR,Particular Subvencionado,Urbano,5,51,5109,Viña del Mar,47,38.0195784182627,44,2,0,1
12302,1,COLEGIO SAINT JULIAN COLLEGE,Particular Subvencionado,Urbano,5,51,5109,Viña del Mar,66,38.0567378937727,52,8,4,2
12305,6,COLEGIO ALEXANDER FLEMING,Particular Subvencionado,Urbano,5,58,5804,Villa Alemana,71,36.3888956843338,63,2,4,2
12309,9,COLEGIO PIRAMIDE,Particular Subvencionado,Urbano,5,57,5701,San Felipe,89,38.8280488389877,65,11,5,8
12312,9,COLEGIO REBECA FERNANDEZ,Particular Subvencionado,Urbano,5,51,5109,Viña del Mar,75,36.5782365738367,67,4,2,2
12314,5,ESCUELA ATENAS,Municipal DAEM,Urbano,5,58,5803,Olmué,50,38.3960499726408,44,3,2,1
12323,4,CENTRO EDUCACIONAL CRISOL,Particular Subvencionado,Urbano,5,51,5109,Viña del Mar,53,40.4390056256477,40,4,7,2
12328,5,ALIANZA ALEMANA EL BELLOTO,Particular Subvencionado,Urbano,5,58,5801,Quilpué,51,36.5586330509034,48,0,1,2
12330,7,COLEGIO CRISTIANO EBEN-EZER ANEXO,Particular Subvencionado,Urbano,5,51,5109,Viña del Mar,32,37.3259624282224,27,3,2,0
12368,4,LICEO BICENTENARIO DE EXCELENCIA POLITÉCNICO SANTA CRUZ,Particular Subvencionado,Urbano,9,91,9103,Cunco,85,38.0979658529266,73,6,2,4
12501,6,ESCUELA JORGE ALESSANDRI RODRIGUEZ,Servicio Local de Educación(SLE),Urbano,15,151,15101,Arica,66,40.0301362016254,52,5,3,6
12504,0,COLEGIO LITTLE COLLEGE,Particular Subvencionado,Urbano,1,11,1101,Iquique,78,39.4268393849626,61,5,3,9
12505,9,COLEGIO PADRE LUIS GALLARDO,Particular Subvencionado,Urbano,15,151,15101,Arica,53,38.4799089521708,42,5,3,3
12509,1,LICEO PDTE. ANIBAL PINTO GARMENDIA.,Particular Subvencionado,Urbano,1,11,1101,Iquique,126,37.5713981164606,109,8,4,5
12515,6,COLEGIO NUSTA KORI,Particular Subvencionado,Urbano,1,11,1101,Iquique,80,38.450170529294,63,7,6,4
12518,0,COLEGIO DIOCESANO OBISPO LABBE,Particular Subvencionado,Urbano,1,11,1101,Iquique,185,34.7151174323521,176,4,2,3
12534,2,LICEO COLEGIO METODISTA ROBERT JOHNSON,Particular Subvencionado,Rural,1,11,1107,Alto Hospicio,229,39.4477355690676,176,20,15,18
12538,5,ESCUELA CHIPANA,Servicio Local de Educación(SLE),Urbano,1,11,1101,Iquique,143,45.7093093220062,74,9,13,47
12539,3,COLEGIO SAN JUAN DE LA BLACHERE,Particular Subvencionado,Urbano,15,151,15101,Arica,71,36.9735669935156,64,1,3,3
12542,3,ESCUELA CALETA SAN MARCOS,Servicio Local de Educación(SLE),Rural,1,11,1101,Iquique,130,43.3104363085066,11,1,3,3
12547,4,COLEGIO SAUCACHE,Particular Subvencionado,Urbano,15,151,15101,Arica,271,36.7225188232897,248,7,9,7
12550,4,OASIS EN EL DESIERTO,Corporación Municipal,Rural,1,14,1401,Pozo Almonte,96,36.3445677589774,13,1,0,1
12566,0,COLEGIO METODISTA WILLIAM TAYLOR,Particular Subvencionado,Rural,1,11,1107,Alto Hospicio,264,37.5748299462944,241,9,7,7
12570,9,COLEGIO ALTA CORDILLERA,Particular Subvencionado,Urbano,15,151,15101,Arica,365,37.24666208256,317,14,21,13
12573,3,COLEGIO MARIA REINA,Particular Subvencionado,Urbano,1,11,1101,Iquique,80,39.5262427576113,64,5,6,5
12587,3,COLEGIO ARICA COLLEGE,Particular Subvencionado,Urbano,15,151,15101,Arica,166,35.3758184727092,159,3,2,2
12588,1,COLEGIO REINA DEL DESIERTO,Particular Subvencionado,Urbano,1,11,1107,Alto Hospicio,65,45.1352084475505,26,7,14,18
12590,3,COLEGIO HISPANO ITALIANA,Particular Subvencionado,Urbano,1,11,1101,Iquique,123,37.306247165583,106,6,2,9
12591,1,LICEO SAMCA ARUMANTI,Particular Subvencionado,Urbano,1,11,1101,Iquique,248,39.0818892269654,190,18,22,18
12594,6,COLEGIO ANTAMARA,Particular Subvencionado,Urbano,1,11,1101,Iquique,155,38.5906686867824,123,9,10,13
12602,0,ESC. BASICA Y PARV. KRONOS SCHOOL,Particular Subvencionado,Urbano,1,11,1107,Alto Hospicio,181,41.5311400659029,125,18,13,25
12603,9,LICEO LOS CONDORES,Particular Subvencionado,Urbano,1,11,1107,Alto Hospicio,165,35.7518136350973,155,5,4,1
12604,7,ESCUELA BASICA CORONA SCHOOL,Particular Subvencionado,Urbano,1,11,1101,Iquique,118,35.7934152230889,111,2,3,2
12605,5,ACADEMIA HOSPICIO,Particular Subvencionado,Urbano,1,11,1107,Alto Hospicio,234,39.9521760359789,175,21,12,26
12617,9,ESCUELA ESTRELLA DEL SUR,Corporación Municipal,Rural,1,14,1401,Pozo Almonte,240,39.689360468068,186,19,15,20
12623,3,ESCUELA SAN ANDRES DE PICA,Municipal DAEM,Rural,1,14,1405,Pica,147,40.1613054603852,109,9,8,21
12630,6,COLEGIO LEONARDO DA VINCI,Particular Subvencionado,Urbano,15,151,15101,Arica,169,41.562242845685,107,14,16,32
12631,4,COLEGIO INGLES,Particular Subvencionado,Urbano,1,11,1101,Iquique,255,36.5085447618106,237,6,8,4
12632,2,COLEGIO SIMON BOLIVAR,Servicio Local de Educación(SLE),Urbano,1,11,1107,Alto Hospicio,370,44.0561746101643,219,32,41,78
12634,9,COLEGIO SAN LORENZO DE TARAPACA,Particular Subvencionado,Urbano,1,11,1107,Alto Hospicio,79,46.8144298811176,30,5,10,34
12649,7,LICEO SUPERIOR DIEGO PORTALES,Particular Subvencionado,Urbano,1,11,1107,Alto Hospicio,184,39.1919957989867,140,16,18,10
12650,0,COLEGIO SAGRADO CORAZON DE JESUS,Particular Subvencionado,Urbano,1,11,1107,Alto Hospicio,540,40.009327281863,409,48,39,44
12652,7,COLEGIO SANTO DOMINGO SAVIO,Particular Subvencionado,Urbano,1,11,1107,Alto Hospicio,272,37.3149319998826,235,11,14,12
12655,1,COLEGIO SAN PEDRO,Particular Subvencionado,Urbano,1,11,1107,Alto Hospicio,167,43.4840577270975,93,21,19,34
12658,6,LICEO AGR. TEC. PROF. PADRE FRANCISCO NAPOLITANO,Particular Subvencionado,Rural,15,151,15101,Arica,36,39.8856184391064,28,0,6,2
12659,4,COLEGIO DEL ALBA,Particular Subvencionado,Urbano,15,151,15101,Arica,71,39.3429615342003,55,5,5,6
12667,5,COLEGIO HUMBERSTONE,Particular Subvencionado,Urbano,1,11,1101,Iquique,256,34.109554743938,249,3,2,2
12672,1,COLEGIO SALESIANO DE IQUIQUE,Particular Subvencionado,Urbano,1,11,1101,Iquique,149,33.8437762731879,147,1,0,1
12682,9,COLEGIO BULNES,Particular Subvencionado,Urbano,1,11,1101,Iquique,212,36.7369773191855,189,5,7,11
12686,1,LICEO ACADEMIA NACIONAL,Particular Subvencionado,Urbano,1,11,1107,Alto Hospicio,149,42.1781118153558,89,15,11,34
12688,8,COLEGIO GOLDEN NORTH,Particular Subvencionado,Urbano,1,11,1101,Iquique,49,33.9743986249246,49,0,0,0
12693,4,COLEGIO MACAYA,Particular Subvencionado,Urbano,1,11,1107,Alto Hospicio,231,39.9279297956394,174,22,15,20
12694,2,COLEGIO MOSAICOS,Particular Subvencionado,Urbano,15,151,15101,Arica,67,36.3537083297366,64,2,0,1
12709,4,ACADEMIA NERUDIANA,Particular Subvencionado,Urbano,1,11,1101,Iquique,44,41.4077597744135,32,2,4,6
12711,6,LICEO ACADEMIA SINAI,Particular Subvencionado,Urbano,1,11,1107,Alto Hospicio,78,43.2726783069944,43,8,13,14
12712,4,COLEGIO CHILE NORTE,Particular Subvencionado,Urbano,15,151,15101,Arica,153,42.9157746255593,93,11,19,30
12713,2,LICEO BICENTENARIO COLEGIO CARDENAL RAUL SILVA HENRIQUEZ,Particular Subvencionado,Urbano,15,151,15101,Arica,165,36.9419980783228,144,11,7,3
12715,9,COLEGIO MARAN-ATHA,Particular Subvencionado,Urbano,1,11,1107,Alto Hospicio,154,44.3272435220596,76,14,18,46
12716,7,COLEGIO BICENTENARIO MIRAMAR DE EXCELENCIA,Particular Subvencionado,Urbano,15,151,15101,Arica,199,40.4698503373656,142,20,21,16
12719,1,LICEO PABLO NERUDA,Particular Subvencionado,Urbano,1,11,1107,Alto Hospicio,138,42.6016723836441,86,14,11,27
12720,5,COLEGIO ADOLFO BEYZAGA OVANDO,Particular Subvencionado,Urbano,15,151,15101,Arica,117,38.2894385549978,95,11,7,4
12726,4,COLEGIO MONTE CARMELO,Particular Subvencionado,Urbano,1,11,1107,Alto Hospicio,144,40.1375592584657,124,2,5,13
12736,1,ACADEMIA POZO ALMONTE,Particular Subvencionado,Rural,1,14,1401,Pozo Almonte,60,33.8653089774905,57,0,1,2
12741,8,COLEGIO LATIONOAMERICANO LAS PARINAS,Particular Subvencionado,Urbano,1,11,1101,Iquique,57,43.4205381949778,37,4,5,11
12747,7,COLEGIO RUPANIC SCHOOL,Particular Subvencionado,Urbano,1,11,1107,Alto Hospicio,220,37.9766277823285,190,12,7,11
12749,3,COLEGIO MARISTA HERMANO FERNANDO,Particular Subvencionado,Urbano,1,11,1107,Alto Hospicio,185,41.3397664983083,133,22,10,20
12761,2,ESCUELA BASICA FRANCISCO FORGIONE,Particular Subvencionado,Urbano,1,11,1101,Iquique,82,36.5878678069088,77,2,1,2
12762,0,IQRA ARABIAN BRITISH SCHOOL,Particular Subvencionado,Rural,1,11,1101,Iquique,70,35.0950128852552,69,0,1,0
12767,1,COLEGIO INGLÉS THE SOWER SCHOOL,Particular Subvencionado,Urbano,8,83,8313,Yumbel,78,36.8441324281321,67,2,4,5
12772,8,COLEGIO EXPERIMENTAL ARTISTICO ALBORES,Particular Subvencionado,Urbano,10,102,10202,Ancud,32,36.3061042861894,29,0,1,2
12775,2,INSTITUTO  DOMINGO  EYZAGUIRRE,Particular Subvencionado,Urbano,13,134,13401,San Bernardo,76,41.2549561206884,52,6,10,8
12779,5,COLEGIO ALTOS DEL CERRO GRANDE,Particular Subvencionado,Urbano,4,41,4101,La Serena,60,34.932327951397,57,2,0,1
12800,7,COLEGIO BAUTISTA LOIS HART,Particular Subvencionado,Urbano,2,21,2101,Antofagasta,108,35.239669198347,100,6,0,2
12802,3,FUND.EDUC.COL.FEMENINO MADRE DEL ROSARIO,Particular Subvencionado,Urbano,2,21,2101,Antofagasta,84,37.1338968690969,75,0,5,4
12810,4,ESCUELA KAMAC MAYU,Servicio Local de Educación(SLE),Urbano,2,22,2201,Calama,321,38.6160007479574,278,10,11,22
12823,6,COLEGIO CALAMA,Particular Subvencionado,Urbano,2,22,2201,Calama,182,40.6661467223131,131,19,14,18
12836,8,LICEO BICENTENARIO COLEGIO RÍO LOA,Particular Subvencionado,Urbano,2,22,2201,Calama,184,39.4410116735873,152,7,6,19
12837,6,COLEGIO PARTICULAR BET- EL,Particular Subvencionado,Urbano,2,21,2101,Antofagasta,166,38.9481778605324,131,11,7,17
12838,4,COLEGIO ECOLOGICO MONTESSORI,Particular Subvencionado,Urbano,2,22,2201,Calama,152,37.486354841656,130,8,8,6
12840,6,ESCUELA JUAN PABLO II,Corporación Municipal,Urbano,2,21,2101,Antofagasta,246,41.1530978454418,185,14,16,31
12842,2,LICEO BICENTENARIO AGROPECUARIO LIKAN ANTAI,Servicio Local de Educación(SLE),Urbano,2,22,2203,San Pedro de Atacama,246,38.3887727922095,211,5,13,17
12851,1,COLEGIO PADRE ALBERTO HURTADO,Particular Subvencionado,Urbano,2,22,2201,Calama,90,33.8167586693451,89,0,1,0
12853,8,COLEGIO PARTICULAR SAN NICOLAS,Particular Subvencionado,Urbano,2,22,2201,Calama,130,35.1339559290382,122,1,6,1
12860,0,COLEGIO DIVINA PASTORA,Particular Subvencionado,Urbano,2,21,2101,Antofagasta,162,40.5933795918514,116,14,14,18
12868,6,COLEGIO EBEN EZER,Particular Subvencionado,Urbano,2,21,2101,Antofagasta,271,39.0650537284674,213,24,16,18
12871,6,ESCUELA BASICA VALENTIN LETELIER,Servicio Local de Educación(SLE),Urbano,2,22,2201,Calama,164,36.7673132244911,147,8,7,2
12872,4,ESCUELA MARÍA ANGÉLICA ELIZONDO BRICEÑO,Municipal DAEM,Urbano,2,21,2102,Mejillones,104,40.0300093819165,83,4,7,10
12885,6,COLEGIO SAN AGUSTIN,Particular Subvencionado,Urbano,2,21,2101,Antofagasta,237,36.9266620019848,213,8,11,5
12891,0,NEW HEAVEN HIGH SCHOOL,Particular Subvencionado,Urbano,2,21,2101,Antofagasta,454,41.07132605312,297,36,58,63
12935,6,COLEGIO PROVIDENCIA,Particular Subvencionado,Urbano,2,21,2101,Antofagasta,156,39.7503963536212,120,13,7,16
12941,0,ESCUELA ALONDRA ROJAS BARRIOS,Municipal DAEM,Urbano,2,21,2104,Taltal,127,37.874017461106,110,4,3,10
12942,9,ESCUELA GABRIELA MISTRAL,Servicio Local de Educación(SLE),Urbano,2,23,2301,Tocopilla,145,34.5246733182814,134,4,3,4
12943,7,COLEGIO TECNICO INDUSTRIAL DON BOSCO,Particular Subvencionado,Urbano,2,21,2101,Antofagasta,441,42.5238642497594,271,42,54,74
12944,5,REVERENDO PADRE PATRICIO CARIOLA,Corporación Municipal,Urbano,2,21,2101,Antofagasta,274,43.2782042928158,159,26,39,50
12945,3,ESCUELA ECOLOGICA PADRE ALBERTO HURTADO,Corporación Municipal,Urbano,2,21,2101,Antofagasta,169,38.3890888349933,138,15,8,8
12958,5,THE GIANT SCHOOL ANTOFAGASTA,Particular Subvencionado,Urbano,2,21,2101,Antofagasta,123,36.9985342085737,107,8,5,3
12962,3,ESCUELA ELMO FUNEZ CARRIZO,Corporación Municipal,Urbano,2,21,2101,Antofagasta,238,42.0637889930335,159,23,27,29
12963,1,THE ANTOFAGASTA BAPTIST COLLEGE,Particular Subvencionado,Urbano,2,21,2101,Antofagasta,273,37.7525298385689,236,17,12,8
12970,4,NORTH COLLEGE,Particular Subvencionado,Urbano,2,21,2101,Antofagasta,170,38.1414426287818,145,16,5,4
12977,1,HARVEST CHRISTIAN SCHOOL,Particular Subvencionado,Urbano,2,21,2101,Antofagasta,160,37.2386345470576,148,8,2,2
12980,1,LICEO BICENTENARIO DIEGO PORTALES PALAZUELOS,Servicio Local de Educación(SLE),Urbano,2,22,2201,Calama,141,37.9671047166376,110,15,11,5
13103,2,COLEGIO PARTICULAR CALDERA,Particular Subvencionado,Urbano,3,31,3102,Caldera,115,37.1675154457876,98,8,5,4
13104,0,ESCUELA MANUEL ORELLA ECHANEZ,Servicio Local de Educación(SLE),Urbano,3,31,3102,Caldera,157,37.3607292760201,142,5,5,5
13112,1,COLEGIO SAN AGUSTÍN DE ATACAMA,Particular Subvencionado,Urbano,3,31,3101,Copiapó,204,38.3626849356374,168,14,12,10
13118,0,ESCUELA BÁSICA MARTA EMILIANA AGUILAR ZERÓN,Servicio Local de Educación(SLE),Urbano,3,31,3103,Tierra Amarilla,100,40.8356844043733,70,7,10,13
13121,0,ESCUELA BÁSICA CAPITÁN RAFAEL TORREBLANCA,Servicio Local de Educación(SLE),Urbano,3,33,3301,Vallenar,55,40.3851185596619,39,5,9,2
13124,5,COLEGIO FELIX SUSAETA,Particular Subvencionado,Rural,3,31,3103,Tierra Amarilla,27,34.9804624797558,24,2,1,0
13133,4,ESCUELA MANUEL RODRÍGUEZ,Servicio Local de Educación(SLE),Urbano,3,31,3101,Copiapó,73,42.7129212561744,42,10,10,11
13134,2,ESCUELA MIREYA ZULETA ASTUDILLO,Servicio Local de Educación(SLE),Urbano,3,33,3304,Huasco,121,37.7299478188803,98,12,8,3
13135,0,ESCUELA BÁSICA IGNACIO DOMEYKO,Servicio Local de Educación(SLE),Urbano,3,32,3201,Chañaral,122,37.5623364715241,100,5,10,7
13138,5,COLEGIO FLORA NORMILLA,Particular Subvencionado,Urbano,3,31,3101,Copiapó,88,40.4534195178236,62,8,2,16
13143,1,ESCUELA BYRON GIGOUX JAMES,Servicio Local de Educación(SLE),Urbano,3,31,3102,Caldera,108,39.2031257446973,87,5,8,8
13146,6,ESCUELA INDUSTRIAL SALESIANOS COPIAPÓ,Particular Subvencionado,Urbano,3,31,3101,Copiapó,89,40.8450476081759,63,12,3,11
13154,7,ESCUELA EL CHAÑAR,Servicio Local de Educación(SLE),Urbano,3,31,3101,Copiapó,165,38.8930067390727,132,12,13,8
13156,3,COLEGIO HÉROES DE ATACAMA,Particular Subvencionado,Urbano,3,31,3101,Copiapó,148,37.4270709451884,129,9,4,6
13163,6,ESCUELA CARLOS MARÍA SAYAGO,Servicio Local de Educación(SLE),Urbano,3,31,3101,Copiapó,181,38.7460173787092,140,17,13,11
13167,9,ESCUELA EDMUNDO QUEZADA ARAYA,Servicio Local de Educación(SLE),Urbano,3,33,3301,Vallenar,104,38.5498659037209,83,4,9,8
13170,9,ESCUELA BASICA SARA CORTES CORTES,Servicio Local de Educación(SLE),Urbano,3,32,3202,Diego de Almagro,107,36.0374932879999,102,2,2,1
13177,6,ESCUELA DE DESARROLLO ARTÍSTICO CALDERA,Servicio Local de Educación(SLE),Urbano,3,31,3102,Caldera,137,38.162639398758,115,6,7,9
13178,4,COLEGIO HISPANO AMÉRICA,Particular Subvencionado,Urbano,3,32,3201,Chañaral,48,36.7569564106174,42,3,3,0
13181,4,ESCUELA EMILIA SCHWABE RUMOHR,Servicio Local de Educación(SLE),Urbano,3,33,3303,Freirina,114,38.0741045968601,92,11,9,2
13188,1,COLEGIO CERVANTINO,Particular Subvencionado,Urbano,3,31,3101,Copiapó,234,35.9648183704397,229,3,2,0
13202,0,LICEO BICENTENARIO DE VALLENAR,Servicio Local de Educación(SLE),Urbano,3,33,3301,Vallenar,162,35.1741078221387,161,1,0,0
13215,2,COLEGIO HOSPITALARIO  CLINICA INDISA,Particular Subvencionado,Urbano,13,131,13123,Providencia,96,40.7056219248127,1,0,0,0
13216,0,ESCUELA EPU NEWEN,Particular Subvencionado,Urbano,9,91,9101,Temuco,88,40.3223938343744,63,11,6,8
13220,9,COLEGIO LICARAYEN,Particular Subvencionado,Urbano,13,131,13110,La Florida,80,37.3491382612746,70,3,3,4
13305,1,COLEGIO TRINITY,Particular Subvencionado,Urbano,4,41,4101,La Serena,52,33.5690926862841,51,0,0,1
13313,2,COLEGIO FRANCIS SCHOOL,Particular Subvencionado,Urbano,4,41,4102,Coquimbo,417,35.7758239073325,386,15,8,8
13314,0,COLEGIO CRISTOBAL COLON,Particular Subvencionado,Urbano,4,41,4102,Coquimbo,152,39.2972800227318,111,13,15,13
13324,8,COLEGIO SANTA MARIA DE BELEN N_ 162,Particular Subvencionado,Urbano,4,41,4102,Coquimbo,124,37.7404897178692,108,5,9,2
13330,2,COLEGIO PARTICULAR PIERROT,Particular Subvencionado,Urbano,4,41,4101,La Serena,53,39.7249928762216,41,4,3,5
13341,8,COLEGIO PART. KOMVUX - COQUIMBO,Particular Subvencionado,Urbano,4,41,4102,Coquimbo,56,40.5895026907637,40,3,6,7
13344,2,COLEGIO AMERICANO,Particular Subvencionado,Urbano,4,41,4101,La Serena,139,40.2115888660938,101,12,15,11
13356,6,COLEGIO ALBERT EINSTEIN,Particular Subvencionado,Urbano,4,41,4101,La Serena,142,34.7252412133359,136,3,1,2
13358,2,ESCUELA JUAN RENDIC,Municipal DAEM,Rural,4,41,4106,Vicuña,35,37.4434006424873,32,1,2,0
13360,4,COLEGIO SAN NICOLAS,Particular Subvencionado,Urbano,4,41,4101,La Serena,56,35.4437465717394,54,1,1,0
13361,2,KID´S WORLD SCHOOL,Particular Subvencionado,Urbano,4,41,4102,Coquimbo,157,36.6268559897504,146,6,2,3
13372,8,COLEGIO FRANCISCO PALAU,Particular Subvencionado,Urbano,4,41,4101,La Serena,81,36.0995245191062,75,3,3,0
13373,6,COLEGIO PARTICULAR LEONARDO DA VINCI,Particular Subvencionado,Urbano,4,41,4102,Coquimbo,144,37.6739699691001,125,10,3,6
13376,0,COLEGIO SAN MANUEL,Particular Subvencionado,Urbano,4,41,4101,La Serena,180,38.6407257387504,155,14,7,4
13383,3,COLEGIO CAMBRIDGE SCHOOL,Particular Subvencionado,Urbano,4,42,4204,Salamanca,81,39.1198674074674,63,7,5,6
13384,1,SAINT JOHN´S SCHOOL,Particular Subvencionado,Urbano,4,41,4101,La Serena,160,36.9180831788415,145,8,4,3
13387,6,COLEGIO DE ARTES ELISEO VIDELA JORQUERA,Municipal DAEM,Urbano,4,43,4301,Ovalle,144,36.9155462408712,128,8,5,3
13388,4,COLEGIO SANTO TOMAS LA SERENA,Particular Subvencionado,Urbano,4,41,4101,La Serena,149,36.0347084956735,143,2,2,2
13394,9,CORAZON DE JESUS,Particular Subvencionado,Urbano,4,42,4204,Salamanca,61,39.589405124532,42,9,4,6
13396,5,CENTRO EST.Y DES.INTEGRAL DEL NINO,Particular Subvencionado,Urbano,4,41,4102,Coquimbo,49,44.5710362176019,21,9,8,11
13416,3,COLEGIO ARTISTICO CULTURAL FORM-ARTE,Particular Subvencionado,Urbano,4,41,4101,La Serena,55,36.768418829251,55,0,0,0
13417,1,COLEGIO ELQUI,Particular Subvencionado,Urbano,4,41,4101,La Serena,68,34.9563743687281,65,1,1,1
13420,1,COLEGIO NUESTRA SENORA DE ANDACOLLO,Particular Subvencionado,Urbano,4,41,4101,La Serena,180,38.0087877872075,155,6,8,11
13423,6,ESCUELA BASICA AMANECER,Municipal DAEM,Rural,4,43,4305,Río Hurtado,96,37.0254098932729,18,0,1,0
13426,0,COLEGIO SAN LUCAS,Particular Subvencionado,Urbano,4,41,4101,La Serena,49,39.9978331903166,33,6,8,2
13427,9,COLEGIO LOS CONQUISTADORES,Particular Subvencionado,Rural,4,43,4303,Monte Patria,160,40.505666538175,109,16,13,22
13428,7,ESCUELA BASICA SAN ISIDRO DE CUZ CUZ,Municipal DAEM,Rural,4,42,4201,Illapel,45,38.2434272045895,37,4,2,2
13439,2,COLEGIO PUCARA,Particular Subvencionado,Urbano,4,43,4301,Ovalle,84,33.497162459389,84,0,0,0
13442,2,COLEGIO SANTA FAMILIA,Particular Subvencionado,Urbano,4,41,4102,Coquimbo,200,37.9905471296731,168,14,15,3
13446,5,MARIA EDUCA,Particular Subvencionado,Urbano,4,41,4101,La Serena,141,35.5354744347553,135,2,2,2
13462,7,COLEGIO CERRO GUAYAQUIL,Municipal DAEM,Urbano,4,43,4303,Monte Patria,64,38.5166895710955,50,5,5,4
13463,5,COLEGIO CARLOS CONDELL DE LA HAZA,Corporación Municipal,Urbano,4,41,4101,La Serena,139,40.5731043912673,88,14,15,22
13465,1,ESCUELA BASICA JESUS NAZARENO,Particular Subvencionado,Rural,4,42,4204,Salamanca,96,50.7717483417445,0,0,0,2
13467,8,COLEGIO SANTA MARIA DEL REFUGIO,Particular Subvencionado,Urbano,4,41,4102,Coquimbo,56,36.6055420971078,50,2,1,3
13474,0,COLEGIO LA MISION,Particular Subvencionado,Urbano,4,41,4101,La Serena,72,40.9797939540955,47,8,6,11
13475,9,COLEGIO SAN MARTIN DE PORRES,Particular Subvencionado,Urbano,4,41,4101,La Serena,156,43.4504111302165,76,9,20,51
13486,4,COLEGIO SAN FRANCISCO JAVIER,Particular Subvencionado,Urbano,4,42,4203,Los Vilos,178,36.9726813678897,160,5,8,5
13489,9,COLEGIO MARIA EDUCA,Particular Subvencionado,Urbano,4,41,4102,Coquimbo,143,37.231056556739,126,9,2,6
13491,0,COLEGIO ALTAZOR,Particular Subvencionado,Urbano,4,41,4102,Coquimbo,175,39.2216376584714,132,13,15,15
13494,5,COLEGIO LA VILLA,Municipal DAEM,Urbano,4,43,4303,Monte Patria,52,40.2099194981712,38,5,5,4
13503,8,COLEGIO VALENTIN LETELIER,Particular Subvencionado,Urbano,4,41,4101,La Serena,62,36.2584274218714,60,0,2,0
13504,6,COLEGIO SAN LORENZO,Particular Subvencionado,Urbano,4,41,4102,Coquimbo,219,38.1629938569654,185,14,10,10
13512,7,COLEGIO JOAQUIN VICUÐA LARRAIN,Municipal DAEM,Urbano,4,41,4106,Vicuña,55,41.2988966417346,36,8,7,4
13513,5,COLEGIO DALMACIA,Particular Subvencionado,Urbano,4,43,4301,Ovalle,158,38.2473750552941,129,9,15,5
13514,3,COLEGIO MARIA DE ANDACOLLO,Particular Subvencionado,Urbano,4,41,4102,Coquimbo,82,39.4629262115872,53,12,6,11
13518,6,COLEGIO ARAUCO,Particular Subvencionado,Urbano,4,41,4102,Coquimbo,77,37.8581228360888,63,5,3,6
13535,6,COLEGIO CERRO GRANDE,Particular Subvencionado,Urbano,4,41,4101,La Serena,120,38.7280941946915,94,12,8,6
13539,9,ESCUELA LATINOAMERICA EDUCA,Particular Subvencionado,Urbano,4,41,4102,Coquimbo,81,40.37118022735,57,8,8,8
13542,9,COLEGIO IRMA SALAS SILVA,Particular Subvencionado,Urbano,4,43,4304,Punitaqui,78,39.7739353299375,56,3,8,11
13545,3,ESCUELA BASICA SAN FRANCISCO DE BORJA,Particular Subvencionado,Urbano,4,43,4302,Combarbalá,36,35.1930136244407,35,0,0,1
13551,8,COLEGIO MANANTIAL,Particular Subvencionado,Urbano,4,43,4301,Ovalle,178,38.4140585760536,151,10,2,15
13552,6,COLEGIO CRISTIANO LA SERENA,Particular Subvencionado,Urbano,4,41,4101,La Serena,54,38.6421349978239,39,5,5,5
13557,7,ESCUELA BASICA REPUBLICA DE ITALIA,Servicio Local de Educación(SLE),Urbano,4,41,4102,Coquimbo,71,43.136480089081,35,7,12,17
13558,5,INSTITUTO DE ADM. Y COMERCIO ESTADO DE ISRAEL,Servicio Local de Educación(SLE),Urbano,4,41,4102,Coquimbo,150,39.3866552697227,112,8,13,17
13559,3,ESCUELA REPUBLICA DE GRECIA,Servicio Local de Educación(SLE),Urbano,4,41,4102,Coquimbo,62,41.355622914326,39,3,8,12
13560,7,ESCUELA PADRE ALBERTO HURTADO CRUCHAGA,Servicio Local de Educación(SLE),Urbano,4,41,4102,Coquimbo,53,43.2759384484235,31,4,9,9
13561,5,LIC.DE CIENC.Y HUM.SAN JOSEMARIA ESCRIVA,Servicio Local de Educación(SLE),Urbano,4,41,4102,Coquimbo,141,40.4507246688651,109,7,7,18
13562,3,ESCUELA JUAN PABLO II,Servicio Local de Educación(SLE),Urbano,4,41,4102,Coquimbo,49,37.3388986523358,45,3,0,1
13563,1,COLEGIO NUESTRA SEÑORA DEL ROSARIO,Servicio Local de Educación(SLE),Urbano,4,41,4103,Andacollo,46,38.8901002288502,37,2,3,4
13565,8,COLEGIO MANANTIALES DE ELQUI,Particular Subvencionado,Urbano,4,41,4101,La Serena,120,38.1100333626211,99,10,5,6
13566,6,ESCUELA SAN LORENZO,Particular Subvencionado,Urbano,4,41,4103,Andacollo,41,39.726313633386,28,4,4,5
13570,4,ESCUELA MUNICIPAL VILLA SANTA ROSA,Municipal DAEM,Urbano,4,42,4204,Salamanca,96,42.0103463750772,2,1,1,0
13573,9,COLEGIO TAMELCURA,Particular Subvencionado,Urbano,4,43,4301,Ovalle,90,33.9958892030167,88,0,2,0
13576,3,LICEO TECNICO PROFESIONAL EDUCADOR JUAN BAUTISTA DE LA SALLE,Corporación Municipal,Urbano,4,41,4101,La Serena,65,42.4753314969464,43,7,6,9
13580,1,COLEGIO PAULO FREIRE,Particular Subvencionado,Rural,4,41,4101,La Serena,30,38.1233336146138,24,2,2,2
13582,8,COLEGIO TECNICO PROFESIONAL FLORENCIA NIGHTIN,Particular Subvencionado,Urbano,4,41,4101,La Serena,59,40.6861727572114,44,3,3,9
13586,0,COLEGIO CHRIST SCHOOL,Particular Subvencionado,Urbano,4,41,4101,La Serena,319,41.4823262009441,209,20,26,64
13590,9,COLEGIO DE ADMINISTRACION Y COMERCIO EL INGENIO,Municipal DAEM,Urbano,4,43,4301,Ovalle,67,43.3406076131283,33,7,7,20
13593,3,COLEGIO EUSEBIO LILLO PUNTA MIRA,Particular Subvencionado,Urbano,4,41,4102,Coquimbo,74,40.2736798258661,55,4,7,8
13604,2,COLEGIO RAKIDUAM,Particular Subvencionado,Urbano,4,41,4102,Coquimbo,74,36.9567922256197,70,1,0,3
13606,9,COLEGIO LEONARDO DA VINCI - VICUÑA,Particular Subvencionado,Urbano,4,41,4106,Vicuña,164,39.8675460564865,117,13,15,19
13608,5,COLEGIO GOLDEN HIND SCHOOL,Particular Subvencionado,Urbano,4,41,4102,Coquimbo,70,40.5588058219694,47,9,4,10
13610,7,COLEGIO INTERCULTURAL,Particular Subvencionado,Rural,4,41,4101,La Serena,52,36.2500736850884,47,2,1,2
13612,3,COLEGIO JOSE MARTI PEREZ,Particular Subvencionado,Urbano,4,41,4102,Coquimbo,60,39.0163423179989,48,3,6,3
13621,2,COLEGIO DISCOVERY,Particular Subvencionado,Urbano,4,41,4102,Coquimbo,80,37.0047055912153,74,3,2,1
13626,3,COLEGIO SAN LUIS,Particular Subvencionado,Urbano,4,41,4102,Coquimbo,59,40.5985922533738,43,2,6,8
13627,1,COLEGIO SAN SEBASTIÁN,Particular Subvencionado,Urbano,4,42,4204,Salamanca,89,39.4403695131116,65,6,11,7
13632,8,COLEGIO HORIZONTES,Particular Subvencionado,Urbano,4,41,4102,Coquimbo,137,39.8507873346855,104,7,13,13
13633,6,ESCUELA SAN MARINO COLLEGE,Particular Subvencionado,Urbano,4,41,4102,Coquimbo,76,35.6640181267723,73,0,0,3
13637,9,COLEGIO HELLEN KELLER PEÑUELAS,Particular Subvencionado,Urbano,4,41,4102,Coquimbo,74,41.3357095277969,47,7,8,12
14201,8,LICEO MIXTO LOS ANDES,Particular Subvencionado,Urbano,5,53,5301,Los Andes,181,38.1893810349753,156,8,11,6
14202,6,LICEO BICENTENARIO COLEGIO PANQUEHUE,Municipal DAEM,Urbano,5,57,5704,Panquehue,47,38.5466232791261,36,3,5,3
14210,7,COLEGIO BECARB II,Particular Subvencionado,Urbano,5,55,5502,Calera,179,39.8808451577419,126,19,20,14
14211,5,AMERICAN COLLEGE,Particular Subvencionado,Urbano,5,58,5804,Villa Alemana,126,36.0697988905383,116,6,3,1
14212,3,SAINT MARY SCHOOL,Particular Subvencionado,Urbano,5,55,5502,Calera,76,38.3775705548857,65,6,0,5
14213,1,COLEGIO VALLE DE NARAU,Municipal DAEM,Urbano,5,51,5107,Quintero,89,39.9801463874519,61,10,7,11
14232,8,COLEGIO BORDEMAR,Particular Subvencionado,Urbano,5,51,5101,Valparaíso,72,40.5440979122888,48,8,4,12
14233,6,COLEGIO SANTA TERESA,Particular Subvencionado,Urbano,5,58,5801,Quilpué,60,39.4356338311739,47,5,5,3
14234,4,ESCUELA PART. LORENZO LUZURIAGA,Particular Subvencionado,Urbano,5,51,5101,Valparaíso,96,38.4605596828203,10,1,1,0
14237,9,COL.NUESTRA SRA.DE LAS MERCEDES,Particular Subvencionado,Urbano,5,58,5801,Quilpué,59,40.6914221909964,38,10,5,6
14265,4,ESCUELA SAINT BENEDICT COLLEGE,Particular Subvencionado,Urbano,5,51,5109,Viña del Mar,64,33.6087803938892,63,1,0,0
14266,2,COLEGIO NAZCA BELEN,Particular Subvencionado,Urbano,5,58,5801,Quilpué,81,41.9100243661605,47,7,11,16
14270,0,COLEGIO GOBERNADOR CONCHA Y SALVATIERRA,Particular Subvencionado,Urbano,5,55,5501,Quillota,78,36.5848741715175,72,3,1,2
14288,3,COLEGIO NUEVA PROVIDENCIA,Particular Subvencionado,Urbano,5,56,5601,San Antonio,86,37.5486208626352,78,7,1,0
14289,1,COLEGIO ADVENTISTA,Particular Subvencionado,Urbano,5,55,5502,Calera,81,38.4816377308227,67,4,1,9
14299,9,COLEGIO ADVENTISTA,Particular Subvencionado,Urbano,5,58,5801,Quilpué,84,36.6586922639939,71,5,3,5
14308,1,COLEGIO ITALIANO SAN PEDRO,Particular Subvencionado,Urbano,5,55,5501,Quillota,49,39.3712978267314,33,6,7,3
14313,8,COLEGIO NUEVA ESPERANZA,Particular Subvencionado,Urbano,5,58,5804,Villa Alemana,84,35.598220398903,74,5,4,1
14314,6,COLEGIO THOMAS ALVA EDISON,Particular Subvencionado,Urbano,5,58,5801,Quilpué,69,37.2290414305073,63,3,2,1
14315,4,COLEGIO VICTOR ANTONIO,Particular Subvencionado,Urbano,5,51,5101,Valparaíso,45,42.9071274217454,29,2,5,9
14316,2,COLEGIO EMANUEL,Particular Subvencionado,Urbano,5,51,5109,Viña del Mar,56,37.3309707372179,47,5,1,3
14330,8,ESCUELA BASICA ARTURO PRAT,Particular Subvencionado,Urbano,5,51,5101,Valparaíso,34,38.5720338885386,25,5,1,3
14332,4,COLEGIO PEHUEN,Particular Subvencionado,Urbano,5,54,5402,Cabildo,45,35.5769434105688,41,2,1,1
14348,0,COLEGIO ESPIRITU SANTO,Particular Subvencionado,Urbano,5,56,5601,San Antonio,158,36.1731460030971,151,4,2,1
14351,0,COLEGIO SAINT GREGORY COLLEGE,Particular Subvencionado,Urbano,5,51,5109,Viña del Mar,70,38.9759268546828,53,8,5,4
14359,6,COLEGIO LOS REYES,Particular Subvencionado,Urbano,5,58,5801,Quilpué,304,36.120867479249,275,18,7,4
14363,4,COLEGIO HISPANO,Particular Subvencionado,Urbano,5,58,5804,Villa Alemana,253,35.449486286314,242,7,2,2
14364,2,COLEGIO JORGE WILLIAMS,Particular Subvencionado,Urbano,5,51,5101,Valparaíso,32,42.147121360701,23,4,1,4
14365,0,COLEGIO CHARLES DICKENS,Particular Subvencionado,Urbano,5,58,5801,Quilpué,48,40.4498476469283,32,3,3,10
14372,3,KING EDWARD´S SCHOOL 1,Particular Subvencionado,Urbano,5,58,5801,Quilpué,61,39.0959580136123,53,1,2,5
14373,1,COLEGIO JOSE LUIS NORRIS,Particular Subvencionado,Urbano,5,56,5601,San Antonio,58,39.4811259677953,42,5,8,3
14375,8,COLEGIO DIVINA MAESTRA,Particular Subvencionado,Urbano,5,58,5804,Villa Alemana,174,41.816382186763,108,17,23,26
14376,6,COLEGIO SAN CARLOS,Particular Subvencionado,Urbano,5,54,5401,La Ligua,79,38.2602774135862,68,5,3,3
14381,2,COLEGIO EL VALLE DE CASABLANCA,Particular Subvencionado,Urbano,5,51,5102,Casablanca,75,33.1788600346031,74,0,0,1
14387,1,COLEGIO SAN NICOLAS EL OLIVAR,Particular Subvencionado,Urbano,5,51,5109,Viña del Mar,74,38.6747411561856,62,4,2,6
14395,2,COLEGIO EDUPAC,Particular Subvencionado,Urbano,5,54,5402,Cabildo,119,35.5351071600679,117,0,1,1
14396,0,COLEGIO MEDIOAMBIENTAL LAS AMAPOLAS,Particular Subvencionado,Urbano,5,51,5109,Viña del Mar,23,34.0142693443726,22,1,0,0
14397,9,COLEGIO CRISTIANO DE QUILLOTA,Particular Subvencionado,Urbano,5,55,5501,Quillota,69,43.0356195810077,40,6,6,17
14412,6,COLEGIO SAN PABLO,Particular Subvencionado,Urbano,5,57,5701,San Felipe,38,38.5735080001848,34,1,0,3
14413,4,COLEGIO SANTA CLARA,Particular Subvencionado,Urbano,5,51,5101,Valparaíso,84,36.0012584707002,78,4,1,1
14414,2,COLEGIO EDUCENTER,Particular Subvencionado,Urbano,5,53,5302,Calle Larga,119,34.5671147791629,119,0,0,0
14416,9,COLEGIO DOMINGO ORTIZ DE ROZAS,Particular Subvencionado,Urbano,5,54,5401,La Ligua,182,36.3321400835555,164,8,5,5
14418,5,COLEGIO PANAL,Particular Subvencionado,Urbano,5,58,5801,Quilpué,46,42.7276787319477,31,4,3,8
14420,7,COLEGIO EL ALBA,Particular Subvencionado,Urbano,5,56,5604,El Quisco,49,34.096074896984,48,0,0,1
14452,5,COLEGIO LUTERANO CONCORDIA,Particular Subvencionado,Urbano,5,51,5109,Viña del Mar,42,39.6760210097069,30,4,1,7
14453,3,COLEGIO LOS LIBERTADORES,Particular Subvencionado,Urbano,5,58,5801,Quilpué,72,35.3140396086616,72,0,0,0
14479,7,ESCUELA BASICA MUNICIPAL ARAUCARIA,Municipal DAEM,Urbano,5,54,5402,Cabildo,111,39.2338730883564,84,5,12,10
14482,7,COLEGIO NUEVO HORIZONTE,Particular Subvencionado,Urbano,5,58,5801,Quilpué,62,38.6588039631706,49,2,7,4
14487,8,COLEGIO MAESE DA VINCI,Particular Subvencionado,Urbano,5,54,5401,La Ligua,96,35.3866755141772,94,2,0,0
14490,8,COLEGIO MANANTIAL,Particular Subvencionado,Urbano,5,51,5109,Viña del Mar,176,38.5788455845524,129,19,13,15
14494,0,COLEGIO EVANGELICO LABRANZA DE DIOS,Particular Subvencionado,Urbano,5,51,5109,Viña del Mar,40,35.933125590233,35,1,1,3
14504,1,COLEGIO CRISTIANO CON-CON,Particular Subvencionado,Urbano,5,51,5103,Concón,76,38.9814743885,55,9,8,4
14506,8,COLEGIO APUMANQUE,Particular Subvencionado,Urbano,5,55,5502,Calera,160,34.7421238065264,153,1,5,1
14507,6,COLEGIO NUESTRO TIEMPO,Particular Subvencionado,Urbano,5,56,5602,Algarrobo,45,36.3553392384474,39,4,1,1
14510,6,COLEGIO NACIONAL,Particular Subvencionado,Urbano,5,58,5802,Limache,124,33.1056658193963,124,0,0,0
14511,4,COLEGIO SANTA BARBARA DE LA REINA,Particular Subvencionado,Urbano,5,51,5102,Casablanca,57,40.273553796681,37,9,4,7
14514,9,COLEGIO EL ARRAYAN,Particular Subvencionado,Urbano,5,51,5102,Casablanca,209,36.7469469966109,183,14,5,7
14515,7,COLEGIO GABRIELA MISTRAL,Particular Subvencionado,Urbano,5,58,5801,Quilpué,49,39.639631803527,41,3,3,2
14516,5,ESCUELA ESPECIAL CANEC,Particular Subvencionado,Urbano,5,51,5109,Viña del Mar,30,41.1339814249367,24,0,1,5
14518,1,COLEGIO BUENAVENTURA JOGLAR AMANDI,Particular Subvencionado,Urbano,5,58,5804,Villa Alemana,27,35.4837897626651,27,0,0,0
14523,8,LIONS SCHOOL,Particular Subvencionado,Urbano,5,56,5603,Cartagena,178,35.8798363808873,167,7,2,2
14526,2,COLEGIO ALONSO DE QUINTERO,Particular Subvencionado,Urbano,5,51,5107,Quintero,156,37.7804839555128,127,10,4,15
14527,0,KING EDWARD´S SCHOOL 2,Particular Subvencionado,Urbano,5,58,5801,Quilpué,58,39.5908411761827,44,4,4,6
14533,5,COLEGIO CRISTIANO LOS PINOS,Particular Subvencionado,Urbano,5,58,5801,Quilpué,60,39.3250276964094,46,7,4,3
14534,3,COLEGIO AMANCAY LIMACHE,Particular Subvencionado,Urbano,5,58,5802,Limache,66,39.2864796091146,56,5,5,0
14537,8,COLEGIO ADONAY PUKALAN,Particular Subvencionado,Urbano,5,54,5401,La Ligua,112,34.9240468603853,107,1,1,3
14538,6,COL.SANTO DOMINGO DE GUZMAN,Particular Subvencionado,Urbano,5,51,5101,Valparaíso,109,34.4220813505355,105,2,1,1
14539,4,ESCUELA SANTA INÉS,Particular Subvencionado,Urbano,5,56,5601,San Antonio,30,40.8785537221864,24,2,0,4
14541,6,COLEGIO PATRICIO LYNCH,Particular Subvencionado,Urbano,5,51,5101,Valparaíso,68,37.3726128182883,58,2,6,2
14546,7,ESCUELA RUBEN DARIO,Particular Subvencionado,Urbano,5,51,5109,Viña del Mar,96,38.239597917975,13,1,1,0
14552,1,COLEGIO SAN NICOLAS DE CANAL CHACAO,Particular Subvencionado,Urbano,5,58,5801,Quilpué,96,37.6025993900301,81,4,4,7
14565,3,VERDOYHAM SCHOOL,Particular Subvencionado,Urbano,5,57,5703,Llayllay,69,38.9810749368733,53,7,3,6
14568,8,COLEGIO CRISTO REY SALVADOR,Particular Subvencionado,Urbano,5,56,5601,San Antonio,71,38.5352519613374,58,5,3,5
14573,4,ESCUELA CAROLA REYES PIZARRO,Particular Subvencionado,Rural,5,55,5501,Quillota,96,44.6982836157807,6,1,3,3
14580,7,COLEGIO BOSTON,Particular Subvencionado,Urbano,5,58,5804,Villa Alemana,48,36.7523270247027,45,2,0,1
14587,4,COLEGIO CUMBRES DE LLAY LLAY,Particular Subvencionado,Urbano,5,57,5703,Llayllay,51,34.0296674958889,50,0,0,1
14593,9,COLEGIO VALLE DE ARAUCO,Particular Subvencionado,Urbano,5,55,5502,Calera,50,35.4098472309724,46,2,1,1
14594,7,COLEGIO QUILLOTA TERRANOVA,Particular Subvencionado,Urbano,5,55,5501,Quillota,70,33.9924489937252,68,1,0,1
14599,8,COLEGIO POETA DANIEL DE LA VEGA,Particular Subvencionado,Urbano,5,58,5801,Quilpué,51,38.1984709731626,43,0,2,6
14602,1,COLEGIO SIGLO XXI,Particular Subvencionado,Urbano,5,58,5801,Quilpué,48,38.3220146136944,41,3,2,2
14605,6,COLEGIO VILLA ACONCAGUA,Particular Subvencionado,Urbano,5,51,5103,Concón,160,38.4961554996369,128,10,12,10
14606,4,COLEGIO PUERTO PAZ,Particular Subvencionado,Urbano,5,51,5101,Valparaíso,53,37.7787459556694,43,4,5,1
14608,0,COLEGIO JUANITA FERNANDEZ,Particular Subvencionado,Urbano,5,51,5109,Viña del Mar,156,39.9923897798741,115,14,14,13
14614,5,COLEGIO VEDRUNA,Particular Subvencionado,Urbano,5,57,5701,San Felipe,119,37.5416859036652,100,8,6,5
14616,1,COLEGIO LOS PRINCIPES,Particular Subvencionado,Urbano,5,51,5109,Viña del Mar,128,38.599963380746,102,10,3,13
14622,6,COLEGIO SAN AGUSTIN,Particular Subvencionado,Urbano,5,58,5804,Villa Alemana,53,38.3265381596709,45,0,3,5
14626,9,COLEGIO ARAUCARIAS,Particular Subvencionado,Urbano,5,56,5601,San Antonio,48,40.1381812154883,33,3,7,5
14629,3,COLEGIO CASTELIANO,Particular Subvencionado,Urbano,5,51,5109,Viña del Mar,164,39.2687416503747,120,17,16,11
14637,4,COLEGIO HYATT,Particular Subvencionado,Urbano,5,58,5804,Villa Alemana,47,37.8046027077022,39,2,3,3
14639,0,COLEGIO GHERARDELLI,Particular Subvencionado,Urbano,5,58,5804,Villa Alemana,50,41.5705302972792,34,4,4,8
14641,2,COLEGIO PAULA VIVANCO,Particular Subvencionado,Urbano,5,58,5802,Limache,82,41.572824187009,48,6,11,17
14642,0,COLEGIO CRISTIANO EMBAJADORES DEL REY,Particular Subvencionado,Urbano,5,58,5801,Quilpué,48,36.7011382737501,41,3,3,1
14643,9,CASABLANCA BILINGUAL SCHOOL,Particular Subvencionado,Urbano,5,51,5102,Casablanca,54,37.4490024195603,48,0,2,4
14649,8,COLEGIO SAN FRANCISCO DE ASIS,Particular Subvencionado,Urbano,5,55,5502,Calera,48,38.8147880327086,38,2,4,4
14659,5,COLEGIO NAHUEN DE QUILPUÉ,Particular Subvencionado,Urbano,5,58,5801,Quilpué,42,38.0706453277607,32,2,5,3
14670,6,COLEGIO SAN SEBASTIAN,Particular Subvencionado,Urbano,5,53,5301,Los Andes,143,35.668413922422,136,5,0,2
14671,4,COLEGIO TIERRA DEL FUEGO,Particular Subvencionado,Urbano,5,55,5501,Quillota,139,40.294147478583,103,10,6,20
14672,2,COLEGIO BLAISE PASCAL,Particular Subvencionado,Urbano,5,58,5801,Quilpué,36,39.1516505941033,27,1,4,4
14673,0,COLEGIO NUEVA ERA SIGLO XXI QUILLOTA,Particular Subvencionado,Urbano,5,55,5501,Quillota,85,38.6178323633137,61,12,6,6
14674,9,COLEGIO NUEVO MILENIO,Particular Subvencionado,Urbano,5,58,5804,Villa Alemana,146,38.0293136972769,128,6,7,5
14675,7,COLEGIO SAN SEBASTIAN DE AKIVI,Particular Subvencionado,Urbano,5,52,5201,Isla de Pascua,40,39.9755136189165,30,1,4,5
14676,5,COLEGIO CANEC VALPARAISO,Particular Subvencionado,Urbano,5,51,5101,Valparaíso,96,42.8815883281155,9,1,0,4
14677,3,COLEGIO CAPITAN ARTURO PRAT CHACON,Particular Subvencionado,Urbano,5,58,5801,Quilpué,49,41.7405331856833,25,9,5,10
14678,1,ESCUELA JUAN DE SAAVEDRA,Servicio Local de Educación(SLE),Urbano,5,51,5101,Valparaíso,29,41.7838289627548,14,6,5,4
14687,0,COLEGIO GEA,Particular Subvencionado,Urbano,5,58,5801,Quilpué,132,38.8422898645898,102,10,12,8
14697,8,LICEO BICENTENARIO CORDILLERA DE SAN FELIPE,Municipal DAEM,Urbano,5,57,5701,San Felipe,167,35.8828087358397,158,7,0,2
14699,4,COLEGIO FENIX,Particular Subvencionado,Urbano,5,56,5601,San Antonio,90,35.2145394868596,88,1,1,0
14703,6,THE KINGSTOWN SCHOOL,Particular Subvencionado,Urbano,5,51,5109,Viña del Mar,154,35.3480702000519,148,4,2,0
14706,0,COLEGIO SAN FRANCISCO,Particular Subvencionado,Urbano,5,58,5802,Limache,62,39.8537220678947,47,3,7,5
14716,8,PAN AMERICAN COLLEGE VINA DEL MAR,Particular Subvencionado,Urbano,5,51,5109,Viña del Mar,86,38.2611570064436,67,7,6,6
14717,6,COLEGIO LAS AMERICAS,Particular Subvencionado,Urbano,5,58,5801,Quilpué,87,39.5644480991368,63,5,6,13
14718,4,COLEGIO PRINCIPE DE ASTURIAS,Particular Subvencionado,Urbano,5,58,5801,Quilpué,96,40.1229788353862,15,1,0,1
14719,2,MATURANA SCHOOL,Particular Subvencionado,Urbano,5,58,5804,Villa Alemana,96,39.2075112270281,8,1,0,0
14720,6,LICEO GASTRONOMIA Y TURISMO,Corporación Municipal,Urbano,5,58,5801,Quilpué,66,38.2894052660961,52,6,4,4
14750,8,COLEGIO GREENLAND SAN FELIPE,Particular Subvencionado,Urbano,5,57,5701,San Felipe,52,34.7303743476161,51,1,0,0
14751,6,COLEGIO EL ROBLE DE SANTO DOMINGO,Particular Subvencionado,Urbano,5,56,5606,Santo Domingo,52,32.3914895844404,52,0,0,0
14753,2,COLEGIO MONTEALEGRE,Particular Subvencionado,Urbano,5,51,5109,Viña del Mar,37,37.4115703603161,33,1,2,1
14760,5,COLEGIO PADRE ZANANDREA,Particular Subvencionado,Urbano,5,51,5101,Valparaíso,61,38.6108992854919,50,1,8,2
14770,2,COL.PRECURSOR FRANCISCO DE MIRANDA,Particular Subvencionado,Urbano,5,55,5501,Quillota,157,39.4933734200321,127,13,9,8
14773,7,COLEGIO GUARDIAMARINA RIQUELME,Particular Subvencionado,Urbano,5,51,5101,Valparaíso,128,38.9155257910689,100,10,11,7
14775,3,COLEGIO MONTESOL 2,Particular Subvencionado,Urbano,5,58,5801,Quilpué,63,36.0333731206664,57,2,2,2
14778,8,COLEGIO SAN NICOLAS,Particular Subvencionado,Urbano,5,58,5804,Villa Alemana,83,39.2808668510258,63,6,3,11
14779,6,COLEGIO MAR ABIERTO,Particular Subvencionado,Urbano,5,51,5109,Viña del Mar,58,35.2934803477561,54,2,0,2
14782,6,COLEGIO ANTUMAPU,Particular Subvencionado,Urbano,5,55,5502,Calera,76,40.7086433884033,55,5,12,4
14783,4,COLEGIO NUEVA ERA SIGLO XXI,Particular Subvencionado,Urbano,5,51,5101,Valparaíso,173,33.6312996281869,170,2,1,0
14788,5,COLEGIO PAPA JUAN PABLO II,Particular Subvencionado,Urbano,5,56,5601,San Antonio,67,41.7032992322732,39,6,13,9
14790,7,COLEGIO SAINT-LAWRENCE,Particular Subvencionado,Urbano,5,58,5801,Quilpué,95,37.2067250583712,80,9,4,2
14801,6,COLEGIO LAS PALMAS,Particular Subvencionado,Urbano,5,51,5109,Viña del Mar,81,37.8547216031617,68,3,4,6
14804,0,COLEGIO SAN BLAS,Particular Subvencionado,Urbano,5,58,5801,Quilpué,64,40.9263482385356,50,1,3,10
14818,0,COLEGIO NUMANCIA,Particular Subvencionado,Urbano,5,51,5101,Valparaíso,108,35.6584840612033,99,3,5,1
14819,9,COLEGIO CERVANTINO,Particular Subvencionado,Urbano,5,57,5705,Putaendo,50,37.1281136749778,46,4,0,0
14820,2,COLEGIO SANTA MARIA COLLEGE,Particular Subvencionado,Urbano,5,57,5706,Santa María,81,40.7385450692017,48,11,9,13
14822,9,COLEGIO ALBORADA DEL MAR,Particular Subvencionado,Urbano,5,51,5103,Concón,91,35.8175083797887,83,4,1,3
14823,7,COLEGIO ANTONIO ZANOLETTI,Particular Subvencionado,Urbano,5,54,5403,Papudo,45,36.2943153701574,41,1,2,1
14824,5,COLEGIO EVEREST CENTRAL,Particular Subvencionado,Urbano,5,58,5804,Villa Alemana,58,36.3049304206365,49,2,3,4
14825,3,NUEVO COLEGIO PART. DE CARTAGENA,Particular Subvencionado,Urbano,5,56,5603,Cartagena,88,40.1990701433533,54,7,20,7
14848,2,ESCUELA PART. ANNY SCHOOL,Particular Subvencionado,Urbano,5,55,5504,La Cruz,44,36.3840988340859,40,2,1,1
14856,3,SUNNYLAND SCHOOL,Particular Subvencionado,Urbano,5,57,5701,San Felipe,154,39.6093865306917,117,14,15,8
14860,1,COLEGIO HERMANO EUGENIO EYRAUD,Particular Subvencionado,Urbano,5,52,5201,Isla de Pascua,69,34.5897140717771,65,2,1,1
14862,8,COLEGIO NAZAREO,Particular Subvencionado,Urbano,5,51,5109,Viña del Mar,41,39.5710304800349,31,4,5,1
14865,2,COLEGIO TECNICO ALIANZA EDUCACIONAL,Particular Subvencionado,Urbano,5,58,5802,Limache,63,43.6533488877743,33,6,10,14
14866,0,COLEGIO ALTAZOR,Particular Subvencionado,Urbano,5,51,5103,Concón,162,36.4545726382922,147,7,4,4
14868,7,LICEO TECNICO AGRICOLA OBISPO RAFAEL LIRA INF,Particular Subvencionado,Urbano,5,55,5504,La Cruz,46,39.3718746372097,34,7,3,2
14870,9,COLEGIO ENTRE VALLES,Particular Subvencionado,Urbano,5,58,5804,Villa Alemana,86,40.0463414940708,62,13,3,8
14879,2,"LICEO PART, MIXTO SAN FELIPE",Particular Subvencionado,Urbano,5,57,5701,San Felipe,299,38.279483845231,248,16,16,19
14881,4,LICEO ALDEA EDUCATIVA RAPA NUI,Municipal DAEM,Urbano,5,52,5201,Isla de Pascua,118,38.7806627162803,103,5,1,9
14885,7,COLEGIO LEONARDO DA VINCI,Particular Subvencionado,Urbano,5,57,5703,Llayllay,36,36.5462615175731,33,0,3,0
14896,2,COLEGIO SAN HERNALDO,Particular Subvencionado,Urbano,5,51,5105,Puchuncaví,60,35.4117246380719,57,2,0,1
14901,2,COLEGIO SIMON BOLIVAR,Particular Subvencionado,Urbano,5,55,5501,Quillota,145,38.0437812774157,119,12,9,5
14912,8,COLEGIO SAN ANTONIO DE VILLA ALEMANA,Particular Subvencionado,Urbano,5,58,5804,Villa Alemana,181,35.1718191557559,170,6,3,2
14913,6,COLEGIO GALILEO,Particular Subvencionado,Urbano,5,55,5501,Quillota,105,33.6838781143847,102,3,0,0
14917,9,SCIENCE´S COLLEGE,Particular Subvencionado,Urbano,5,51,5109,Viña del Mar,52,39.1819384944795,40,5,5,2
14922,5,COLEGIO LAS ACACIAS,Particular Subvencionado,Urbano,5,51,5101,Valparaíso,70,41.2659599159053,46,2,7,15
14923,3,COLEGIO WINTERHILL VIÑA DEL MAR,Particular Subvencionado,Urbano,5,51,5109,Viña del Mar,78,35.1775023670002,74,2,1,1
14953,5,COLEGIO PEUMAYÉN,Particular Subvencionado,Urbano,5,56,5603,Cartagena,72,33.2513047602411,72,0,0,0
15501,2,COLEGIO PARTICULAR LUCILA GODOY ALCAYAGA,Particular Subvencionado,Urbano,6,63,6310,Santa Cruz,130,40.8399293468229,87,12,8,23
15502,0,INSTITUTO MONSENOR LECAROS,Particular Subvencionado,Urbano,6,61,6104,Coltauco,86,38.8190277073029,66,4,4,12
15515,2,COLEGIO PARTICULAR SUBV. CHILDREN SCHOOL,Particular Subvencionado,Urbano,6,61,6106,Graneros,76,39.1573269387404,58,6,9,3
15522,5,CHARLY SCHOOL,Particular Subvencionado,Urbano,6,62,6201,Pichilemu,56,32.6075774329688,55,0,1,0
15526,8,ESCUELA MUNICIPAL AMERICA,Municipal DAEM,Urbano,6,62,6204,Marchihue,126,39.988528437344,93,7,10,16
15535,7,ESCUELA SANTA TERESA DE AVILA,Municipal DAEM,Rural,6,61,6115,Rengo,46,40.9042748675161,30,7,5,4
15544,6,COLEGIO CRIPTOCARYA ALBA,Particular Subvencionado,Urbano,6,61,6112,Peumo,72,36.4151801332703,67,5,0,0
15554,3,EL PEQUENO MOZART,Particular Subvencionado,Urbano,6,61,6108,Machalí,142,38.9201848369928,115,11,9,7
15570,5,ESCUELA BASICA GALVARINO VALENZUELA MORAGA,Municipal DAEM,Urbano,6,63,6304,Lolol,113,38.7278997683142,90,5,7,11
15571,3,COLEGIO PARTICULAR LA PRIMAVERA,Particular Subvencionado,Urbano,6,61,6114,Quinta de Tilcoco,43,43.3932648608282,20,2,5,16
15579,9,COLEGIO PARTICULAR ALMA MATER,Particular Subvencionado,Urbano,6,61,6115,Rengo,58,36.4137728100906,53,2,0,3
15585,3,COLEGIO CRISTIANO RESURRECCION,Particular Subvencionado,Urbano,6,61,6101,Rancagua,72,37.2577665953033,63,5,1,3
15588,8,ROSARIO COLLEGE,Particular Subvencionado,Urbano,6,61,6115,Rengo,51,38.7712645115334,44,3,3,1
15589,6,COLEGIO ALCALDE PEDRO URBINA,Particular Subvencionado,Urbano,6,61,6112,Peumo,72,38.2345364901572,60,3,4,5
15593,4,COLEGIO AMERICANO,Particular Subvencionado,Urbano,6,63,6301,San Fernando,122,36.831231062816,112,5,0,5
15594,2,COLEG.TERESIANO JUANITA FERNANDEZ SOLAR,Particular Subvencionado,Urbano,6,61,6110,Mostazal,64,38.849477983327,51,4,5,4
15596,9,INSTITUTO SAN VICENTE DE TAGUA TAGUA,Corporación Municipal,Urbano,6,61,6117,San Vicente,51,40.5395106369279,40,0,0,11
15600,0,ALBERTO HURTADO CRUCHAGA,Particular Subvencionado,Urbano,6,61,6105,Doñihue,100,37.3248953667349,88,7,2,3
15601,9,COLEGIO ANTILEN,Particular Subvencionado,Urbano,6,61,6115,Rengo,179,34.0424573401417,178,0,1,0
15605,1,COLEGIO HUMANISTA INTEGRADO,Particular Subvencionado,Urbano,6,61,6101,Rancagua,44,40.5416357499989,28,5,6,5
15608,6,ESCUELA PEDRO MORALES BARRERA,Servicio Local de Educación(SLE),Urbano,6,63,6301,San Fernando,44,40.3360812708091,32,2,2,8
15610,8,"COLEGIO PARTIC, SAN JOSE DE LA MONTANA",Particular Subvencionado,Urbano,6,63,6303,Chimbarongo,134,36.5429578998288,122,6,3,3
15614,0,ESCUELA EL NARANJAL,Municipal DAEM,Urbano,6,61,6115,Rengo,195,38.0278644448031,172,11,7,5
15621,3,COLEGIO PARTICULAR EL REAL,Particular Subvencionado,Urbano,6,63,6301,San Fernando,72,36.8563214201669,69,3,0,0
15622,1,COLEGIO PARTICULAR LOMAS BLANCAS,Particular Subvencionado,Urbano,6,63,6305,Nancagua,66,38.6469261441352,56,4,2,4
15624,8,COLEGIO MISTRAL,Particular Subvencionado,Urbano,6,61,6107,Las Cabras,165,38.1900126040261,134,10,8,13
15627,2,COLEGIO SAN FRANCISCO,Particular Subvencionado,Rural,6,61,6108,Machalí,70,37.3546033681565,61,1,2,6
15632,9,COLEGIO SAN ANGELO,Particular Subvencionado,Urbano,6,61,6101,Rancagua,54,39.6864440621473,41,3,5,5
15633,7,BRITISH COLLEGE L.T.D.,Particular Subvencionado,Urbano,6,63,6301,San Fernando,123,39.9240374317569,78,14,16,15
15643,4,INSTITUTO CRISTIANO EDUMASTER COLLEGE,Particular Subvencionado,Urbano,6,61,6101,Rancagua,60,42.1375012756807,34,3,10,13
15646,9,INSTITUTO SANTA TERESA DE LOS ANDES,Particular Subvencionado,Urbano,6,61,6106,Graneros,330,40.4061678185691,242,30,28,30
15650,7,COLEGIO NAZARETH,Particular Subvencionado,Urbano,6,61,6101,Rancagua,41,36.216054863495,38,0,1,2
15657,4,COLEGIO NEHUEN,Particular Subvencionado,Urbano,6,61,6117,San Vicente,152,38.1215505979441,129,11,10,2
15662,0,INSTITUTO SAN LORENZO,Particular Subvencionado,Urbano,6,61,6101,Rancagua,150,36.1599077626567,145,3,2,0
15664,7,COLEGIO MANQUEMAVIDA,Particular Subvencionado,Urbano,6,63,6310,Santa Cruz,216,36.9553425262206,189,8,9,10
15676,0,COLEGIO HISPANO CHILENO EL PILAR,Particular Subvencionado,Urbano,6,61,6101,Rancagua,183,38.5452591805458,148,12,12,11
15682,5,COLEGIO MAGISTER,Particular Subvencionado,Urbano,6,61,6101,Rancagua,41,36.0715255046559,41,0,0,0
15683,3,COLEGIO EVELYN S SCHOOL,Particular Subvencionado,Urbano,6,63,6310,Santa Cruz,72,38.437153926753,59,9,4,0
15684,1,INSTITUTO HANS CHRISTIAN ANDERSEN,Particular Subvencionado,Urbano,6,63,6301,San Fernando,72,35.13613979772,69,1,2,0
15690,6,COLEGIO LOS CIPRESES,Particular Subvencionado,Urbano,6,61,6105,Doñihue,149,38.2025313235505,122,12,4,11
15700,7,COLEGIO LA REPUBLICA,Particular Subvencionado,Urbano,6,61,6101,Rancagua,144,37.9640361185915,126,6,7,5
15705,8,COLEGIO SANTA TERESA,Particular Subvencionado,Urbano,6,61,6101,Rancagua,53,37.3484611058104,46,4,2,1
15719,8,COLEGIO FRAY ANDRES,Particular Subvencionado,Urbano,6,61,6101,Rancagua,37,38.0210638816297,34,1,1,1
15724,4,ESCUELA FERNANDA AEDO FAUNDEZ,Municipal DAEM,Urbano,6,61,6115,Rengo,124,40.3102844842905,87,8,11,18
15726,0,COLEGIO SAN SEBASTIAN SCHOOL,Particular Subvencionado,Urbano,6,61,6101,Rancagua,155,42.5258755838748,96,11,14,34
15728,7,COLEGIO MUNICIPAL HUALLILEN,Municipal DAEM,Urbano,6,61,6103,Coinco,62,37.5528489181781,55,5,1,1
15731,7,COLEGIO ESPANA,Particular Subvencionado,Urbano,6,61,6117,San Vicente,67,39.5693891546451,44,9,9,5
15732,5,COLEGIO CRISTIANO ADONAY,Particular Subvencionado,Urbano,6,61,6101,Rancagua,82,41.1264217526759,56,11,5,10
15739,2,COLEGIO CHIMBARONGO,Particular Subvencionado,Urbano,6,63,6303,Chimbarongo,120,37.374950678912,108,8,1,3
15744,9,COLEGIO ALMENAR,Particular Subvencionado,Urbano,6,61,6117,San Vicente,111,37.9728115088689,92,7,7,5
15745,7,COLEGIO VALLE DE COLCHAGUA,Particular Subvencionado,Urbano,6,63,6301,San Fernando,120,42.5139193244867,67,19,11,23
15746,5,SAINT MORITZ COLLEGE,Particular Subvencionado,Urbano,6,61,6101,Rancagua,80,40.3055934067401,61,3,3,13
15750,3,COLEGIO LAS AMERICAS,Particular Subvencionado,Urbano,6,61,6101,Rancagua,142,41.4431933882855,97,11,12,22
15753,8,COLEGIO BENJAMIN VICUÑA MACKENNA,Corporación Municipal,Urbano,6,61,6101,Rancagua,96,42.9343635215499,55,8,7,26
15755,4,COLEGIO SAN NICOLAS,Particular Subvencionado,Urbano,6,63,6303,Chimbarongo,90,34.822146552572,83,4,3,0
15757,0,COLEGIO PART. SUBV. SAN ESTEBAN,Particular Subvencionado,Rural,6,63,6301,San Fernando,57,43.3807001883665,35,8,4,10
15758,9,COLEGIO CHRISTIAN COLLEGE,Particular Subvencionado,Urbano,6,63,6301,San Fernando,58,35.9117875330088,55,0,1,2
15762,7,COLEGIO MARÍA ESCOBILLANA GUZMÁN,Municipal DAEM,Urbano,6,61,6106,Graneros,60,42.0263287504201,37,8,4,11
15764,3,ELENA GAETE DARBEAUX,Particular Subvencionado,Urbano,6,61,6113,Pichidegua,41,36.6995441564608,36,5,0,0
15767,8,COLEGIO DIEGO PORTALES,Particular Subvencionado,Urbano,6,61,6108,Machalí,91,41.1235412636041,55,9,11,16
15768,6,COLEGIO SANTA FILOMENA,Corporación Municipal,Urbano,6,61,6101,Rancagua,56,45.3117492588381,29,2,8,17
15770,8,ESCUELA DIVINO MAESTRO,Municipal DAEM,Urbano,6,62,6201,Pichilemu,129,37.6798787004659,106,3,7,13
15774,0,ESCUELA AGRICOLA DON GREGORIO,Particular Subvencionado,Rural,6,63,6303,Chimbarongo,25,44.002710466298,14,0,2,9
15779,1,COLEGIO HERMANO DE ASIS,Particular Subvencionado,Urbano,6,63,6301,San Fernando,52,40.5088214498187,32,5,10,5
15781,3,LICEO MUNICIPAL DE CODEGUA,Municipal DAEM,Urbano,6,61,6102,Codegua,52,37.9349264582743,43,5,0,4
15787,2,COMPLEJO EDUCACIONAL LAS ARAUCARIAS,Particular Subvencionado,Urbano,6,63,6301,San Fernando,151,39.0772096320062,112,18,10,11
15792,9,COLEGIO REAL DE CAREN,Particular Subvencionado,Urbano,6,61,6108,Machalí,85,39.9275554398344,63,7,3,12
15793,7,COLEGIO INTERAMERICANO,Particular Subvencionado,Urbano,6,61,6101,Rancagua,105,37.5036695856659,91,6,5,3
15807,0,COLEGIO ALERCE,Particular Subvencionado,Urbano,6,63,6303,Chimbarongo,58,40.2553440264921,41,7,4,6
15809,7,OLIVAR COLLEGE,Particular Subvencionado,Urbano,6,61,6111,Olivar,90,39.9953276781204,63,13,7,7
15811,9,COLEGIO ANGOSTURA,Particular Subvencionado,Urbano,6,63,6301,San Fernando,60,37.7928280637498,51,5,4,0
15812,7,COLEGIO BASICO VIOLETA PARRA SANDOVAL,Municipal DAEM,Urbano,6,63,6307,Peralillo,134,36.7373209569858,115,8,6,5
15817,8,COLEGIO NAHUELCURA,Particular Subvencionado,Urbano,6,61,6108,Machalí,217,36.3201824855112,201,7,5,4
15820,8,COLEGIO ALEMAN SAN MIGUEL,Particular Subvencionado,Urbano,6,61,6117,San Vicente,123,39.4333836098614,95,15,7,6
15832,1,COLEGIO BOSQUES DE CHILE,Particular Subvencionado,Urbano,6,61,6117,San Vicente,46,41.3933707370919,30,1,4,11
15855,0,COLEGIO SEBASTIAN`S COLLEGE,Particular Subvencionado,Urbano,6,61,6106,Graneros,68,38.076310348682,59,2,3,4
15857,7,COLEGIO UMBRALES,Particular Subvencionado,Urbano,6,63,6303,Chimbarongo,24,39.8734420714846,19,1,2,2
15859,3,COLEGIO PARTICULAR SUBVENCIONADO NANCAGUA SCHOOL,Particular Subvencionado,Urbano,6,63,6305,Nancagua,63,40.3089398888815,44,4,9,6
16410,0,COLEGIO ABATE MOLINA,Particular Subvencionado,Urbano,7,74,7403,Longaví,156,39.5441174415379,124,14,5,13
16415,1,COLEGIO RAUQUEN,Particular Subvencionado,Urbano,7,73,7301,Curicó,235,37.3033384918401,200,15,9,11
16424,0,LICEO BICENTENARIO DE MOLINA MARIA DEL TRÁNSITO DE LA CRUZ,Municipal DAEM,Urbano,7,73,7304,Molina,140,38.8177327236971,110,12,7,11
16427,5,COLEGIO ESMERALDA,Particular Subvencionado,Urbano,7,71,7101,Talca,136,36.1922927266351,127,5,4,0
16428,3,ESC. MONSENOR MANUEL LARRAIN ERRAZURIZ,Municipal DAEM,Urbano,7,73,7302,Hualañé,129,33.2319588419719,126,1,0,2
16441,0,LICEO BICENTENARIO DE EXCELENCIA SANTA MARTA,Particular Subvencionado,Urbano,7,71,7101,Talca,181,35.0302330093211,175,4,1,1
16443,7,CENTRO INTEGRAL EDUCACION TALCA,Particular Subvencionado,Urbano,7,71,7101,Talca,58,45.1473442567343,31,5,5,17
16444,5,COLEGIO EDUARDO MARTIN ABEJON,Particular Subvencionado,Urbano,7,71,7102,Constitución,147,37.4675858481863,129,5,5,8
16446,1,COLEGIO JUAN PIAMARTA,Particular Subvencionado,Urbano,7,71,7101,Talca,139,38.7747589931333,114,12,6,7
16448,8,INSTITUTO SANTA MARTA,Particular Subvencionado,Urbano,7,73,7301,Curicó,177,37.3141891696754,156,10,5,6
16456,9,INSTITUTO CUMBRES DE MAULE,Particular Subvencionado,Rural,7,74,7404,Parral,25,33.6668716634525,24,0,1,0
16459,3,INSTITUTO TECNICO SUPERIOR CONSTITUCION,Particular Subvencionado,Rural,7,71,7102,Constitución,88,38.1346541645161,76,1,8,3
16460,7,ESCUELA PADRE ALBERTO HURTADO,Municipal DAEM,Urbano,7,73,7301,Curicó,138,40.8375434802982,101,15,7,15
16461,5,COLEGIO LYON´S SCHOOL,Particular Subvencionado,Urbano,7,71,7101,Talca,51,45.3290620788878,24,2,4,21
16467,4,LICEO PABLO NERUDA DE TALCA,Particular Subvencionado,Urbano,7,71,7101,Talca,122,39.9484742853323,87,7,13,15
16468,2,ESCUELA NESTOR DEL CAMPO ARZOLA,Municipal DAEM,Urbano,7,74,7402,Colbún,166,38.3240634591332,128,13,11,14
16469,0,COLEGIO PABLO NERUDA,Municipal DAEM,Urbano,7,74,7404,Parral,175,40.1635342387687,115,18,19,23
16476,3,COLEGIO BOSQUES DE GAIA,Particular Subvencionado,Urbano,7,71,7102,Constitución,60,34.6754506111131,59,0,1,0
16477,1,COLEGIO AQUELARRE,Particular Subvencionado,Urbano,7,73,7308,Teno,69,34.8453173248547,69,0,0,0
16484,4,COLEGIO MANSO DE VELASCO,Particular Subvencionado,Urbano,7,72,7201,Cauquenes,42,33.2904563115328,41,1,0,0
16485,2,COLEGIO GARDEN COLLEGE,Particular Subvencionado,Urbano,7,72,7201,Cauquenes,168,34.3715921052435,165,1,1,1
16488,7,COLEGIO ADVENTISTA MARANATA,Particular Subvencionado,Urbano,7,71,7101,Talca,88,32.5386650775285,88,0,0,0
16489,5,COLEGIO BALTAZAR,Particular Subvencionado,Urbano,7,71,7101,Talca,54,34.0655881042459,53,0,0,1
16491,7,COLEGIO ALBERT EINSTEIN,Particular Subvencionado,Urbano,7,73,7301,Curicó,74,38.8519706086957,57,5,5,7
16492,5,INSTITUTO VALENTIN LETELIER,Particular Subvencionado,Rural,7,74,7401,Linares,54,39.0929808380272,42,5,5,2
16494,1,COLEGIO CRISTIANO DE CURICO,Particular Subvencionado,Urbano,7,73,7301,Curicó,71,34.6940772798525,71,0,0,0
16502,6,COLEGIO CORDILLERA,Particular Subvencionado,Urbano,7,73,7304,Molina,68,36.859765419788,62,4,1,1
16506,9,ESCUELA CHACARILLAS,Servicio Local de Educación(SLE),Urbano,7,71,7102,Constitución,60,40.7258568657641,39,1,12,8
16507,7,JUAN SALVADOR COLLEGE,Particular Subvencionado,Urbano,7,74,7406,San Javier,78,38.0451501367088,65,6,6,1
16508,5,COLEGIO HISPANOCHILENO EL PILAR,Particular Subvencionado,Urbano,7,73,7301,Curicó,210,35.5612689344987,202,6,1,1
16509,3,COLEGIO CENTRO EDUCACIONAL VYGOTSKY,Particular Subvencionado,Rural,7,73,7301,Curicó,77,37.7298542196284,64,3,6,4
16510,7,ESCUELA ENRIQUE WEISS,Particular Subvencionado,Urbano,7,74,7401,Linares,22,39.2554089397172,16,3,0,3
16512,3,COLEGIO DIEGO THOMPSON,Particular Subvencionado,Urbano,7,73,7301,Curicó,122,36.7574887464573,111,6,3,2
16513,1,CENTRO EDUCACIONAL ADONAY,Particular Subvencionado,Urbano,7,73,7301,Curicó,43,40.1058877162871,35,4,3,1
16518,2,COLEGIO PARTICULAR SEBASTIAN,Particular Subvencionado,Urbano,7,74,7401,Linares,57,36.906893471697,51,1,3,2
16520,4,COLEGIO KAIROS,Particular Subvencionado,Urbano,7,73,7301,Curicó,58,35.5307526907897,54,3,1,0
16526,3,COLEGIO LOS ALERCES,Particular Subvencionado,Urbano,7,71,7101,Talca,109,34.8325146353174,105,1,3,0
16535,2,COLEGIO SAN MARCOS,Particular Subvencionado,Urbano,7,73,7301,Curicó,144,37.4074288688451,125,5,8,6
16541,7,CENTRO EDUCATIVO PEUMAYEN,Particular Subvencionado,Urbano,7,73,7301,Curicó,142,40.7067224516392,103,8,11,20
16549,2,COLEGIO PALENCIA SC.,Particular Subvencionado,Urbano,7,73,7301,Curicó,68,38.4640932625542,56,4,3,5
16556,5,COLEGIO CORDILLERA,Particular Subvencionado,Urbano,7,74,7401,Linares,76,39.7358349595803,57,5,7,7
16564,6,LICEO BICENTENARIO TP SIMON BOLIVAR,Particular Subvencionado,Rural,7,73,7301,Curicó,87,38.2333651288544,72,8,4,3
16569,7,COLEGIO LOS HEROES,Particular Subvencionado,Urbano,7,73,7301,Curicó,60,44.0840842082784,24,13,7,16
16570,0,ESCUELA DE LENGUAJE RAYENCO,Particular Subvencionado,Urbano,7,73,7306,Romeral,97,37.6278563458081,82,8,2,5
16580,8,ESC. PASO INTERNACIONAL PEHUENCHE,Municipal DAEM,Urbano,7,71,7109,San Clemente,163,38.564845499641,127,15,8,13
16582,4,TECNOLOGICO NUEVO HORIZONTE,Particular Subvencionado,Urbano,7,73,7301,Curicó,34,41.5894387814418,20,4,4,6
16583,2,ESCUELA DE ADMINISTRACION Y COMERCIO,Particular Subvencionado,Urbano,7,73,7301,Curicó,141,40.3062515997105,106,13,8,14
16588,3,COLEGIO SAN ALFONSO DE EL BOLDO,Particular Subvencionado,Urbano,7,73,7301,Curicó,76,35.5972516965828,69,3,3,1
16589,1,COLEGIO EL QUILLAY,Particular Subvencionado,Urbano,7,73,7301,Curicó,73,37.0071497045463,66,5,0,2
16600,6,COLEGIO ALTA CUMBRE,Particular Subvencionado,Urbano,7,73,7301,Curicó,177,37.9071351568021,157,9,7,4
16608,1,COLEGIO ANTILHUE,Particular Subvencionado,Urbano,7,73,7304,Molina,70,38.0538577305048,55,8,2,5
16624,3,COLEGIO ANTARES,Particular Subvencionado,Urbano,7,71,7106,Pelarco,96,34.1632542806643,13,0,0,0
16625,1,COLEGIO PABLO DE ROKHA,Particular Subvencionado,Rural,7,74,7406,San Javier,64,40.2989168898033,46,3,8,7
16627,8,COLEGIO SAN IGNACIO DE TALCA,Particular Subvencionado,Urbano,7,71,7101,Talca,335,37.612683520773,283,24,14,14
16634,0,COLEGIO POLITECNICO AQUELARRE,Particular Subvencionado,Urbano,7,73,7308,Teno,180,36.1003327827007,162,9,0,9
16644,8,COLEGIO LEONARDO DA VINCI,Particular Subvencionado,Urbano,7,74,7406,San Javier,205,38.1782361901212,174,9,15,7
16652,9,CENTRO EDUCATIVO MACHU PICCHU,Particular Subvencionado,Urbano,7,73,7301,Curicó,62,42.9086902468372,39,5,5,13
16673,1,COLEGIO CLUB DE LEONES TALCA,Particular Subvencionado,Urbano,7,71,7101,Talca,61,39.2877615546324,46,5,4,6
16676,6,LICEO COMPLEJO EDUCACIONAL JAVIERA CARRERA,Municipal DAEM,Urbano,7,71,7101,Talca,141,42.6996897236895,81,10,14,36
16677,4,COLEGIO IRIS RETAMAL,Particular Subvencionado,Urbano,7,74,7405,Retiro,144,36.367062473233,140,1,2,1
16685,5,COLEGIO HENRI CETTY,Particular Subvencionado,Urbano,7,73,7304,Molina,76,38.5972096535199,61,4,8,3
16690,1,COLEGIO SUYAI,Particular Subvencionado,Urbano,7,71,7105,Maule,70,39.6415773100466,51,7,5,7
16696,0,ESCUELA HOSPITAL LINARES,Particular Subvencionado,Urbano,7,74,7401,Linares,96,48.1921921045561,3,0,0,5
16704,5,COLEGIO CLEMENTINOS,Particular Subvencionado,Urbano,7,71,7109,San Clemente,151,40.4273683859973,107,16,16,12
16708,8,COLEGIO PARTICULAR JOSEFINA MEDEL,Particular Subvencionado,Rural,7,74,7401,Linares,29,41.5955460218645,19,1,4,5
16713,4,COLEGIO SAN PABLO,Particular Subvencionado,Rural,7,73,7301,Curicó,33,40.1413281462923,25,2,3,3
16715,0,COLEGIO EL BOLDO,Municipal DAEM,Urbano,7,73,7301,Curicó,116,38.2957010087147,97,8,5,6
16716,9,LICEO BICENTENARIO ZAPALLAR DE CURICO,Municipal DAEM,Urbano,7,73,7301,Curicó,210,36.5945036600388,186,9,6,9
16717,7,COLEGIO SANTA MADRE DE DIOS,Particular Subvencionado,Urbano,7,71,7110,San Rafael,54,36.6737003724976,48,1,3,2
16723,1,ESCUELA HOSPITALARIA DE CAUQUENES,Particular Subvencionado,Urbano,7,72,7201,Cauquenes,96,63.0439671334108,1,0,0,1
16728,2,COLEGIO SANTO TOMAS DE TALCA,Particular Subvencionado,Urbano,7,71,7105,Maule,153,34.1526846626603,150,1,2,0
16729,0,INSTITUTO INGLES,Municipal DAEM,Urbano,7,73,7301,Curicó,37,41.488515944206,24,2,6,5
16730,7,LICEO BICENTENARIO ADMINISTRACION Y COMERCIO HC,Particular Subvencionado,Urbano,7,73,7301,Curicó,89,36.055216755744,81,1,7,0
16732,0,COLEGIO ALTO PEWEN,Particular Subvencionado,Urbano,7,71,7101,Talca,31,44.2935835188614,21,2,0,8
16733,9,COLEGIO ALTAS CUMBRES DE SAN CLEMENTE,Particular Subvencionado,Urbano,7,71,7109,San Clemente,53,42.3645540925645,33,2,7,11
16744,4,COLEGIO SAN ESTEBAN DE TALCA,Particular Subvencionado,Rural,7,71,7105,Maule,144,36.4020961070419,128,5,9,2
16748,7,LICEO BICENTENARIO ORIENTE DE TALCA,Municipal DAEM,Urbano,7,71,7101,Talca,136,37.3144365049118,117,7,8,4
16749,5,COLEGIO JUAN IGNACIO MOLINA DE LA FLORIDA,Particular Subvencionado,Urbano,7,71,7101,Talca,144,37.4241169899721,124,9,5,6
16751,7,LICEO BICENTENARIO DE CAUQUENES,Servicio Local de Educación(SLE),Urbano,7,72,7201,Cauquenes,112,35.7914380483829,100,5,4,3
16756,8,COLEGIO LOS AGUSTINOS,Particular Subvencionado,Urbano,7,71,7105,Maule,72,35.3848105745647,67,3,0,2
16757,6,COLEGIO JUAN IGNACIO MOLINA DE LICANTEN,Particular Subvencionado,Urbano,7,73,7303,Licantén,55,36.1768237297346,48,2,4,1
16759,2,"COLEGIO ALTAMIRA DE  MIS PEQUEÑOS TESOROS, PARRAL",Particular Subvencionado,Urbano,7,74,7404,Parral,67,40.4495450118403,51,5,2,9
16766,5,GOLDEN EAGLE SCHOOL,Particular Subvencionado,Urbano,10,103,10301,Osorno,96,37.5280710859277,1,0,0,0
16770,3,COLEGIO ALIWE COLLEGE,Particular Subvencionado,Urbano,8,81,8102,Coronel,160,36.3317570603491,149,3,5,3
16780,0,COLEGIO ALTO LAUQUÉN,Particular Subvencionado,Urbano,8,83,8301,Los Ángeles,139,34.3985900668389,136,2,1,0
16783,5,COLEGIO HOSPITALARIO HOSPITAL DEL  PINO,Particular Subvencionado,Urbano,13,134,13401,San Bernardo,96,38.2518113883994,8,0,0,1
16792,4,COLEGIO HALCONES DEL CARMEN,Particular Subvencionado,Urbano,16,161,16104,El Carmen,28,31.653895219159,28,0,0,0
16798,3,COLEGIO NEW BUCKINGHAM,Particular Subvencionado,Urbano,5,58,5804,Villa Alemana,55,36.8797645619289,49,6,0,0
16807,6,COLEGIO LOS  ALERCES  DE  TALAGANTE,Particular Subvencionado,Urbano,13,136,13601,Talagante,37,37.04053083595,33,2,1,1
16816,5,"ESCUELA  BASICA N°201, REDWOOD COLLEGE",Particular Subvencionado,Urbano,13,134,13401,San Bernardo,50,39.9807241387197,40,2,3,5
16825,4,ESCUELA  BASICA  N°200 COLEGIO  INTEGRAL TRABUNCO,Particular Subvencionado,Urbano,13,136,13605,Peñaflor,61,40.1666984720639,41,10,3,7
16843,2,LICEO BICENTENARIO DE EXELENCIA TECNICO PROFESIONAL PEOPLE HELP PEOPLE DE PANGUIPULLI,Particular Subvencionado,Urbano,14,141,14108,Panguipulli,63,34.7820078518989,60,0,1,2
16846,7,COLEGIO MIS IDEAS,Particular Subvencionado,Urbano,7,73,7304,Molina,49,35.750891203789,45,2,1,1
16851,3,INSTITUTO BICENTENARIO JAVIERA CARRERA VERDUGO,Municipal DAEM,Urbano,5,56,5601,San Antonio,128,37.3140053266454,114,7,1,6
16856,4,COLEGIO MELIAN,Particular Subvencionado,Urbano,7,71,7105,Maule,71,36.8777374835832,64,3,3,1
16879,3,ESCUELA BÁSICA N°2442 `CENTRO EDUCACIONAL ERNESTO YAÑEZ RIVERA`,Municipal DAEM,Urbano,13,131,13107,Huechuraba,77,41.6197606385179,48,14,6,9
16881,5,COLEGIO FILII FUTURI,Particular Subvencionado,Urbano,5,51,5101,Valparaíso,59,37.9745173610011,45,8,4,2
16895,5,COLEGIO MARIA AUXILIADORA,Particular Subvencionado,Urbano,12,123,12301,Porvenir,68,30.5744590127182,67,0,0,1
16906,4,"CURAUMA LANGUAGE SCHOOL, ESC. ESP. DE LENG. Y DE PARV",Particular Subvencionado,Urbano,5,51,5101,Valparaíso,58,37.2729166488597,53,1,2,2
16910,2,ESCUELA BASICA PEUMA MEW,Particular Subvencionado,Rural,9,91,9120,Villarrica,96,35.479370426566,5,0,0,1
16919,6,COLEGIO CUMBRES DE COIHUECO,Particular Subvencionado,Urbano,16,163,16302,Coihueco,82,38.4948617289807,68,5,7,2
16923,4,THE BRITISH SCHOOL PATAGONIA,Particular Subvencionado,Urbano,10,101,10101,Puerto Montt,147,36.039601721913,136,5,5,1
16926,9,ESCUELA ESPECIAL DE LENGUAJE PINARES Y ESCUELA BÁSICA PINARES,Particular Subvencionado,Urbano,16,161,16109,Yungay,42,36.6299728816576,36,5,1,0
16932,3,COLEGIO ESCUELA PREMILITAR LAUTARO,Particular Subvencionado,Urbano,6,61,6111,Olivar,34,43.0509166611222,20,4,4,6
16941,2,ESCUELA YAIMA,Particular Subvencionado,Rural,9,91,9106,Galvarino,23,34.0117601485064,23,0,0,0
16942,0,COMPLEJO EDUCACIONAL CRISTO REY,Particular Subvencionado,Urbano,9,91,9117,Teodoro Schmidt,42,36.134407160577,38,3,0,1
16945,5,COLEGIO NUEVO HORIZONTE,Particular Subvencionado,Urbano,5,55,5501,Quillota,81,40.4956051986911,57,10,8,6
16950,1,CENTRO EDUCACIONAL SAN PEDRO DE QUELLON,Particular Subvencionado,Urbano,10,102,10208,Quellón,34,34.6148258483721,31,0,1,2
16955,2,ESCUELA BASICA COLEGIO SAN JUAN DE LAMPA,Particular Subvencionado,Urbano,13,133,13302,Lampa,168,38.1442236672342,133,16,11,8
16958,7,COLEGIO  ARTISTICO SOL DEL  ILLIMANI,Corporación Municipal,Urbano,13,131,13110,La Florida,70,37.8865819938288,65,0,1,4
16962,5,ESCUELA MONTE SINAÍ,Particular Subvencionado,Urbano,9,91,9102,Carahue,96,38.6109996100589,5,0,0,1
16970,6,EDUCERE COLLEGE,Particular Subvencionado,Urbano,9,91,9114,Pitrufquén,71,37.504620540728,60,4,6,1
16980,3,"ESCUELA  BASICA  N° 206, `PULMAHUE`",Particular Subvencionado,Urbano,13,134,13404,Paine,63,40.0324112344085,50,6,4,3
16985,4,LICEO BICENTENARIO PAULO FREIRE,Servicio Local de Educación(SLE),Urbano,10,102,10208,Quellón,68,32.5032410864666,67,0,1,0
16997,8,COLEGIO AMERICAN SCHOOL,Particular Subvencionado,Urbano,13,136,13605,Peñaflor,90,35.9439047483784,87,2,1,0
17600,1,COLEGIO SAN GABRIEL ARCANGEL,Particular Subvencionado,Urbano,8,83,8301,Los Ángeles,359,34.8763187190446,344,7,6,2
17605,2,COLEGIO INGLÉS WOODLAND,Particular Subvencionado,Urbano,8,83,8301,Los Ángeles,161,34.4778343800791,149,5,5,2
17607,9,COLEGIO INGLÉS BRITISH ROYAL SCHOOL,Particular Subvencionado,Urbano,8,81,8101,Concepción,117,39.3104045421824,91,14,7,5
17635,4,COLEGIO CONCEPCION LOS ACACIOS,Particular Subvencionado,Urbano,8,81,8101,Concepción,267,38.7353024784713,216,28,16,7
17638,9,COLEGIO SANTO TOMAS DE AQUINO,Particular Subvencionado,Urbano,8,83,8301,Los Ángeles,56,39.2185350928117,43,3,2,8
17648,6,COLEGIO PARTICULAR KENNEDY SCHOOL,Particular Subvencionado,Urbano,8,81,8103,Chiguayante,92,37.6799214987392,81,6,0,5
17652,4,COLEGIO RAIQUEN,Particular Subvencionado,Urbano,8,83,8313,Yumbel,86,34.5180280798945,83,2,1,0
17657,5,INSTITUTO DE HUMANIDADES ANTONIO MORENO CASAMITJANA,Particular Subvencionado,Urbano,8,81,8102,Coronel,179,38.0874712789543,149,15,10,5
17660,5,SCUOLA ITALIANA DI CONCEPCION,Particular Subvencionado,Urbano,8,81,8102,Coronel,61,34.8545954576985,60,0,1,0
17687,7,COLEGIO TERESIANO LOS ANGELES,Particular Subvencionado,Urbano,8,83,8301,Los Ángeles,167,33.6205806158586,164,3,0,0
17689,3,COLEGIO LICANRAY,Particular Subvencionado,Urbano,8,81,8103,Chiguayante,42,37.6727230027433,38,2,1,1
17690,7,COLEGIO BEATO DAMIÁN DE MOLOKAI,Particular Subvencionado,Urbano,8,83,8301,Los Ángeles,50,35.3515678470946,46,1,3,0
17692,3,COLEGIO GOLDEN SCHOOL,Particular Subvencionado,Urbano,8,81,8103,Chiguayante,57,35.5196914847399,52,0,2,3
17693,1,COLEGIO BASICO NUEVA LOS LOBOS,Municipal DAEM,Urbano,8,81,8110,Talcahuano,104,39.0079180343222,82,7,6,9
17698,2,ESCUELA RAMÓN VINAY SEPÚLVEDA,Municipal DAEM,Urbano,16,161,16101,Chillán,49,41.2574878269269,32,5,4,8
17703,2,COLEGIO ESPIRITU SANTO,Particular Subvencionado,Urbano,8,81,8110,Talcahuano,160,35.3616997415687,154,2,2,2
17708,3,COLEGIO SAN CRISTOBAL,Particular Subvencionado,Urbano,8,81,8110,Talcahuano,60,34.8679416602538,57,0,2,1
17709,1,ESCUELA BALMACEDA SAAVEDRA L.,Servicio Local de Educación(SLE),Urbano,8,81,8103,Chiguayante,24,41.2232063335885,15,1,1,7
17715,6,ESCUELA ACUMAR,Particular Subvencionado,Rural,8,83,8305,Mulchén,96,51.4011414001857,1,0,0,4
17719,9,COLEGIO PARTICULAR CONTINENTAL,Particular Subvencionado,Urbano,8,82,8205,Curanilahue,82,33.9208260520849,81,0,1,0
17723,7,ESCUELA DIEGO PORTALES,Servicio Local de Educación(SLE),Urbano,8,81,8109,Santa Juana,49,40.9958679537526,35,3,2,9
17725,3,COLEGIO SAN ESTEBAN DE BULNES,Particular Subvencionado,Urbano,16,161,16102,Bulnes,89,34.9446659179311,82,3,3,1
17728,8,COLEGIO EL BOSQUE,Particular Subvencionado,Urbano,8,82,8202,Arauco,69,34.1366341507132,65,1,2,1
17732,6,COLEGIO UMBRALES DEL ALBA,Particular Subvencionado,Urbano,8,83,8305,Mulchén,76,34.5470909477638,74,1,0,1
17733,4,COLEGIO CAMILO HENRIQUEZ,Particular Subvencionado,Urbano,8,81,8101,Concepción,65,43.081290372397,36,11,9,9
17734,2,COLEGIO DA VINCI,Particular Subvencionado,Urbano,16,161,16101,Chillán,59,41.2699578788102,38,7,7,7
17735,0,COLEGIO BICENTENARIO DE EXCELENCIA DARIO SALAS CHILLAN VIEJO,Particular Subvencionado,Urbano,16,161,16103,Chillán Viejo,224,38.8163073841319,182,11,14,17
17736,9,COLEGIO SAN IGNACIO,Particular Subvencionado,Urbano,8,83,8301,Los Ángeles,164,40.6889052066429,110,17,13,24
17737,7,COLEGIO PARROQUIAL SAN JOSE,Particular Subvencionado,Urbano,16,161,16101,Chillán,53,41.039081048945,35,7,6,5
17741,5,ESCUELA REINO DE SUECIA,Municipal DAEM,Urbano,16,162,16202,Cobquecura,72,34.6814786243835,65,3,3,1
17742,3,ESCUELA BASICA EDUARDO FREI MONTALBA,Municipal DAEM,Urbano,16,161,16102,Bulnes,42,37.5465517044009,35,3,2,2
17746,6,COLEGIO OLIMPIA GUZMAN BELLO,Particular Subvencionado,Urbano,8,81,8103,Chiguayante,29,41.8222877910501,21,3,0,5
17750,4,COLEGIO SALESIANO DE CONCEPCION,Particular Subvencionado,Urbano,8,81,8101,Concepción,361,39.1324855092084,277,18,27,39
17751,2,ESCUELA VILLA LA GRANJA,Municipal DAEM,Urbano,8,83,8305,Mulchén,121,37.8776423244313,106,2,8,5
17762,8,ESCUELA PARTICULAR BAJO QUILANTAHUE,Particular Subvencionado,Rural,8,82,8207,Tirúa,96,59.093127702977,0,0,0,7
17763,6,ESCUELA PARTICULAR CUYIMPALIHUE,Particular Subvencionado,Rural,8,82,8203,Cañete,27,37.1820181037647,24,0,3,0
17765,2,COLEGIO MADRE PAULINA,Particular Subvencionado,Urbano,8,81,8103,Chiguayante,180,40.354753947001,123,25,14,18
17766,0,COLEGIO SAN JOSE,Particular Subvencionado,Urbano,16,163,16301,San Carlos,56,36.5020647774009,53,3,0,0
17778,4,COLEGIO SAN JUAN DE DIOS,Particular Subvencionado,Urbano,8,83,8306,Nacimiento,180,33.9716874634915,178,2,0,0
17779,2,COLEGIO PACIFIC SCHOOL,Particular Subvencionado,Urbano,8,81,8103,Chiguayante,156,37.0664983556489,140,9,4,3
17782,2,LICEO RIOS DE CHILE,Municipal DAEM,Urbano,8,81,8107,Penco,57,35.6679462555162,55,1,1,0
17785,7,ESCUELA VILLA CENTINELA SUR,Municipal DAEM,Urbano,8,81,8110,Talcahuano,59,39.2843067511066,44,9,4,2
17787,3,ESCUELA ORLANDO VERA VILLARROEL,Municipal DAEM,Urbano,8,83,8303,Cabrero,110,35.7064995594371,103,3,2,2
17788,1,COLEGIO AMANECER,Particular Subvencionado,Urbano,8,81,8102,Coronel,83,36.2530069950709,76,2,5,0
17793,8,COLEGIO CONCEPCION DE SAN CARLOS,Particular Subvencionado,Urbano,16,163,16301,San Carlos,226,38.1976695445329,192,11,11,12
17794,6,COLEGIO CONCEPCION DE CHILLAN,Particular Subvencionado,Urbano,16,161,16101,Chillán,360,35.0470290196401,348,7,3,2
17797,0,ARAUCARIA SCHOOL,Particular Subvencionado,Urbano,8,83,8311,Santa Bárbara,54,35.221173747749,52,2,0,0
17798,9,COLEGIO ACUMAR,Particular Subvencionado,Rural,8,83,8307,Negrete,96,51.3935306099729,3,0,0,2
17800,4,COLEGIO SYDNEY COLLEGE,Particular Subvencionado,Urbano,16,161,16101,Chillán,152,36.712411455117,135,11,4,2
17812,8,COLEGIO CONCEPCION CHIGUAYANTE,Particular Subvencionado,Urbano,8,81,8103,Chiguayante,181,36.2232440098345,166,6,6,3
17813,6,ESCUELA BÁSICA CACIQUE LEVIÁN,Municipal DAEM,Urbano,8,83,8311,Santa Bárbara,79,33.8348752111163,77,0,1,1
17814,4,ESCUELA ALTO CABRERO,Municipal DAEM,Urbano,8,83,8303,Cabrero,135,39.8825370046695,97,12,15,11
17817,9,COLEGIO PARTICULAR FRANCYS,Particular Subvencionado,Urbano,8,82,8202,Arauco,72,34.9548696270963,67,3,2,0
17824,1,COLEGIO CLARO DE LUNA COLLEGE,Particular Subvencionado,Urbano,8,81,8110,Talcahuano,31,37.1613387572797,27,1,3,0
17828,4,ESCUELA EVANGÉLICA BETH-EL,Particular Subvencionado,Urbano,16,161,16101,Chillán,72,37.563818517674,61,1,5,5
17833,0,COLEGIO ETCHEGOYEN TALCAHUANO,Particular Subvencionado,Urbano,8,81,8110,Talcahuano,321,37.075837517662,275,19,14,13
17838,1,COLEGIO TECNOLOGICO DARIO SALAS,Particular Subvencionado,Urbano,16,161,16103,Chillán Viejo,57,36.46545977424,53,1,0,3
17840,3,ESCUELA BASICA NAHUELBUTA,Particular Subvencionado,Urbano,8,81,8108,San Pedro de la Paz,51,39.9978826241513,34,5,4,8
17848,9,YIRE LICEO POLITECNICO DE COIHUECO,Particular Subvencionado,Urbano,16,163,16302,Coihueco,65,36.9738783575307,56,2,5,2
17850,0,COLEGIO BICENTENARIO PADRE MANUEL D`ALZON,Particular Subvencionado,Urbano,8,81,8106,Lota,213,36.9939349137039,184,11,8,10
17854,3,COLEGIO VILLA NONGUEN,Particular Subvencionado,Urbano,8,81,8101,Concepción,74,40.3815271732044,48,6,13,7
17855,1,COLEGIO INMACULADA CONCEPCION,Particular Subvencionado,Urbano,8,81,8101,Concepción,161,35.2832172927928,147,12,0,2
17858,6,COLEGIO MIXTO INMACULADA CONCEPCION,Particular Subvencionado,Urbano,8,81,8110,Talcahuano,131,36.9266950596234,107,13,6,5
17859,4,COLEGIO ALMONDALE,Particular Subvencionado,Urbano,8,81,8108,San Pedro de la Paz,229,34.8285190700577,220,2,3,4
17860,8,COLEGIO SAN LUIS,Particular Subvencionado,Urbano,8,81,8110,Talcahuano,123,37.6305417543048,107,7,3,6
17874,8,ESCUELA EDELMIRA VERGARA QUIÑONES,Municipal DAEM,Urbano,8,82,8202,Arauco,141,37.4489136292014,123,7,7,4
17875,6,COLEGIO SAN JOAQUIN,Particular Subvencionado,Urbano,8,81,8101,Concepción,98,37.5938091541158,80,8,4,6
17876,4,AMERICAN JUNIOR COLLEGE,Particular Subvencionado,Urbano,8,81,8102,Coronel,144,37.6419739959546,121,8,10,5
17877,2,COLEGIO PADRE ALBERTO HURTADO LOS ANGELES,Particular Subvencionado,Urbano,8,83,8301,Los Ángeles,178,35.1753658874152,167,4,3,4
17883,7,COLEGIO SAN TERESA DE LOS ANDES - LOS ANGELES,Particular Subvencionado,Urbano,8,83,8301,Los Ángeles,53,35.4065758094575,49,4,0,0
17892,6,LICEO POLIVALENTE MARTA COLVIN ANDRADE,Municipal DAEM,Urbano,16,161,16101,Chillán,36,41.037549629989996,24,3,4,5
17895,0,COLEGIO SAN FERNANDO,Particular Subvencionado,Urbano,16,161,16101,Chillán,224,37.2561523059335,202,6,10,6
17897,7,ESCUELA GLORIAS NAVALES,Municipal DAEM,Urbano,16,162,16204,Ninhue,74,31.0772745712112,74,0,0,0
17900,0,COLEGIO METODISTA CONCEPCION,Particular Subvencionado,Urbano,8,81,8101,Concepción,63,33.2765173514882,62,1,0,0
17902,7,COLEGIO TERESA DE LOS ANDES,Particular Subvencionado,Urbano,16,161,16102,Bulnes,90,36.4047806699369,87,1,2,0
17903,5,SEBASTIAN SCHOOL,Particular Subvencionado,Urbano,16,161,16101,Chillán,177,35.4989997542281,171,4,0,2
17907,8,COLEGIO CREACIÓN CHILLÁN,Particular Subvencionado,Urbano,16,161,16101,Chillán,80,35.610258529025,74,3,2,1
17908,6,COLEGIO BICENTENARIO PADRE ALBERTO HURTADO,Particular Subvencionado,Urbano,16,161,16101,Chillán,182,40.3104672539003,132,17,18,15
17912,4,COLEGIO CREACIÓN CONCEPCIÓN,Particular Subvencionado,Urbano,8,81,8101,Concepción,157,35.6666868734367,151,2,2,2
17915,9,COLEGIO POLIVALENTE DOMINGO PARRA CORVALAN,Particular Subvencionado,Urbano,8,81,8102,Coronel,190,40.7041887193217,124,17,16,33
17916,7,ESCUELA DAFNE ELVIRA ZAPATA ROZAS,Municipal DAEM,Urbano,16,161,16105,Pemuco,135,36.7347585572771,129,2,4,0
17918,3,COLEGIO SAINT GEORGE SCHOOL,Particular Subvencionado,Urbano,8,83,8301,Los Ángeles,173,34.1607758336825,171,2,0,0
17920,5,COLEGIO HISPANO AMERICANO RIO VIEJO,Particular Subvencionado,Urbano,16,161,16101,Chillán,162,40.761942885686,114,15,16,17
17924,8,ESCUELA NACIMIENTO DE NUESTRO SEÑOR,Municipal DAEM,Urbano,8,83,8306,Nacimiento,55,37.2838851706725,52,1,0,2
17930,2,ESCUELA EL LLANO,Municipal DAEM,Urbano,16,162,16201,Quirihue,40,37.8761559260049,32,1,5,2
18002,5,ESCUELA JOSE FRANCISCO PINO MEDINA,Municipal DAEM,Urbano,16,162,16203,Coelemu,92,34.1998337454285,91,0,0,1
18006,8,ESCUELA ELISE MOTTART,Municipal DAEM,Urbano,16,161,16104,El Carmen,73,34.648596740216,69,4,0,0
18010,6,COLEGIO SAN FERNANDO CHILLÁN VIEJO,Particular Subvencionado,Urbano,16,161,16103,Chillán Viejo,47,39.1783245035222,41,0,4,2
18012,2,ESCUELA MARTA COLVIN ANDRADE,Servicio Local de Educación(SLE),Urbano,16,163,16302,Coihueco,81,38.8953725778735,65,3,8,5
18014,9,ESCUELA BASICA LOS CONQUISTADORES,Municipal DAEM,Urbano,8,81,8107,Penco,110,36.9077664922049,97,8,3,2
18015,7,ESCUELA BASICA FORJADORES DE CHILE,Municipal DAEM,Urbano,8,81,8107,Penco,68,36.8808936376408,58,5,0,5
18017,3,LICEO TÉCNICO PROFESIONAL VIOLETA PARRA SANDOVAL,Servicio Local de Educación(SLE),Urbano,16,163,16301,San Carlos,63,40.3091907012071,45,7,7,4
18021,1,ESCUELA DIEGO PORTALES PALAZUELOS,Municipal DAEM,Urbano,8,83,8313,Yumbel,42,38.1373294559113,33,5,2,2
18028,9,COLEGIO CIUDAD EDUCATIVA,Particular Subvencionado,Urbano,16,161,16101,Chillán,177,37.8549462824819,150,9,7,11
18034,3,COLEGIO SOUTHERN COLLEGE,Particular Subvencionado,Urbano,8,83,8301,Los Ángeles,156,34.8542318059303,150,4,2,0
18035,1,COLEGIO SAN AGUSTIN,Particular Subvencionado,Urbano,16,162,16201,Quirihue,70,35.1287446190282,67,3,0,0
18042,4,COLEGIO WENGA CORONEL,Particular Subvencionado,Urbano,8,81,8102,Coronel,148,33.870107784529,146,1,1,0
18049,1,COLEGIO ADVENTISTA DE CONCEPCION,Particular Subvencionado,Urbano,8,81,8110,Talcahuano,176,35.9512599957307,168,5,2,1
18050,5,COLEGIO LA FUENTE,Particular Subvencionado,Urbano,8,83,8301,Los Ángeles,73,37.9355491751278,62,2,4,5
18065,3,ESCUELA NUEVA REPUBLICA,Servicio Local de Educación(SLE),Urbano,8,81,8105,Hualqui,84,36.2511910167002,78,1,3,2
18066,1,COLEGIO AURORA DE CHILE SUR,Particular Subvencionado,Urbano,8,81,8103,Chiguayante,62,35.1521606987799,55,3,3,1
18069,6,CENTRO INTEGRAL DE EDUCACIÓN HIGH SCOPE LIMITADA,Particular Subvencionado,Urbano,8,81,8112,Hualpén,53,37.9070445216591,46,2,2,3
18075,0,COLEGIO JAHVE NISI,Particular Subvencionado,Urbano,8,81,8109,Santa Juana,58,36.7294093478073,52,3,2,1
18087,4,DINABEC COLLEGE,Particular Subvencionado,Urbano,16,163,16301,San Carlos,121,37.8322682983439,105,8,3,5
18090,4,COLEGIO SAN LORENZO,Particular Subvencionado,Rural,8,83,8301,Los Ángeles,71,36.2758532632784,66,2,2,1
18093,9,COLEGIO EL VALLE DE HUALQUI,Particular Subvencionado,Urbano,8,81,8105,Hualqui,103,36.0495377646357,95,2,3,3
18094,7,CHRISTIAN COLLEGE,Particular Subvencionado,Urbano,8,81,8105,Hualqui,90,34.166981457181,87,2,0,1
18097,1,COLEGIO ALMONDALE LOMAS,Particular Subvencionado,Urbano,8,81,8101,Concepción,241,32.1213924259764,240,0,0,1
18099,8,LICEO TOMAS LAGO,Municipal DAEM,Urbano,16,161,16103,Chillán Viejo,44,40.2576485084783,29,7,4,4
18111,0,COMPLEJO EDUCACIONAL GLORIA MENDEZ BRIONES,Particular Subvencionado,Urbano,8,81,8107,Penco,143,33.1045945032938,143,0,0,0
18112,9,COLEGIO BICENTENARIO INES ENRIQUEZ FRODDEN,Servicio Local de Educación(SLE),Urbano,8,81,8104,Florida,90,35.438717128242,79,1,6,4
18114,5,COLEGIO A-LAFKEN,Particular Subvencionado,Urbano,8,81,8107,Penco,60,39.2269619660643,48,4,2,6
18123,4,COLEGIO Y ESCUELA DE LENGUAJE CENTRO EDUCACIONAL PEUMAYEN,Particular Subvencionado,Urbano,8,83,8303,Cabrero,71,35.6472573794713,68,0,1,2
18124,2,COLEGIO SANTA TERESITA,Particular Subvencionado,Urbano,16,162,16203,Coelemu,74,31.2436844402104,74,0,0,0
18126,9,COLEGIO PORVENIR SCHOOL,Particular Subvencionado,Urbano,8,81,8103,Chiguayante,120,41.141917487668,75,13,9,23
18127,7,CENTRO EDUCACIONAL ALBORADA,Particular Subvencionado,Urbano,8,81,8107,Penco,62,38.4031692295774,52,7,3,0
18128,5,COLEGIO SANTO TOMÁS,Particular Subvencionado,Urbano,8,83,8301,Los Ángeles,128,33.0891896437263,127,1,0,0
18147,1,COLEGIO EDUCA BIOBÍO,Particular Subvencionado,Urbano,8,81,8108,San Pedro de la Paz,169,39.6160321145906,123,18,15,13
18149,8,COLEGIO RUCALHUE,Particular Subvencionado,Urbano,8,81,8112,Hualpén,154,37.0352514032481,141,4,4,5
18170,6,COLEGIO MONTE ÁGUILA COLLEGE,Particular Subvencionado,Urbano,8,83,8303,Cabrero,53,37.9722134030774,42,4,2,5
18172,2,COLEGIO AMANECER TALCAHUANO,Particular Subvencionado,Urbano,8,81,8110,Talcahuano,199,37.4385033177774,165,18,9,7
18181,1,INSTITUTO HUMANIDADES MONSEÑOR JOSE MANUEL SANTO ASCARZA,Particular Subvencionado,Urbano,8,81,8103,Chiguayante,176,36.1974632593565,170,3,2,1
18184,6,COLEGIO BORDERIO,Particular Subvencionado,Urbano,8,83,8305,Mulchén,56,42.13622144241,31,5,9,11
18199,4,COLEGIO QUILLÓN,Particular Subvencionado,Urbano,16,161,16107,Quillón,129,38.3424563981075,108,10,3,8
18216,8,COLEGIO AMANECER,Particular Subvencionado,Urbano,16,161,16102,Bulnes,72,38.0432125556735,60,4,4,4
18218,4,COLEGIO NUEVOS HORIZONTES,Servicio Local de Educación(SLE),Urbano,8,81,8108,San Pedro de la Paz,131,39.6737195283059,101,12,6,12
18220,6,COLEGIO BICENTENARIO NUEVA ESPERANZA DE YUNGAY,Particular Subvencionado,Urbano,16,161,16109,Yungay,90,33.775222244206,90,0,0,0
18223,0,COLEGIO EL FARO,Particular Subvencionado,Urbano,8,81,8101,Concepción,66,39.9927331268047,49,5,5,7
18237,0,COLEGIO AMANECER SAN CARLOS,Particular Subvencionado,Urbano,8,81,8108,San Pedro de la Paz,166,34.735120091148,164,2,0,0
18247,8,COLEGIO SAN NICOLÁS,Particular Subvencionado,Urbano,8,81,8101,Concepción,83,35.9616064088393,79,1,0,3
18249,4,COLEGIO INSTITUTO CRISTIANO GRACIA Y PAZ,Particular Subvencionado,Urbano,8,83,8301,Los Ángeles,87,34.2867014783884,81,5,1,0
18251,6,COLEGIO ALTURAS DE CHILLÁN,Particular Subvencionado,Urbano,16,161,16101,Chillán,105,37.4768473986047,98,4,1,2
19906,0,LICEO BICENTENARIO  POLITECNICO EMA ESPINOZA CORREA,Municipal DAEM,Urbano,9,91,9108,Lautaro,60,42.2730786023557,33,10,6,11
19910,9,ESCUELA PARTICULAR SAN LORENZO,Particular Subvencionado,Rural,9,91,9121,Cholchol,96,31.5190802424545,1,0,0,0
19911,7,ESCUELA PARTICULAR BOLLILCO,Particular Subvencionado,Rural,9,91,9111,Nueva Imperial,96,35.6934424325465,2,0,0,0
19921,4,INSTITUTO CAMILO HENRIQUEZ,Particular Subvencionado,Urbano,9,91,9120,Villarrica,70,35.2368718036603,66,1,1,2
19922,2,ESCUELA PARTICULAR ANTUMALAL,Particular Subvencionado,Rural,9,91,9108,Lautaro,36,38.2456522594778,30,2,1,3
19923,0,ESCUELA NRO 15 AMI,Particular Subvencionado,Urbano,9,91,9101,Temuco,30,43.7417087970648,14,3,5,8
19925,7,LICEO PARTICULAR COMERCIAL CARAHUE,Particular Subvencionado,Urbano,9,91,9102,Carahue,21,39.791646905353,16,1,3,1
19927,3,ESCUELA BASICA VOLCAN LLAIMA,Municipal DAEM,Urbano,9,91,9110,Melipeuco,59,36.0803239887709,53,2,1,3
19928,1,ESCUELA PARTICULAR SAN IGNACIO,Particular Subvencionado,Rural,9,91,9102,Carahue,25,34.1868681048753,25,0,0,0
19934,6,ESCUELA PARTICULAR EL DESPERTAR,Particular Subvencionado,Rural,9,91,9112,Padre Las Casas,96,41.5871182466954,8,2,4,1
19947,8,ESCUELA LAURA VICUNA,Particular Subvencionado,Urbano,9,91,9120,Villarrica,49,38.6701010980738,35,4,5,5
19949,4,ESCUELA PARTICULAR SANTA OLGA,Particular Subvencionado,Rural,9,91,9102,Carahue,23,40.7457733136301,15,2,2,4
19950,8,ESCUELA PARTICULAR SAN ANDRES,Particular Subvencionado,Urbano,9,92,9203,Curacautín,29,39.2484540813495,25,1,2,1
19952,4,COLEGIO ANGOL,Particular Subvencionado,Urbano,9,92,9201,Angol,156,38.8194569795272,136,5,9,6
19953,2,ESCUELA BILINGUE AMUL KEWUN,Particular Subvencionado,Rural,9,91,9111,Nueva Imperial,96,38.2354557070468,5,1,0,0
19954,0,"COLEGIO ESPECIAL DE TRASTORNOS DE LA COMUNICACION ORAL Nº 34, DOCKSTA",Particular Subvencionado,Urbano,9,91,9102,Carahue,62,37.0489791021783,58,4,0,0
19965,6,ESCUELA PARTICULAR TERESA DE LOS ANDES,Particular Subvencionado,Urbano,9,92,9206,Los Sauces,28,35.9433412291124,25,2,1,0
19968,0,COLEGIO ADVENTISTA DE PITRUFQUEN,Particular Subvencionado,Urbano,9,91,9114,Pitrufquén,89,35.0934581948784,83,4,1,1
19972,9,MOZART SCHOOL,Particular Subvencionado,Urbano,9,92,9201,Angol,49,38.8599514363571,42,2,1,4
19981,8,COLEGIO NUEVA CONCEPCION,Particular Subvencionado,Urbano,9,91,9101,Temuco,71,32.7833391798279,71,0,0,0
19983,4,COLEGIO EMPRENDER TEMUCO,Particular Subvencionado,Urbano,9,91,9101,Temuco,179,39.1800515722326,149,20,4,6
20008,5,COLEGIO EL LABRADOR,Particular Subvencionado,Urbano,9,92,9211,Victoria,117,39.7630457169693,89,7,7,14
20016,6,COLEGIO DE APLICACION,Particular Subvencionado,Urbano,9,91,9101,Temuco,97,42.5329710275288,54,16,12,15
20019,0,SUN FLOWER SCHOOL,Particular Subvencionado,Urbano,9,91,9101,Temuco,85,39.0162072938176,65,8,5,7
20024,7,ESCUELA PARTICULAR HUENTE,Particular Subvencionado,Rural,9,91,9117,Teodoro Schmidt,96,37.9492528964548,7,1,0,1
20025,5,ESCUELA ARTISTICA ARMANDO DUFEY BLANC,Municipal DAEM,Urbano,9,91,9101,Temuco,142,37.1452719739917,123,15,1,3
20026,3,ESCUELA MAPU- LAFKEN,Particular Subvencionado,Rural,9,91,9102,Carahue,96,39.9143706573232,12,2,0,3
20029,8,ESCUELA SANTA VICTORIA,Particular Subvencionado,Rural,9,91,9106,Galvarino,24,38.4958046051175,18,1,3,2
20033,6,COLEGIO CUMBRES DEL BUDI,Particular Subvencionado,Rural,9,91,9116,Saavedra,24,34.1450680035383,24,0,0,0
20041,7,ESCUELA PARTICULAR CLAUDIO ARRAU,Particular Subvencionado,Rural,9,91,9120,Villarrica,90,39.036916441681,74,7,1,8
20042,5,ESC. PART. LUCILA GODOY ALCAYAGA,Particular Subvencionado,Urbano,9,92,9201,Angol,46,39.0683581115874,39,2,1,4
20046,8,ESCUELA PART. MISS CLARA BRINCEFIELD,Particular Subvencionado,Urbano,9,91,9112,Padre Las Casas,140,35.5033916096032,133,3,1,3
20048,4,COLEGIO SCOLE CREARE,Particular Subvencionado,Urbano,9,91,9101,Temuco,152,34.9396517482727,144,3,4,1
20052,2,COMPLEJO EDUCACIONAL VICTORIA,Particular Subvencionado,Urbano,9,92,9211,Victoria,76,39.8566941216566,57,6,5,8
20064,6,COLEGIO BICENTENARIO DE LA ARAUCANIA,Particular Subvencionado,Urbano,9,91,9112,Padre Las Casas,48,40.0789738338823,33,2,6,7
20067,0,ESCUELA FRANCISCO QUEREBAN,Particular Subvencionado,Rural,9,91,9112,Padre Las Casas,38,37.147873988416,35,1,1,1
20068,9,ESCUELA PARTICULAR SAINT GEORGE,Particular Subvencionado,Urbano,9,92,9201,Angol,102,34.1027242685864,101,1,0,0
20071,9,ESCUELA PARTICULAR LA DEHESA,Particular Subvencionado,Urbano,9,91,9103,Cunco,43,33.3925616817441,42,1,0,0
20074,3,CAMBRIDGE COLLEGE PRIMAVERA,Particular Subvencionado,Urbano,9,91,9119,Vilcún,80,34.6561890548636,80,0,0,0
20082,4,ESCUELA PART.NUESTRA SENORA DEL ROSARIO,Particular Subvencionado,Urbano,9,92,9201,Angol,69,36.7860794442513,58,5,4,2
20084,0,ESCUELA PARTICULAR CHIHUIMPILLI,Particular Subvencionado,Rural,9,91,9105,Freire,24,44.7433393842379,9,4,3,8
20085,9,COLEGIO GOLDEN SCHOOL,Particular Subvencionado,Urbano,9,91,9101,Temuco,57,38.1777181777108,48,5,2,2
20087,5,ESCUELA ARCO IRIS,Particular Subvencionado,Rural,9,92,9207,Lumaco,27,38.5527275519362,25,1,0,1
20088,3,ESCUELA POETISA GABRIELA MISTRAL,Particular Subvencionado,Rural,9,91,9102,Carahue,96,32.2195146535461,17,0,0,0
20090,5,COLEGIO LEONARDO DA VINCI SCHOOL,Particular Subvencionado,Urbano,9,91,9114,Pitrufquén,69,36.7222368523498,63,3,2,1
20095,6,COLEGIO CAMILO HENRIQUEZ DE PEDREGOSO,Particular Subvencionado,Rural,9,91,9120,Villarrica,46,36.024773019246,42,1,0,3
20096,4,COLEGIO BETANIA,Particular Subvencionado,Urbano,9,91,9101,Temuco,49,41.559731967661,33,4,4,8
20102,2,ESCUELA ESPECIAL HOSPITALARIA TEMUCO,Particular Subvencionado,Urbano,9,91,9101,Temuco,28,44.2629033259877,17,2,2,7
20108,1,COLEGIO LIDIA GONZALEZ BARRIGA,Particular Subvencionado,Urbano,9,92,9202,Collipulli,112,38.1849880056593,99,6,4,3
20117,0,ESCUELA LOS ALAMOS,Particular Subvencionado,Rural,9,91,9106,Galvarino,96,33.9786398809077,4,0,0,1
20120,0,COLEGIO JOSE GIORDANO,Particular Subvencionado,Urbano,9,91,9111,Nueva Imperial,61,35.1021176316537,58,2,1,0
20121,9,ESCUELA MUNICIPAL LOS ARRAYANES,Municipal DAEM,Urbano,9,91,9115,Pucón,67,37.3580238521466,60,4,0,3
20122,7,ESCUELA TRANI-TRANI,Particular Subvencionado,Rural,9,91,9101,Temuco,28,37.5084072262679,23,1,2,2
20129,4,ESCUELA GRACIA Y PAZ,Particular Subvencionado,Urbano,9,91,9101,Temuco,60,35.3984192084942,57,3,0,0
20133,2,ESCUELA BASICA NINOS FELICES,Particular Subvencionado,Urbano,9,91,9119,Vilcún,63,36.7537338678146,53,3,4,3
20137,5,COLEGIO INNOV-ARTE,Particular Subvencionado,Urbano,9,91,9101,Temuco,168,35.1892379456435,163,3,1,1
20139,1,LICEO TECNOLOGICO MONTEMARIA,Particular Subvencionado,Rural,9,91,9115,Pucón,64,39.400945399428,51,7,1,5
20145,6,ESCUELA GOLDEN HOUSE,Particular Subvencionado,Rural,9,91,9102,Carahue,96,35.3917952428327,18,0,1,0
20152,9,AYIÑLEO (LA LUZ Y EL AMOR QUE NUNCA SE EXTINGUE),Particular Subvencionado,Rural,9,92,9202,Collipulli,96,40.7972463434736,5,0,0,2
20153,7,COLEGIO PUCÓN,Particular Subvencionado,Urbano,9,91,9115,Pucón,50,32.6485883270939,50,0,0,0
20154,5,ESCUELA BASICA ANTU RAYEN,Particular Subvencionado,Urbano,9,91,9111,Nueva Imperial,74,35.2528038500031,72,0,1,1
20158,8,COLEGIO ALTAS CUMBRES,Particular Subvencionado,Urbano,9,91,9120,Villarrica,29,37.9674078201971,22,5,1,1
20159,6,LICEO PARTICULAR JAN COMENIUS,Particular Subvencionado,Urbano,9,91,9101,Temuco,156,39.3665728340488,119,17,8,12
20161,8,ESCUELA PART. SUBVENCIONADA AMANCAY,Particular Subvencionado,Urbano,9,91,9108,Lautaro,50,39.1010041117106,40,5,2,3
20162,6,COLEGIO REINO DE SUECIA,Particular Subvencionado,Urbano,9,92,9211,Victoria,39,38.274831156371,35,2,1,1
20164,2,LICEO AGRICOLA SAN SEBASTIAN,Particular Subvencionado,Urbano,9,91,9113,Perquenco,73,41.9365095131273,45,8,9,11
20167,7,COLEGIO LIAHONA,Particular Subvencionado,Urbano,9,91,9115,Pucón,90,37.6024392223153,82,4,3,1
20173,1,LICEO HUMANISTA CIENTIFICO BRAINSTORM,Particular Subvencionado,Urbano,9,91,9101,Temuco,180,38.1180530891171,147,15,9,9
20175,8,LICEO JUAN PABLO II,Particular Subvencionado,Urbano,9,91,9106,Galvarino,96,34.3134128010698,19,0,0,0
20180,4,ESC.CRISTIANA DESARROLLO INTEGRAL,Particular Subvencionado,Rural,9,91,9101,Temuco,83,36.6659132285657,80,2,1,0
20181,2,COLEGIO SAINT PATRICK SCHOOL,Particular Subvencionado,Urbano,9,91,9101,Temuco,129,36.2727575749008,114,6,4,5
20182,0,COLEGIO JUAN PABLO II,Particular Subvencionado,Urbano,9,91,9103,Cunco,41,37.0949669996195,38,0,1,2
20187,1,ESCUELA PARTICULAR NUEVO AMANECER,Particular Subvencionado,Rural,9,91,9117,Teodoro Schmidt,96,32.7797658199458,5,0,0,0
20194,4,COLEGIO INGLES MI MUNDO,Particular Subvencionado,Urbano,9,92,9210,Traiguén,51,31.1583015683387,50,1,0,0
20200,2,ESCUELA MUNICIPAL GABRIELA MISTRAL,Municipal DAEM,Urbano,9,91,9106,Galvarino,79,33.1632519616202,78,0,1,0
20205,3,ESCUELA PARTICULAR HABIT-ART,Particular Subvencionado,Rural,9,91,9112,Padre Las Casas,86,36.7358749373875,74,7,1,4
20209,6,COLEGIO RAITRAI DE PUCON,Particular Subvencionado,Urbano,9,91,9115,Pucón,54,31.9427993234749,53,1,0,0
20212,6,COLEGIO HEBREO,Particular Subvencionado,Urbano,9,91,9101,Temuco,67,36.5909774643971,62,4,0,1
20213,4,COLEGIO PEDRO DE VALDIVIA DE VILLARRICA,Particular Subvencionado,Rural,9,91,9120,Villarrica,89,36.4767657586125,80,4,2,3
20215,0,ESCUELA PARTICULAR SAN LEONARDO,Particular Subvencionado,Rural,9,92,9204,Ercilla,49,38.9398567256119,40,2,2,5
20218,5,ESCUELA PART. TEMUCO COLLEGE,Particular Subvencionado,Urbano,9,91,9101,Temuco,46,36.843012052152,42,2,1,1
20219,3,COLEGIO BICENTENARIO DE EXCELENCIA ADENAUER,Particular Subvencionado,Urbano,9,91,9110,Melipeuco,64,35.161836719753,63,1,0,0
20226,6,COLEGIO NEWHARVEST,Particular Subvencionado,Urbano,9,91,9101,Temuco,152,37.5665140346221,135,5,5,7
20227,4,COLEGIO JUAN PABLO II,Particular Subvencionado,Rural,9,91,9120,Villarrica,26,40.0288243471914,18,2,1,5
20248,7,LICEO MUNICIPAL TROVOLHUE,Servicio Local de Educación(SLE),Urbano,9,91,9102,Carahue,25,36.5243278225993,22,0,1,2
20258,4,COLEGIO BICENTENARIO CUMBRES DE LABRANZA,Particular Subvencionado,Urbano,9,91,9101,Temuco,223,37.6461562387405,192,15,11,5
20259,2,ESCUELA SAN MIGUEL DE IMPERIALITO,Particular Subvencionado,Rural,9,91,9102,Carahue,96,38.6860258958074,14,1,0,0
20260,6,COLEGIO FILADELFIA,Particular Subvencionado,Rural,9,91,9120,Villarrica,52,34.0092452844846,49,2,0,1
20263,0,COLEGIO JUAN XXIII,Particular Subvencionado,Rural,9,91,9120,Villarrica,61,39.1394410442781,45,5,5,6
20265,7,COLEGIO LOS ROBLES,Particular Subvencionado,Urbano,9,91,9101,Temuco,128,37.3903190478165,105,11,6,6
20266,5,LICEO BICENTENARIO DE TEMUCO,Municipal DAEM,Urbano,9,91,9101,Temuco,140,34.9003045845348,135,2,2,1
20274,6,COLEGIO FOR LIFE,Particular Subvencionado,Urbano,9,91,9101,Temuco,89,34.5812669044276,88,0,1,0
20277,0,ESCUELA ESPECIAL HOSPITALARIA SAN EXPEDITO,Particular Subvencionado,Urbano,9,91,9111,Nueva Imperial,96,37.6064885921547,7,0,0,2
20278,9,ESCUELA ESPECIAL HOSPITALARIA REVIVIR,Particular Subvencionado,Urbano,9,91,9120,Villarrica,96,34.2821169002821,12,0,0,2
20282,7,COLEGIO CUMBRE DE SAN RAMON,Particular Subvencionado,Rural,9,91,9112,Padre Las Casas,56,41.8824394331678,35,5,5,11
20290,8,COLEGIO THE FOREST SCHOOL,Particular Subvencionado,Urbano,9,91,9114,Pitrufquén,93,38.0667281711365,77,6,5,5
20297,5,ESCUELA NUEVO AMANECER DE QUILACO,Particular Subvencionado,Rural,9,91,9112,Padre Las Casas,96,37.0325950326333,12,2,0,1
20298,3,COLEGIO PUENTE MAIPO,Particular Subvencionado,Urbano,13,132,13201,Puente Alto,138,40.7439171816339,89,19,13,17
20300,9,COLEGIO DIEGO THOMPSON,Particular Subvencionado,Urbano,5,51,5101,Valparaíso,45,32.8815016483946,45,0,0,0
20316,5,COLEGIO ALTAZOR,Particular Subvencionado,Urbano,16,161,16101,Chillán,64,35.7731488518353,61,2,0,1
20324,6,ALTOS DEL HUERTO,Particular Subvencionado,Urbano,13,133,13303,Tiltil,75,37.2463043152628,66,6,3,0
20330,0,INSTITUTO RAILEF,Particular Subvencionado,Urbano,6,62,6201,Pichilemu,70,37.581452441271,61,3,4,2
20348,3,NORTH CROSS SCHOOL,Particular Subvencionado,Urbano,13,135,13503,Curacaví,144,38.8436775180936,111,14,8,11
20364,5,COLEGIO AYELEN,Particular Subvencionado,Urbano,6,61,6101,Rancagua,181,39.3553697207843,141,28,6,6
20376,9,COLEGIO NUEVA ALERCE,Municipal DAEM,Urbano,10,101,10101,Puerto Montt,135,43.7266958211678,74,16,14,31
20390,4,COLEGIO CIELOS DEL VALLE,Particular Subvencionado,Urbano,4,41,4101,La Serena,47,38.2876059813563,38,2,4,3
20401,3,"ESCUELA BASICA N° 2468, RONALDO MUÑOZ GIBBS",Particular Subvencionado,Urbano,13,133,13302,Lampa,94,39.7733131765338,78,7,6,3
20409,9,ESCUELA HOSPITALARIA PUERTO MONTT,Municipal DAEM,Urbano,10,101,10101,Puerto Montt,96,40.0326614348569,13,0,2,1
20410,2,COLEGIO GENESIS,Particular Subvencionado,Urbano,10,103,10303,Purranque,49,39.5076005996639,37,4,6,2
20424,2,ESCUELA ESPECIAL DE LENGUAJE Y ESCUELA BASICA MY COLLEGE,Particular Subvencionado,Urbano,16,161,16101,Chillán,170,36.8173908977253,157,6,2,5
20427,7,ESCUELA BASICA ÑIPAS,Municipal DAEM,Urbano,16,162,16206,Ranquil,51,36.7213687655912,40,5,5,1
20436,6,COLEGIO  ALONSO  DE  CORDOVA,Particular Subvencionado,Urbano,13,131,13128,Renca,155,40.9917764507776,103,20,13,19
20440,4,LICEO DOCTOR JUAN VERDAGUER PLANAS,Municipal DAEM,Urbano,13,131,13127,Recoleta,88,40.1174271609594,67,2,6,13
20449,8,ESCUELA BÁSICA N°209 COLEGIO SANTA CLAUDIA,Particular Subvencionado,Urbano,13,135,13501,Melipilla,57,38.6840526259565,43,6,3,5
20460,9,COLEGIO LA MISION MOSTAZAL,Particular Subvencionado,Urbano,6,61,6110,Mostazal,126,35.8081341640314,121,2,1,2
20475,7,COLEGIO ACADEMIA POLIVALENTE DE FORMACIÒN PREMILITAR GENERAL JOSE MIGUEL CARRERA,Particular Subvencionado,Urbano,13,136,13602,El Monte,35,41.4735726863316,23,2,3,7
20478,1,COLEGIO TÉCNICO INDUSTRIAL DON BOSCO - CALAMA,Particular Subvencionado,Urbano,2,22,2201,Calama,169,41.2486053708398,120,15,17,17
20484,6,AULA HOSPITALARIA SAN SEBASTIAN DE IQUIQUE,Particular Subvencionado,Urbano,1,11,1101,Iquique,25,37.325376986781,20,1,1,3
20489,7,COLEGIO CIMA,Particular Subvencionado,Rural,6,61,6103,Coinco,45,38.9394475393497,36,3,3,3
20505,2,AULA HOSPITALARIA DE COQUIMBO,Particular Subvencionado,Urbano,4,41,4102,Coquimbo,96,38.0411657517466,14,1,2,2
20506,0,ESCUELA HOSPITALARIA DE ANCUD,Servicio Local de Educación(SLE),Urbano,10,102,10202,Ancud,96,35.9845020027971,6,0,0,0
20507,9,COLEGIO CREE CERRO NAVIA,Particular Subvencionado,Urbano,13,131,13103,Cerro Navia,165,39.2842194554797,138,12,7,8
20508,7,COLEGIO VILLA CARTAGO,Municipal DAEM,Urbano,5,56,5603,Cartagena,69,40.1834609079836,51,7,6,5
20567,2,ENGLISH COLLEGE LOS RÍOS,Particular Subvencionado,Urbano,14,141,14101,Valdivia,48,38.6873103026369,40,3,2,3
20631,8,ESCUELA HOSPITALARIA PADRE HURTADO,Particular Subvencionado,Urbano,13,131,13131,San Ramón,96,39.4066895903297,8,1,1,3
20663,6,ESCUELA HOSPITALARIA DOCTORA ELOISA DIAZ INSUNZA,Particular Subvencionado,Urbano,13,131,13110,La Florida,96,37.9483819975673,10,2,0,1
22007,8,COLEGIO ARTISTICO SANTA CECILIA,Particular Subvencionado,Urbano,10,103,10301,Osorno,134,36.9067356403805,129,4,1,0
22009,4,COLEGIO SANTA MARIA,Particular Subvencionado,Urbano,10,101,10101,Puerto Montt,78,37.7731557166457,68,4,3,3
22010,8,COLEGIO CHILOE,Particular Subvencionado,Urbano,10,102,10202,Ancud,91,35.3587296141878,86,1,2,2
22012,4,LICEO PUNTA DE RIELES,Servicio Local de Educación(SLE),Urbano,10,101,10106,Los Muermos,96,38.9419966313241,12,0,3,2
22014,0,COLEGIO BAQUEDANO,Particular Subvencionado,Urbano,14,141,14101,Valdivia,76,38.6307627398445,58,7,8,3
22019,1,ESCUELA PARTICULAR N. 320 ADVENTISTA,Particular Subvencionado,Urbano,10,101,10101,Puerto Montt,86,37.5872437195698,75,2,4,5
22025,6,ESCUELA PARTICULAR SAN MIGUEL,Particular Subvencionado,Rural,14,141,14108,Panguipulli,96,32.7689871575194,2,0,0,0
22041,8,CENTRO EDUCACIONAL PAZ Y AMOR,Particular Subvencionado,Urbano,10,102,10202,Ancud,50,33.7305498904051,47,1,2,0
22065,5,COLEGIO SAN FRANCISCO DE ASIS,Particular Subvencionado,Urbano,10,102,10201,Castro,205,38.8304127551445,162,17,12,14
22083,3,COLEGIO ALMIRANTE JUAN JOSE LATORRE,Municipal DAEM,Rural,10,104,10401,Chaitén,84,37.5446835058485,73,2,4,5
22086,8,LICEO RURAL LAS QUEMAS,Municipal DAEM,Rural,10,101,10101,Puerto Montt,79,42.4374262854569,49,5,5,20
22094,9,COLEGIO WANELEN WE,Particular Subvencionado,Urbano,10,102,10201,Castro,70,34.9898745951676,68,1,0,1
22096,5,ESCUELA PARTICULAR JUANITA FERNANDEZ SOLAR,Particular Subvencionado,Rural,10,101,10105,Frutillar,24,39.3938261091016,22,0,1,1
22098,1,ESCUELA RURAL INIO,Servicio Local de Educación(SLE),Rural,10,102,10208,Quellón,96,38.4125124398667,2,0,0,0
22105,8,ESCUELA BASICA FRESIA,Servicio Local de Educación(SLE),Urbano,10,101,10104,Fresia,139,36.6622699370388,123,7,5,4
22111,2,ESCUELA PARTICULAR MALIHUE,Particular Subvencionado,Rural,14,141,14104,Los Lagos,31,33.477610991171,31,0,0,0
22112,0,ESCUELA RURAL PUNTA WHITE,Servicio Local de Educación(SLE),Rural,10,102,10208,Quellón,96,41.7293214503689,2,1,0,0
22130,9,ESCUELA ALLA-KINTUY,Servicio Local de Educación(SLE),Urbano,10,102,10208,Quellón,55,35.0837502765528,52,1,1,1
22134,1,ESCUELA RURAL BONIFACIO,Servicio Local de Educación(SLE),Rural,14,141,14101,Valdivia,96,35.4301799506903,9,0,2,0
22146,5,COLEGIO ABRAHAM LINCOLN,Particular Subvencionado,Urbano,10,103,10301,Osorno,28,44.1215779795671,11,5,3,9
22155,4,COLEGIO CARPE DIEM,Particular Subvencionado,Urbano,10,102,10201,Castro,70,32.8331329796274,69,1,0,0
22160,0,MARTIN LUTHER KING COLLEGE,Particular Subvencionado,Urbano,14,141,14101,Valdivia,56,36.098235127478,53,1,1,1
22165,1,ESCUELA PARTICULAR MARANATA,Particular Subvencionado,Rural,14,141,14103,Lanco,31,35.9747692436072,29,0,2,0
22175,9,ESCUELA PABLO NERUDA,Municipal DAEM,Urbano,10,101,10101,Puerto Montt,70,38.0968755235216,59,4,2,5
22181,3,ESCUELA PARTICULAR RALUYA,Particular Subvencionado,Rural,14,141,14106,Mariquina,96,39.9023716457381,6,1,0,1
22186,4,ESC. PART. CONDE DE LEMU,Particular Subvencionado,Rural,14,141,14104,Los Lagos,96,32.0873153587173,16,0,0,0
22191,0,COLEGIO EMPRENDER OSORNO,Particular Subvencionado,Rural,10,103,10301,Osorno,164,36.4564641157611,152,6,4,2
22192,9,COLEGIO CATOLICO BEATO FEDERICO OZANAM,Particular Subvencionado,Urbano,10,101,10101,Puerto Montt,189,41.3463714192949,118,25,24,22
22195,3,COLEGIO CRISTIANO BETESDA,Particular Subvencionado,Urbano,10,101,10101,Puerto Montt,76,40.3759130104313,57,6,9,4
22196,1,COLEGIO QUELLON,Particular Subvencionado,Rural,10,102,10208,Quellón,51,32.6352113571773,49,1,1,0
22200,3,INSTITUTO DEL PACIFICO,Particular Subvencionado,Urbano,10,101,10101,Puerto Montt,81,40.0096882042226,62,7,9,3
22203,8,COLEGIO LACUY,Particular Subvencionado,Rural,10,102,10202,Ancud,96,33.8367284543922,8,0,0,0
22210,0,CENTRO EDUCACIONAL SAN ANDRES,Particular Subvencionado,Urbano,10,102,10202,Ancud,63,32.3185377254342,63,0,0,0
22211,9,COLEGIO CAHUALA INSULAR,Particular Subvencionado,Urbano,10,102,10201,Castro,66,32.855036794523,64,1,0,1
22218,6,COLEGIO PUFUDI,Particular Subvencionado,Rural,14,141,14106,Mariquina,52,38.4097691218715,41,4,3,4
22220,8,COLEGIO FRANCISCO COLOANE,Particular Subvencionado,Rural,10,102,10209,Quemchi,96,35.4686581618556,16,0,0,1
22221,6,ESCUELA FRAY LEONARDO,Particular Subvencionado,Rural,14,141,14108,Panguipulli,96,40.2010021187704,5,0,3,1
22223,2,CENTRO EDUCACIONAL LOS CARRERA,Particular Subvencionado,Urbano,10,101,10101,Puerto Montt,50,36.7143723657106,45,2,1,2
22224,0,COLEGIO PROYECCION SIGLO XXI,Particular Subvencionado,Urbano,10,103,10301,Osorno,51,35.6095295724019,49,1,0,1
22226,7,COLEGIO LAURA VICUNA,Particular Subvencionado,Urbano,14,141,14101,Valdivia,58,41.7904290150946,34,13,1,10
22229,1,ESCUELA BASICA LICARAYEN,Municipal DAEM,Urbano,10,101,10101,Puerto Montt,95,39.3785278299806,73,13,2,7
22230,5,COLEGIO JUAN XXIII,Particular Subvencionado,Urbano,10,103,10301,Osorno,35,36.7375707748903,32,2,0,1
22234,8,COLEGIO SAN VICENTE DE PAUL,Particular Subvencionado,Urbano,10,103,10302,Puerto Octay,73,34.6963978112882,70,2,1,0
22236,4,BLAS PASCAL SCHOOL,Particular Subvencionado,Urbano,10,103,10301,Osorno,143,39.3010416263341,111,12,9,11
22246,1,COLEGIO SHADDAI,Particular Subvencionado,Urbano,10,103,10301,Osorno,73,36.3821487937625,70,3,0,0
22248,8,INSTITUTO ALEMAN PURRANQUE,Particular Subvencionado,Urbano,10,103,10303,Purranque,48,40.5433798802451,38,5,1,4
22253,4,ESCUELA PARTICULAR PROFESOR JOSE VELASQUEZ VARGAS,Particular Subvencionado,Rural,10,101,10102,Calbuco,29,37.4396618174237,28,0,0,1
22255,0,COLEGIO ADOLFO KOLPING,Particular Subvencionado,Urbano,10,103,10301,Osorno,39,38.832059776569,33,2,1,3
22260,7,COLEGIO SANTA ANA,Particular Subvencionado,Urbano,10,102,10209,Quemchi,46,32.7508808937886,45,0,1,0
22262,3,COLEGIO SAN CRISTOBAL,Particular Subvencionado,Urbano,10,101,10106,Los Muermos,62,34.8817924581299,61,1,0,0
22263,1,COLEGIO SAN MARCOS,Particular Subvencionado,Urbano,10,103,10301,Osorno,96,34.9183530244638,18,0,0,1
22265,8,GREEN COUNTRY SCHOOL,Particular Subvencionado,Urbano,10,103,10301,Osorno,96,35.2286241723236,18,0,0,0
22271,2,COLEGIO LUIS PASTEUR,Particular Subvencionado,Urbano,10,103,10301,Osorno,48,37.142429687146,41,4,2,1
22280,1,ESCUELA PARTICULAR ALONSO DE ERCILLA,Particular Subvencionado,Rural,14,142,14202,Futrono,96,38.5001861878177,14,0,1,1
22283,6,COLEGIO SAN MIGUEL,Particular Subvencionado,Urbano,10,103,10301,Osorno,37,41.1854479034735,27,5,0,5
22306,9,COLEGIO PUERTO MONTT,Particular Subvencionado,Urbano,10,101,10101,Puerto Montt,66,39.6101703859625,52,4,4,6
22309,3,COLEGIO INGLÉS MABEL CONDEMARÍN,Servicio Local de Educación(SLE),Rural,10,101,10106,Los Muermos,134,37.2457806565861,115,7,7,5
22313,1,COLEGIO CARDENAL RAUL SILVA HENRIQUEZ,Particular Subvencionado,Urbano,14,141,14107,Paillaco,36,36.5155288413021,31,3,1,1
22317,4,COLEGIO SAN ANTONIO,Particular Subvencionado,Rural,14,141,14107,Paillaco,55,40.0306876447349,42,5,1,7
22322,0,DHARMA COLLEGE,Particular Subvencionado,Urbano,10,103,10303,Purranque,60,37.3779184744019,50,3,4,3
22323,9,ESCUELA PARTICULAR LA POZA,Particular Subvencionado,Rural,10,103,10303,Purranque,96,39.5235242441796,12,1,2,2
22325,5,ESCUELA PARTICULAR CHOVI-SAN JUAN,Particular Subvencionado,Rural,10,102,10205,Dalcahue,43,37.9511543043127,36,1,4,2
22327,1,COLEGIO GABRIELA MISTRAL,Particular Subvencionado,Urbano,10,102,10208,Quellón,120,35.4045599760398,115,2,3,0
22330,1,CENTRO EDUCACIONAL SAN AGUSTIN,Particular Subvencionado,Urbano,10,102,10208,Quellón,58,36.0919829202269,57,1,0,0
22333,6,ESCUELA FRANCIA,Servicio Local de Educación(SLE),Urbano,14,141,14101,Valdivia,72,38.6225240297939,60,3,0,9
22334,4,ESCUELA PARTICULAR EL ARRAYAN,Particular Subvencionado,Urbano,10,102,10205,Dalcahue,61,35.687209356092,56,2,2,1
22337,9,ESCUELA PARTICULAR LOS CASTANOS,Particular Subvencionado,Urbano,14,142,14202,Futrono,43,39.7413355664454,33,3,5,2
22339,5,COLEGIO GHANDI,Particular Subvencionado,Urbano,14,141,14101,Valdivia,98,37.7202581494134,81,3,4,10
22343,3,COLEGIO SAN SEBASTIAN,Particular Subvencionado,Urbano,10,101,10102,Calbuco,64,39.536133429617,51,6,3,4
22351,4,INSTITUTO INMACULADA CONCEPCION,Particular Subvencionado,Urbano,14,141,14101,Valdivia,164,36.9161496151594,148,10,2,4
22352,2,ESCUELA PARTICULAR EL DESPERTAR,Particular Subvencionado,Rural,14,142,14204,Río Bueno,72,39.288719077002,56,3,6,7
22354,9,ESCUELA EL MAITEN,Municipal DAEM,Urbano,14,142,14201,La Unión,36,39.0013954599096,28,2,3,3
22355,7,COLEGIO SAN ANDRES,Particular Subvencionado,Urbano,10,103,10301,Osorno,105,40.4483691668535,79,11,6,9
22356,5,COLEGIO PAIDEIA,Particular Subvencionado,Urbano,10,101,10101,Puerto Montt,79,38.1548562198406,70,1,5,3
22358,1,COLEGIO INGLES,Particular Subvencionado,Urbano,10,103,10303,Purranque,86,37.8009308649728,79,3,4,0
22361,1,COLEGIO PARTICULAR ANTARES DE ALERCE,Particular Subvencionado,Urbano,10,101,10101,Puerto Montt,67,36.4917837572702,61,1,4,1
22366,2,COLEGIO ROBERT PACE,Particular Subvencionado,Urbano,10,101,10101,Puerto Montt,50,40.5377219873469,35,1,6,8
22367,0,ESCUELA PARTICULAR BOSQUE VERDE,Particular Subvencionado,Rural,10,101,10101,Puerto Montt,36,40.1054941206503,29,3,2,2
22372,7,COMPLEJO EDUCACIONAL SAN CRESCENTE,Particular Subvencionado,Rural,10,102,10201,Castro,65,38.1095975165514,54,5,4,2
22373,5,ESCUELA PARTICULAR MILLARAY,Particular Subvencionado,Rural,14,141,14106,Mariquina,96,37.386548536199,17,1,0,0
22374,3,INSTITUTO TECNOLOGICO DEL SUR,Particular Subvencionado,Urbano,14,141,14101,Valdivia,32,43.5497493167884,19,6,1,6
22375,1,ESCUELA PARTICULAR ALLA MAPU,Particular Subvencionado,Rural,10,102,10202,Ancud,96,34.2375608361026,16,0,0,0
22380,8,ESCUELA BASICA SECTOR ORIENTE,Servicio Local de Educación(SLE),Urbano,10,102,10208,Quellón,120,38.5895203359955,94,13,4,9
22390,5,ESCUELA PARTICULAR CANDELARIA,Particular Subvencionado,Urbano,10,101,10108,Maullín,42,38.0511644620321,33,3,3,3
22398,0,COLEGIO ALIWEN,Particular Subvencionado,Urbano,14,141,14101,Valdivia,48,33.4260868538211,48,0,0,0
22403,0,LICEO DE CULTURA Y DIFUSIÓN ARTÍSTICA DE CHILOE,Servicio Local de Educación(SLE),Urbano,10,102,10201,Castro,59,34.6076199114709,59,0,0,0
22408,1,ESCUELA PARTICULAR JEAN PIAGET,Particular Subvencionado,Rural,10,101,10102,Calbuco,25,37.1860611667942,23,0,1,1
22410,3,COLEGIO CREACION OSORNO,Particular Subvencionado,Urbano,10,103,10301,Osorno,155,37.1484157815971,134,5,10,6
22413,8,COLEGIO TENAUN ALTO,Particular Subvencionado,Rural,10,102,10205,Dalcahue,22,33.0940835407922,22,0,0,0
22414,6,ESCUELA PAMPA RIOS,Municipal DAEM,Urbano,14,142,14204,Río Bueno,125,36.6425374982868,113,3,5,4
22418,9,ESCUELA BASICA KIMUN LAWAL,Municipal DAEM,Urbano,10,101,10101,Puerto Montt,207,43.9581647381778,92,31,31,53
22419,7,ESCUELA PADRE ALBERTO HURTADO,Municipal DAEM,Urbano,10,101,10101,Puerto Montt,113,40.4398585210386,81,13,7,12
22420,0,ESCUELA NUEVA PENSYLVANIA,Municipal DAEM,Urbano,10,101,10108,Maullín,35,34.9226632974736,33,1,1,0
22425,1,ESCUELA PARTICULAR CURAMO,Particular Subvencionado,Rural,10,102,10202,Ancud,23,39.342422819815,16,2,2,3
22427,8,ESCUELA PARTICULAR EMMANUEL,Particular Subvencionado,Rural,10,103,10302,Puerto Octay,96,34.0990782645723,8,1,0,0
22428,6,ESCUELA PADRE LUIS BELTRAN,Particular Subvencionado,Urbano,14,141,14106,Mariquina,138,39.8414969725949,108,10,15,5
22430,8,COLEGIO CRECER,Municipal DAEM,Urbano,10,103,10303,Purranque,45,40.6078570349703,33,3,1,8
22433,2,ESCUELA PARTICULAR PUERTO ESPERANZA,Particular Subvencionado,Rural,10,101,10106,Los Muermos,36,35.9669858794045,34,1,0,1
22434,0,COLEGIO DOMINGO SANTA MARIA,Particular Subvencionado,Urbano,10,101,10101,Puerto Montt,360,40.0067074137637,263,31,27,39
22436,7,THE MISSION COLLEGE,Particular Subvencionado,Urbano,10,103,10301,Osorno,285,40.1695720249903,210,21,18,36
22439,1,COLEGIO TERRA NOVA,Particular Subvencionado,Rural,10,102,10207,Queilén,38,35.0089519425348,36,1,0,1
22444,8,ESCUELA LLEQUEN,Particular Subvencionado,Urbano,10,102,10202,Ancud,32,36.8189294469088,30,1,0,1
22452,9,COLEGIO MOUNTAIN GREEN SCHOOL,Particular Subvencionado,Rural,14,141,14108,Panguipulli,40,39.0268996016506,30,3,3,4
22456,1,COLEGIO SAN PABLO,Particular Subvencionado,Urbano,10,102,10202,Ancud,31,33.336163391015,31,0,0,0
22458,8,COLEGIO CELIPRAS RIO BUENO,Particular Subvencionado,Urbano,14,142,14204,Río Bueno,42,36.6812608075623,38,2,1,1
22459,6,COLEGIO LAICO VALDIVIA,Particular Subvencionado,Urbano,14,141,14101,Valdivia,77,37.4234828119567,67,3,4,3
22462,6,COLEGIO BERNARDO FELMER NIKLITSCHEK,Particular Subvencionado,Urbano,14,141,14103,Lanco,63,36.788881985268,54,6,1,2
22476,6,COLEGIO SAN JOSE,Servicio Local de Educación(SLE),Urbano,14,141,14106,Mariquina,40,41.1150612299361,27,1,6,6
22480,4,COLEGIO LOS ALERCES,Municipal DAEM,Urbano,10,101,10101,Puerto Montt,95,41.2900044473769,57,7,22,9
22483,9,LICEO BICENTENARIO DE EXCELENCIA ALTAMIRA,Servicio Local de Educación(SLE),Urbano,14,141,14108,Panguipulli,144,33.5523594795647,141,1,0,2
22489,8,ESCUELA PARTICULAR RAYEN QUITRAL,Particular Subvencionado,Rural,10,101,10101,Puerto Montt,80,39.7430151357527,64,4,5,7
22492,8,ESCUELA PARTICULAR TICALHUE,Particular Subvencionado,Rural,14,141,14106,Mariquina,37,35.5055731011353,34,2,1,0
22493,6,ESCUELA VICENTE PEREZ ROSALES,Servicio Local de Educación(SLE),Urbano,10,101,10105,Frutillar,104,38.0811850249255,78,9,9,8
22495,2,COLEGIO PARTICULAR CARDENAL RAUL SILVA HENRIQ,Particular Subvencionado,Urbano,14,142,14204,Río Bueno,43,37.0374991243161,38,2,3,0
22496,0,CENTRO EDUCACIONAL SAN NICOLAS,Particular Subvencionado,Urbano,14,141,14101,Valdivia,54,39.6462899687733,42,6,2,4
22499,5,INSTITUTO INGLES ANTUQUENU,Particular Subvencionado,Urbano,10,101,10101,Puerto Montt,153,39.1850543565624,116,15,9,13
22504,5,LICEO FRANCISCO COLOANE,Servicio Local de Educación(SLE),Urbano,10,102,10201,Castro,58,42.3362414476967,38,4,6,10
22505,3,COLEGIO CHARLES DARWIN DE ANCUD,Particular Subvencionado,Urbano,10,102,10202,Ancud,23,38.6735811973291,18,2,2,1
22509,6,ESCUELA ALEMANIA,Municipal DAEM,Urbano,10,101,10101,Puerto Montt,59,40.9218338138432,41,6,5,7
22516,9,INSTITUTO CRISTIANO GRACIA Y PAZ,Particular Subvencionado,Urbano,14,141,14101,Valdivia,172,39.0726858647901,138,15,7,12
22519,3,COLEGIO MIRADOR DEL LAGO,Servicio Local de Educación(SLE),Urbano,10,101,10109,Puerto Varas,181,41.0714435553796,129,15,12,25
22527,4,CENTRO EDUCACIONAL SAN SEBASTIAN,Particular Subvencionado,Urbano,14,141,14108,Panguipulli,163,34.5485249233296,158,1,3,1
22531,2,ESCUELA CLAUDIO ARRAU LEON,Servicio Local de Educación(SLE),Urbano,14,141,14108,Panguipulli,53,34.0404754619105,53,0,0,0
22532,0,ESCUELA EL BOSQUE,Servicio Local de Educación(SLE),Urbano,14,141,14101,Valdivia,83,38.2037349145832,71,4,2,6
22533,9,COLEGIO MON MAPU,Particular Subvencionado,Urbano,10,102,10208,Quellón,57,34.2304525914226,55,0,1,1
22535,5,LICEO BILINGUE TERESA DE LOS ANDES,Servicio Local de Educación(SLE),Urbano,10,102,10201,Castro,99,33.281041726756,96,1,0,2
22536,3,CENTRO EDUCACIONAL SAN SEBASTIAN DE ANCUD,Particular Subvencionado,Urbano,10,102,10202,Ancud,53,35.4090146696417,51,2,0,0
22539,8,ESCUELA JOSE MANUEL BALMACEDA,Municipal DAEM,Urbano,10,101,10102,Calbuco,59,39.0089537196261,44,8,6,1
22542,8,COLEGIO SAN ALBERTO HURTADO,Particular Subvencionado,Urbano,10,103,10301,Osorno,80,36.2292690996852,72,4,4,0
22544,4,LICEO POLIVALENTE BENJAMIN VICUÑA MACKENNA,Municipal DAEM,Urbano,10,101,10101,Puerto Montt,49,45.7295481822509,26,2,6,15
22546,0,GREEN COLLEGE,Particular Subvencionado,Urbano,10,101,10105,Frutillar,64,35.3163949382308,61,2,1,0
22552,5,ESCUELA PARTICULAR SAGRADA FAMILIA,Particular Subvencionado,Rural,14,142,14202,Futrono,59,34.9387793244956,53,5,1,0
22554,1,ESCUELA BASICA SAN CARLOS DE CHONCHI,Servicio Local de Educación(SLE),Urbano,10,102,10203,Chonchi,107,34.6399108491612,106,0,1,0
22556,8,ESCUELA PARTICULAR COLONIA DEGAÑ,Particular Subvencionado,Rural,10,102,10202,Ancud,96,37.3955052809516,7,0,0,0
22558,4,ESCUELA NUEVA COLLILELFU,Servicio Local de Educación(SLE),Urbano,14,141,14104,Los Lagos,102,33.9988699697304,101,1,0,0
22560,6,COLEGIO COLONOS DE ALERCE,Particular Subvencionado,Urbano,10,101,10101,Puerto Montt,141,40.9522394015644,90,18,16,17
22561,4,COLEGIO ESTRELLA DE BELEN,Particular Subvencionado,Urbano,10,101,10102,Calbuco,69,36.0157941747159,66,1,1,1
22564,9,LICEO BICENTENARIO ADOLFO MATTHEI,Particular Subvencionado,Urbano,10,103,10301,Osorno,55,40.1527809712706,45,2,7,1
22565,7,COLEGIO EL PILAR,Particular Subvencionado,Urbano,10,102,10202,Ancud,161,38.1859383377458,130,17,9,5
22566,5,ESCUELA PARTICULAR BICENTENARIO,Particular Subvencionado,Rural,10,101,10101,Puerto Montt,63,40.4350145890816,43,6,5,9
22581,9,COLEGIO RAICES DE LEMUY,Particular Subvencionado,Rural,10,102,10206,Puqueldón,25,34.6970998972538,23,1,1,0
22584,3,ESCUELA PARTICULAR MI FUTURO,Particular Subvencionado,Rural,14,141,14106,Mariquina,30,42.0475816537623,16,3,2,9
22588,6,COLEGIO CRISTIANO BELEN,Particular Subvencionado,Urbano,14,141,14101,Valdivia,51,39.6743857264176,39,3,3,6
22596,7,CENTRO INCLUSIVO DE PARVULOS INALUN,Particular Subvencionado,Urbano,10,102,10201,Castro,68,36.3006872628335,66,1,0,1
22602,5,SAINT PAUL COLLEGE,Particular Subvencionado,Urbano,10,101,10107,Llanquihue,63,35.2450768804202,61,1,1,0
22606,8,ESCUELA INTEGRADA JUAN PABLO II,Particular Subvencionado,Urbano,10,101,10108,Maullín,96,38.1967152691642,17,1,0,1
22608,4,COLEGIO EL LABRADOR,Particular Subvencionado,Urbano,10,103,10301,Osorno,60,36.9146009382023,51,7,1,1
22609,2,COLEGIO CHILENO NORTEAMERICANO,Particular Subvencionado,Urbano,10,101,10101,Puerto Montt,66,37.10111794683,60,2,4,0
22610,6,ESCUELA PARTICULAR NIDO DE CISNES,Particular Subvencionado,Urbano,10,102,10205,Dalcahue,60,36.2183518771237,51,7,1,1
22612,2,CENTRO EDUCACIONAL GARYES,Particular Subvencionado,Urbano,10,102,10202,Ancud,54,40.4116987403925,41,2,4,7
22616,5,COLEGIO MOZART,Particular Subvencionado,Urbano,10,101,10101,Puerto Montt,60,41.6462246852017,35,6,6,13
22620,3,ESCUELA PARTICULAR ANTUMAPU,Particular Subvencionado,Rural,10,103,10306,San Juan de la Costa,96,26.6396173449846,6,0,0,0
22621,1,COLEGIO CALBUCO,Particular Subvencionado,Urbano,10,101,10102,Calbuco,71,35.943747210886,66,2,2,1
22623,8,COLEGIO AYELEN,Particular Subvencionado,Urbano,10,102,10205,Dalcahue,56,33.3140381378824,55,0,0,1
22629,7,COLEGIO LOS CONQUISTADORES,Particular Subvencionado,Urbano,14,141,14101,Valdivia,142,38.9101776337266,115,11,11,5
22634,3,INSTITUTO PRINCIPE DE ASTURIAS,Particular Subvencionado,Urbano,14,141,14101,Valdivia,144,35.8109916813892,138,2,3,1
22639,4,ESCUELA HOSPITALARIA VALDIVIA,Particular Subvencionado,Urbano,14,141,14101,Valdivia,96,46.7525864454425,2,0,0,2
22641,6,COLEGIO SAGRADA FAMILIA,Particular Subvencionado,Urbano,10,104,10403,Hualaihué,62,34.4526069964948,60,1,0,1
22650,5,ESCUELA PROFESORA ELIANA TRIVIÑO MARQUEZ,Particular Subvencionado,Rural,10,102,10210,Quinchao,96,35.1065603782709,10,1,0,0
22657,2,COLEGIO PARTICULAR GOLETA ANCUD,Particular Subvencionado,Urbano,10,102,10202,Ancud,43,37.8709210535614,34,2,3,4
22658,0,CENTRO EDUCACIONAL EMANUEL,Particular Subvencionado,Urbano,10,102,10208,Quellón,62,38.1059636807939,46,4,3,9
22663,7,COLEGIO MONTE VERDE,Particular Subvencionado,Urbano,10,102,10201,Castro,34,34.1506126568463,33,0,0,1
22671,8,COLEGIO FRANCISCO HERNANDEZ ORTIZ,Particular Subvencionado,Rural,10,101,10102,Calbuco,25,39.0963747183122,19,3,0,3
22672,6,COLEGIO ALTAS CUMBRES,Particular Subvencionado,Urbano,10,101,10109,Puerto Varas,79,39.0437972806174,62,8,3,6
22685,8,ESCUELA PARTICULAR SAN BENITO,Particular Subvencionado,Rural,10,103,10307,San Pablo,25,34.9732815394505,23,2,0,0
22686,6,ESCUELA BASICA LAS CAMELIAS,Municipal DAEM,Urbano,10,101,10101,Puerto Montt,79,39.7831724154307,61,6,8,4
22688,2,COLEGIO BOSQUES DE ALERCE,Particular Subvencionado,Rural,10,101,10101,Puerto Montt,176,36.6423558382654,164,7,4,1
22692,0,PATAGONIA COLLEGE,Particular Subvencionado,Urbano,10,101,10101,Puerto Montt,141,37.232853889875,131,6,3,1
22702,1,COLEGIO PATAGONIA ALERCE CORDILLERA,Particular Subvencionado,Urbano,10,101,10101,Puerto Montt,168,41.3823272660717,109,14,22,23
22707,2,COLEGIO GILGAL,Particular Subvencionado,Urbano,10,103,10301,Osorno,66,43.4267326711415,37,7,7,15
22743,9,GARDEN COLLEGE,Particular Subvencionado,Urbano,14,142,14201,La Unión,45,36.891429532119,42,2,0,1
22749,8,ESCUELA PARTICULAR COUNTRY SCHOOL,Particular Subvencionado,Rural,14,141,14107,Paillaco,22,35.310480293677,20,0,1,1
22752,8,LICEO BICENTENARIO DE EXCELENCIA AGRICOLA TECNOLOGICO WERNER GROB STOLZENBACH,Particular Subvencionado,Rural,14,142,14201,La Unión,80,39.4772419730387,59,5,11,5
22758,7,LICEO BICENTENARIO COMPLEJO EDUCACIONAL IGNAO,Municipal DAEM,Urbano,14,142,14203,Lago Ranco,81,34.0734414786206,80,0,1,0
22759,5,MASTER COLLEGE,Particular Subvencionado,Urbano,14,141,14101,Valdivia,113,38.3756462243343,95,3,9,6
22766,8,COLEGIO SAN MARCOS,Particular Subvencionado,Urbano,14,141,14101,Valdivia,96,37.4007311441245,13,3,0,0
24201,2,LICEO BICENTENARIO AUSTRAL LORD COCHRANE,Servicio Local de Educación(SLE),Rural,11,113,11301,Cochrane,127,40.2602674331513,82,13,13,19
24203,9,LICEO RAUL BROUSSAIN CAMPINO,Servicio Local de Educación(SLE),Urbano,11,112,11201,Aysén,114,44.2520201618071,57,15,15,27
24206,3,CENTRO INTEGRAL DE EDUCACIÓN ALBORADA,Particular Subvencionado,Urbano,11,111,11101,Coyhaique,245,37.7150402492253,220,11,6,8
24207,1,LICEO SAN JOSE U.R.,Particular Subvencionado,Urbano,11,112,11201,Aysén,168,38.4230202744416,130,12,15,11
24209,8,COLEGIO SAGRADA FAMILIA,Particular Subvencionado,Urbano,11,112,11201,Aysén,109,41.190871473591,75,11,4,19
24210,1,ESCUELA MADRE DE LA DIVINA PROVIDENCIA,Servicio Local de Educación(SLE),Rural,11,112,11202,Cisnes,96,36.7117625963598,4,0,0,0
24212,8,COLEGIO ALIANZA AUSTRAL DE COYHAIQUE,Particular Subvencionado,Urbano,11,111,11101,Coyhaique,124,33.5154376489203,123,1,0,0
24213,6,LICEO BICENTENARIO SANTA TERESA DE LOS ANDES,Particular Subvencionado,Urbano,11,112,11201,Aysén,73,36.7844757855275,66,3,3,1
24224,1,COLEGIO ANTOINE DE SAINT EXUPERY,Particular Subvencionado,Urbano,11,111,11101,Coyhaique,134,41.3857283483282,85,15,13,21
24230,6,COLEGIO KALEM BICENTENARIO,Particular Subvencionado,Urbano,11,112,11201,Aysén,141,36.4304574773957,128,6,3,4
24231,4,COLEGIO DIEGO PORTALES,Particular Subvencionado,Urbano,11,111,11101,Coyhaique,85,40.6894468518677,55,9,9,12
24233,0,LICEO FRANCISCO XAVIER BUTINA,Particular Subvencionado,Urbano,11,111,11101,Coyhaique,68,43.2055270329729,35,5,6,22
24240,3,LICEO BICENTENARIO ALTOS DEL MACKAY,Servicio Local de Educación(SLE),Urbano,11,111,11101,Coyhaique,136,36.6350471315762,118,7,7,4
24302,7,ESCUELA GENERAL MANUEL BULNES P.,Servicio Local de Educación(SLE),Urbano,12,121,12101,Punta Arenas,92,38.9415062907004,72,9,7,4
24305,1,COLEGIO PIERRE FAURE,Particular Subvencionado,Urbano,12,121,12101,Punta Arenas,78,34.7513506330618,76,2,0,0
24307,8,LICEO JUAN BAUTISTA CONTARDI,Servicio Local de Educación(SLE),Urbano,12,121,12101,Punta Arenas,214,39.7220329479721,162,16,17,19
24311,6,COLEGIO FRANCES,Particular Subvencionado,Urbano,12,121,12101,Punta Arenas,80,34.794758941972,77,1,2,0
24313,2,ESCUELA VILLA LAS NIEVES,Servicio Local de Educación(SLE),Urbano,12,121,12101,Punta Arenas,126,37.5611670998849,110,2,7,7
24317,5,COLEGIO PUERTO NATALES,Particular Subvencionado,Urbano,12,124,12401,Natales,67,30.7462655147538,67,0,0,0
24318,3,ESCUELA PADRE ALBERTO HURTADO CRUCHAGA,Servicio Local de Educación(SLE),Urbano,12,121,12101,Punta Arenas,109,39.0688907011313,88,11,4,6
24322,1,ESCUELA BASICA RURAL SENO OBSTRUCCION,Servicio Local de Educación(SLE),Rural,12,124,12401,Natales,96,31.296858854078,1,0,0,0
24325,6,ESCUELA RURAL CERRO GUIDO,Servicio Local de Educación(SLE),Rural,12,124,12402,Torres del Paine,96,22.3266508538349,3,0,0,0
24327,2,LICEO EXPERIMENTAL UMAG,Particular Subvencionado,Urbano,12,121,12101,Punta Arenas,98,35.9366209873015,94,2,2,0
24329,9,LICEO SAN JOSE,Particular Subvencionado,Urbano,12,121,12101,Punta Arenas,178,39.8033524174891,132,20,6,20
24338,8,COLEGIO LUTERANO,Particular Subvencionado,Urbano,12,121,12101,Punta Arenas,69,33.3964125355099,69,0,0,0
24341,8,ESCUELA PAMPA GUANACO,Servicio Local de Educación(SLE),Rural,12,123,12303,Timaukel,96,34.6995601989202,1,0,0,0
24400,7,ESCUELA BASICA PARTICULAR DEUTSCHLAND,Particular Subvencionado,Urbano,13,131,13131,San Ramón,64,40.8408062253801,44,9,6,5
24401,5,COLEGIO CAPITAN PASTENE,Corporación Municipal,Urbano,13,131,13110,La Florida,78,41.9647232078691,51,6,6,15
24403,1,COLEGIO SIMON BOLIVAR,Servicio Local de Educación(SLE),Urbano,13,131,13112,La Pintana,81,46.0500755437709,31,9,14,27
24405,8,COLEGIO POLIVALENTE LOVAINA,Particular Subvencionado,Urbano,13,131,13110,La Florida,32,39.9381459466881,24,3,1,4
24406,6,ESCUELA BASICA PARTICULAR KIND`S SCHOOL,Particular Subvencionado,Urbano,13,131,13119,Maipú,48,46.1036582150566,16,6,4,22
24407,4,COLEGIO SANTA TERESA DE JESUS DE LOS ANDES,Particular Subvencionado,Urbano,13,131,13107,Huechuraba,152,41.3019704170584,111,15,7,19
24410,4,COLEGIO SANTA MARIA DE LA CORDILLERA,Particular Subvencionado,Urbano,13,132,13201,Puente Alto,174,37.899035823432,150,10,9,5
24412,0,COLEGIO FINLANDIA,Servicio Local de Educación(SLE),Urbano,13,131,13124,Pudahuel,77,40.8259731674814,52,9,5,11
24420,1,ESCUELA BASICA COLEGIO VILLA LOGRONO,Particular Subvencionado,Urbano,13,135,13501,Melipilla,70,41.4419773662472,51,8,3,8
24423,6,COLEGIO SAN JUAN DIEGO,Particular Subvencionado,Urbano,13,131,13127,Recoleta,154,39.1343024758874,114,15,14,11
24424,4,COLEGIO PARTICULAR LA UNION,Particular Subvencionado,Urbano,13,131,13124,Pudahuel,78,37.4995356058733,70,3,1,4
24426,0,ESCUELA PARTICULAR PHILIPPE COUSTEAU,Particular Subvencionado,Urbano,13,131,13110,La Florida,81,42.1754748556289,47,9,8,17
24427,9,COLEGIO SAN VIATOR,Particular Subvencionado,Urbano,13,131,13118,Macul,180,37.2596443874766,153,17,6,4
24428,7,ESCUELA BÁSICA PARTICULAR ARCÁNGEL DE MARÍA,Particular Subvencionado,Urbano,13,131,13112,La Pintana,50,44.7551785837666,22,10,3,15
24431,7,COLEGIO HAYDN DE LA FLORIDA,Particular Subvencionado,Urbano,13,131,13110,La Florida,44,40.8255747307296,32,4,1,7
24438,4,COLEGIO MERRYLAND,Particular Subvencionado,Urbano,13,132,13201,Puente Alto,161,38.7674790100337,135,11,7,8
24443,0,LICEO MUNICIPAL CHILOE,Corporación Municipal,Urbano,13,132,13201,Puente Alto,166,43.2033652475111,85,23,22,36
24445,7,LICEO MUNICIPAL EL ROBLE,Servicio Local de Educación(SLE),Urbano,13,131,13112,La Pintana,75,43.6434908438026,41,9,10,15
24448,1,COLEGIO ARTISTICO EL SALVADOR ANEXO,Particular Subvencionado,Urbano,13,131,13110,La Florida,71,37.5527777655576,66,1,1,3
24459,7,COLEGIO BETANIA,Particular Subvencionado,Urbano,13,131,13111,La Granja,54,59.2212312632707,9,1,4,40
24464,3,ESCUELA BASICA MERCEDES MARIN DEL SOLAR,Corporación Municipal,Urbano,13,131,13123,Providencia,145,38.4260005050192,115,10,6,14
24486,4,COLEGIO POLIVALENTE SAN RAFAEL,Particular Subvencionado,Urbano,13,131,13115,Lo Barnechea,124,40.9587994726224,77,9,18,20
24489,9,ESC. PART.BASICA SAINT PHILLIP OF NERY 2,Particular Subvencionado,Urbano,13,131,13116,Lo Espejo,65,39.1137010755625,53,5,1,6
24498,8,COLEGIO SAN JOAQUIN,Particular Subvencionado,Urbano,13,131,13128,Renca,85,39.8779904693919,63,13,5,4
24508,9,ANEXO ESCUELA BASICA SAN JAVIER,Particular Subvencionado,Urbano,13,131,13112,La Pintana,55,39.8716770874229,45,4,1,5
24520,8,ESC. BAS.MUNICIPAL MERCEDES FONTECILLA,Servicio Local de Educación(SLE),Urbano,13,131,13125,Quilicura,175,44.3126771986909,83,20,15,57
24622,0,MIGUEL DE CERVANTES Y SAAVEDRA ANEXO A-8,Municipal DAEM,Urbano,13,131,13101,Santiago,270,42.4634139269896,172,22,21,55
24623,9,COLEGIO JORGE ALESSANDRI RODRIGUEZ,Particular Subvencionado,Urbano,13,131,13128,Renca,338,43.8141681799251,151,34,57,96
24626,3,COMPLEJO EDUCACIONAL ALBERTO WIDMER,Particular Subvencionado,Urbano,13,131,13119,Maipú,253,37.7918302714254,226,8,12,7
24648,4,COLEGIO LOS NOGALES,Particular Subvencionado,Urbano,13,132,13201,Puente Alto,168,37.0439071642596,157,6,3,2
24654,9,ESCUELA BASICA CINCO PINOS,Servicio Local de Educación(SLE),Urbano,13,134,13401,San Bernardo,34,40.6987779510515,25,1,4,4
24657,3,COLEGIO CRISTIANO BETHEL II,Particular Subvencionado,Urbano,13,131,13105,El Bosque,70,38.138559604969,57,5,6,2
24675,1,COLEGIO SAN MANUEL,Particular Subvencionado,Urbano,13,135,13501,Melipilla,74,34.8688830571264,72,2,0,0
24684,0,ESCUELA PARTICULAR QUILLAHUE,Particular Subvencionado,Urbano,13,131,13110,La Florida,53,39.2910320035991,47,0,1,5
24685,9,COLEGIO PIAMARTA,Particular Subvencionado,Urbano,13,131,13106,Estación Central,533,39.3524037028574,420,27,25,61
24689,1,CTRO.EDUC.CATOLICO DIDASCALIO STA. MARIA,Particular Subvencionado,Urbano,13,131,13112,La Pintana,73,42.9357081568033,34,13,10,16
24713,8,COLEGIO EL BOSQUE PROVINCIA CORDILLERA,Particular Subvencionado,Urbano,13,132,13201,Puente Alto,176,35.2631477910432,168,4,2,2
24714,6,COLEGIO SANTO TOMAS,Particular Subvencionado,Urbano,13,131,13112,La Pintana,82,37.7726694347497,70,4,1,7
24716,2,ESCUELA BASICA LOS NAVIOS,Corporación Municipal,Urbano,13,131,13110,La Florida,77,40.8002758161229,55,12,5,5
24717,0,LICEO BICENTENARIO NUESTRA SEÑORA DE GUADALUPE,Particular Subvencionado,Urbano,13,131,13111,La Granja,160,34.0353253373546,153,2,4,1
24721,9,COLEGIO LEONARDO DA VINCI DE LAS CONDES,Corporación Municipal,Urbano,13,131,13114,Las Condes,76,35.3202346784677,71,2,0,3
24722,7,ESC. BASICA PART.PADRE ALBERTO HURTADO,Particular Subvencionado,Urbano,13,131,13107,Huechuraba,70,40.1445703307333,49,7,6,8
24730,8,COLEGIO ADVENTISTA SANTIAGO PONIENTE,Particular Subvencionado,Urbano,13,131,13117,Lo Prado,79,36.956257321013,66,5,5,3
24733,2,COLEGIO SAN ANDRES DE COLINA,Particular Subvencionado,Urbano,13,133,13301,Colina,258,42.9227157995586,135,25,40,58
24756,1,COLEGIO NAZARET DE LA FLORIDA,Particular Subvencionado,Urbano,13,131,13110,La Florida,160,33.415224593296,156,2,1,1
24758,8,COLEGIO CRISTIANO BETHEL  N 3,Particular Subvencionado,Urbano,13,131,13110,La Florida,70,37.5235491913201,58,6,4,2
24759,6,ESC.NUESTRA SENORA DEL CARMEN DE CURACAV,Particular Subvencionado,Urbano,13,135,13503,Curacaví,73,40.4461535122552,47,8,6,12
24766,9,COLEGIO ALMENDRAL,Particular Subvencionado,Urbano,13,131,13110,La Florida,57,42.178283848349,30,5,13,9
24769,3,COLEGIO SAN ISAAC JOGUES,Particular Subvencionado,Urbano,13,131,13125,Quilicura,180,39.71655446763,139,16,9,16
24790,1,COLEGIO EL PRADO,Particular Subvencionado,Urbano,13,131,13124,Pudahuel,74,40.3082168405139,50,8,6,10
24800,2,COLEGIO FLORIDA HIGH SCHOOL,Particular Subvencionado,Urbano,13,131,13110,La Florida,61,36.4290524419132,57,2,2,0
24803,7,ESCUELA BASICA PART GRATUITA CASA AZUL,Particular Subvencionado,Urbano,13,131,13111,La Granja,29,44.2070511744537,13,3,4,9
24809,6,ESC. BASICA PART.JUANITA FERNANDEZ SOLAR,Particular Subvencionado,Urbano,13,131,13124,Pudahuel,164,37.9077735234015,142,10,6,6
24812,6,COLEGIO POLIV. SAN JOSE DE RENCA,Particular Subvencionado,Urbano,13,131,13128,Renca,172,40.5617160805852,120,20,15,17
24822,3,ESC. BAS. PDTE. SALVADOR ALLENDE G.,Servicio Local de Educación(SLE),Urbano,13,131,13105,El Bosque,95,41.934456689133,62,8,14,11
24828,2,LICEO POLITEC.PARTIC.EL SENOR DE RENCA,Particular Subvencionado,Urbano,13,131,13128,Renca,161,42.806318387439,93,18,14,36
24843,6,COLEGIO POLIV. SAN LUIS BELTRAN,Particular Subvencionado,Urbano,13,131,13124,Pudahuel,157,41.5423846921348,101,23,11,22
24856,8,COLEGIO TEGUALDA,Corporación Municipal,Urbano,13,136,13601,Talagante,126,39.1982270084342,103,4,9,10
24864,9,COLEGIO SAN CRISTOBAL DE LAS CASAS,Particular Subvencionado,Urbano,13,131,13110,La Florida,113,40.1530030926132,88,8,9,8
24876,2,ESC.BASICA PROF.AURELIA ROJAS BURGOS,Servicio Local de Educación(SLE),Urbano,13,131,13112,La Pintana,93,43.4230475818744,50,10,7,26
24878,9,CENTRO EDUCACIONAL FERNANDO DE ARAGON,Particular Subvencionado,Urbano,13,132,13201,Puente Alto,369,39.7092453382872,270,34,30,35
24879,7,ESCUELA ESPECIAL PART.ARNOLD GESELL II,Particular Subvencionado,Urbano,13,131,13112,La Pintana,49,44.0158772254243,24,2,6,17
24881,9,ESCUELA BASICA ESCRITOR PABLO NERUDA,Particular Subvencionado,Urbano,13,131,13125,Quilicura,57,42.9271268779524,34,4,4,15
24883,5,ESCUELA BÁSICA MUNICIPAL SAN LUIS,Servicio Local de Educación(SLE),Urbano,13,131,13119,Maipú,82,41.6956026733681,59,3,4,16
24885,1,COLEGIO KING SCHOOL CORDILLERA,Particular Subvencionado,Urbano,13,131,13112,La Pintana,249,45.1136508148076,105,23,37,84
24889,4,LICEO BICENTENARIO MONSENOR ENRIQUE ALVEAR,Servicio Local de Educación(SLE),Urbano,13,131,13124,Pudahuel,153,41.4786566697465,100,14,11,28
24892,4,SANTA CRUZ COLLEGE,Particular Subvencionado,Urbano,13,132,13201,Puente Alto,132,43.3902022961844,74,16,15,27
24893,2,ESCUELA NOVOMAR,Particular Subvencionado,Urbano,13,132,13201,Puente Alto,34,45.0114077538357,18,2,8,6
24894,0,COLEGIO ARAUCARIA CORDILLERA,Particular Subvencionado,Urbano,13,132,13201,Puente Alto,90,42.381940596219,51,9,11,19
24898,3,COLEGIO SAN FRANCISCO MISIONERO,Particular Subvencionado,Urbano,13,131,13119,Maipú,67,39.1476159082965,57,2,2,6
24903,3,COLEGIO MADRE DE JESUS,Particular Subvencionado,Urbano,13,136,13604,Padre Hurtado,133,37.1488029142273,120,5,4,4
24913,0,COLEGIO NUESTRA SENORA DE LA MERCED,Particular Subvencionado,Urbano,13,135,13501,Melipilla,53,38.1149137153282,45,2,2,4
24916,5,ESCUELA BASICA TACORA,Particular Subvencionado,Urbano,13,132,13201,Puente Alto,96,39.6838700609877,15,0,0,3
24920,3,ESC. BAS. PART. ALBERT SCHWITZER LA FLORIDA,Particular Subvencionado,Urbano,13,131,13110,La Florida,96,42.0217885004812,7,1,0,3
24930,0,CENTRO EDUCACIONAL FUNDACION PAULA JARAQUEMAD,Particular Subvencionado,Urbano,13,131,13122,Peñalolén,77,41.8873910986544,46,6,11,14
24935,1,COLEGIO POLIV. SIEMBRA,Particular Subvencionado,Urbano,13,132,13201,Puente Alto,59,44.1849376745053,31,2,7,19
24946,7,COLEGIO JORGE HUNEEUS ZEGERS,Particular Subvencionado,Urbano,13,131,13112,La Pintana,505,40.7008780959999,346,57,46,56
24954,8,COLEGIO EL REDENTOR,Particular Subvencionado,Urbano,13,131,13119,Maipú,67,37.2539976820033,58,1,3,5
24956,4,COLEGIO TECNICO PROFESIONAL NOCEDAL,Particular Subvencionado,Urbano,13,131,13112,La Pintana,138,43.7988509971827,61,17,22,38
24959,9,ESCUELA INTERCULTURAL KALLFÜ MAPU,Corporación Municipal,Urbano,13,131,13120,Ñuñoa,71,42.509734954831,53,6,3,9
24960,2,ESCUELA BASICA PARTICULAR HORIZONTE 11,Particular Subvencionado,Urbano,13,131,13103,Cerro Navia,69,42.9592297297314,41,6,5,17
24963,7,COLEGIO BICENTENARIO DE SANTA MARIA DE EL MONTE,Particular Subvencionado,Rural,13,136,13602,El Monte,90,38.6364304998498,79,1,5,5
24966,1,COLEGIO SAN FELIPE,Particular Subvencionado,Urbano,13,131,13124,Pudahuel,72,39.6366306582985,58,3,3,8
24972,6,ESCUELA BAS. NUESTRA SENORA MARIA INMACULADA,Particular Subvencionado,Urbano,13,131,13105,El Bosque,353,43.1971948799738,174,53,55,71
24978,5,COLEGIO PART.POLITECNICO EYZAGUIRRE,Particular Subvencionado,Urbano,13,132,13201,Puente Alto,251,42.0775472094641,150,25,27,49
24987,4,ESCUELA ANDES DEL SUR,Corporación Municipal,Urbano,13,132,13201,Puente Alto,85,39.7049734019446,65,10,2,8
24989,0,"COMPLEJO EDUC. LUIS PASTEUR, ANEXO",Particular Subvencionado,Urbano,13,136,13604,Padre Hurtado,74,36.9616910997333,68,1,3,2
24995,5,COLEGIO SAN FERNANDO DE PUENTE ALTO,Particular Subvencionado,Urbano,13,132,13201,Puente Alto,66,42.0054273456057,41,5,7,13
24997,1,ESCUELA SANTA MARIA DE PENALOLEN,Corporación Municipal,Urbano,13,131,13122,Peñalolén,83,41.5757122633267,57,6,10,10
24999,8,ESCUELA PROFESORA MARIA LUISA SEPULVEDA,Servicio Local de Educación(SLE),Urbano,13,131,13125,Quilicura,104,43.6376301471225,63,4,6,31
25002,3,ESCUELA BASICA PADRE ALBERTO HURTADO,Corporación Municipal,Urbano,13,132,13201,Puente Alto,124,38.9431017635478,106,7,7,4
25005,8,ESC. BAS.SAN AGUSTIN DE CERRILLOS,Particular Subvencionado,Urbano,13,131,13102,Cerrillos,46,41.5102697487706,33,4,2,7
25009,0,LICEO VALLE DE LLUTA,Servicio Local de Educación(SLE),Urbano,13,134,13401,San Bernardo,102,43.7236694859198,50,13,15,24
25012,0,COLEGIO PART.SAN SEBASTIAN DE MELIPILLA,Particular Subvencionado,Urbano,13,135,13501,Melipilla,176,39.6079235649697,134,13,16,13
25014,7,CENTRO DE EDUCACION PAULA JARAQUEMADA,Particular Subvencionado,Urbano,13,131,13131,San Ramón,76,39.6266656943419,59,10,4,3
25017,1,ESC. BAS. PATR. WILLINS HOOVER KURT,Particular Subvencionado,Urbano,13,131,13109,La Cisterna,70,35.8111679549635,65,2,2,1
25026,0,COLEGIO POLIV. FRANCISCO DE VILLAGRA,Particular Subvencionado,Urbano,13,136,13605,Peñaflor,134,43.6528880763058,62,20,13,39
25027,9,COLEGIO POLIV. NUEVA NAZARET,Particular Subvencionado,Urbano,13,131,13112,La Pintana,120,38.9542361200457,98,7,8,7
25028,7,CENTRO EDUC. DIEGO DE ALMAGRO,Particular Subvencionado,Urbano,13,131,13122,Peñalolén,157,40.089955731363,115,9,17,16
25032,5,COLEGIO POLIVALENTE SEMBRADOR,Particular Subvencionado,Urbano,13,133,13301,Colina,184,42.0437873829916,121,19,20,24
25034,1,ESCUELA BASICA PART. LAS PLEYADES,Particular Subvencionado,Urbano,13,131,13110,La Florida,46,42.5080525503728,30,2,3,11
25038,4,COLEGIO JOSE M.BALMACEDA DE MELIPILLA,Particular Subvencionado,Urbano,13,135,13501,Melipilla,68,39.7740087393548,50,2,11,5
25039,2,ESC. BAS.PART.FRANCISCO DE AGUIRRE,Particular Subvencionado,Urbano,13,136,13604,Padre Hurtado,151,36.1640307091097,140,7,3,1
25041,4,COLEGIO MARIA ELENA,Corporación Municipal,Urbano,13,131,13110,La Florida,103,38.9556186808804,84,8,2,9
25043,0,ESCUELA VOLCAN SAN JOSE,Corporación Municipal,Urbano,13,132,13201,Puente Alto,78,43.679292332988,47,7,3,21
25047,3,ESCUELA ANTILHUE DE PUDAHUEL,Servicio Local de Educación(SLE),Urbano,13,131,13124,Pudahuel,216,38.5002050117503,178,15,5,18
25050,3,COLEGIO PARTICULAR SAN MATEO,Particular Subvencionado,Urbano,13,132,13201,Puente Alto,90,43.4703521070737,43,11,5,31
25059,7,CENTRO EDUCACIONAL LARUN RAYUN,Particular Subvencionado,Urbano,13,132,13201,Puente Alto,156,39.2741990040537,122,12,12,10
25061,9,COLEGIO POLIVALENTE RAULÍ,Particular Subvencionado,Urbano,13,132,13201,Puente Alto,69,43.785570446122,35,7,12,15
25062,7,ESCUELA BÁSICA N°993 ANTONIO BORQUEZ SOLAR ANEXO,Particular Subvencionado,Urbano,13,132,13201,Puente Alto,23,50.0994708328994,2,3,1,17
25070,8,COLEGIO NAVARRA,Particular Subvencionado,Urbano,13,132,13201,Puente Alto,136,38.9590412602073,104,18,7,7
25071,6,LICEO JOSE ABELARDO NUNEZ Nº5,Particular Subvencionado,Urbano,13,132,13201,Puente Alto,132,38.1494533485651,106,9,9,8
25078,3,ESCUELA PART.COMANDANTE CARLOS CONDELL,Servicio Local de Educación(SLE),Urbano,13,134,13401,San Bernardo,111,42.9630510289833,61,8,10,32
25082,1,COLEGIO BICENTENARIO APRENDER,Particular Subvencionado,Urbano,13,131,13112,La Pintana,130,40.7466092436917,93,10,16,11
25084,8,ESCUELA RUDOLF DECK WERTH,Particular Subvencionado,Urbano,13,132,13201,Puente Alto,74,42.2272834784727,44,7,8,15
25089,9,LICEO LOS JAZMINES,Corporación Municipal,Urbano,13,135,13501,Melipilla,249,43.2945866241085,133,22,29,65
25091,0,ESC. BASICA BOSTON COLLEGE MAIPU,Particular Subvencionado,Urbano,13,131,13119,Maipú,455,40.1697257958159,329,43,30,53
25094,5,COLEGIO PART.SAN ESTEBAN DE LAS VISCACHA,Particular Subvencionado,Urbano,13,132,13201,Puente Alto,64,40.7963416988077,39,3,9,13
25098,8,ESC. BAS. EJERCITO DE SALVACION,Particular Subvencionado,Urbano,13,131,13124,Pudahuel,96,40.1236192736261,14,1,0,2
25101,1,COLEGIO CORONEL ELEUTERIO RAMIREZ MOLINA,Particular Subvencionado,Urbano,13,131,13113,La Reina,207,38.3703932991925,170,18,7,12
25112,7,ESCUELA PART. PEHUEN,Particular Subvencionado,Urbano,13,131,13119,Maipú,32,38.2114190515623,27,3,0,2
25114,3,ESC. BASICA PART.IBEROAMERICANO,Particular Subvencionado,Urbano,13,131,13112,La Pintana,174,40.6605341433495,118,18,17,21
25121,6,COLEGIO SAN ANTONIO DE COLINA,Particular Subvencionado,Urbano,13,133,13301,Colina,278,40.5214694799052,201,21,32,24
25129,1,ESCUELA BASICA SAINT FRANCIS COLLEGE,Particular Subvencionado,Urbano,13,131,13119,Maipú,23,42.1634570190604,14,1,2,6
25132,1,ESCUELA PART. MASTER SCHOOL DE LAMPA,Particular Subvencionado,Urbano,13,133,13302,Lampa,80,39.2019982558997,65,6,6,3
25138,0,COLEGIO ALBERT EINSTEIN,Particular Subvencionado,Urbano,13,131,13127,Recoleta,81,36.9053780151439,78,2,0,1
25153,4,COLEGIO PARTICULAR NUEVA ERA SIGLO XXI,Particular Subvencionado,Urbano,13,131,13110,La Florida,215,38.5687876060494,176,18,15,6
25155,0,ESC. PARTICULAR ALFARERO,Particular Subvencionado,Urbano,13,131,13119,Maipú,70,39.4900030512846,52,5,3,10
25157,7,ESC. BAS. PARTICULAR 1650 MIRAVALLE,Particular Subvencionado,Urbano,13,131,13122,Peñalolén,174,42.5892590508901,97,11,19,47
25160,7,COLEGIO VICTORIANO,Particular Subvencionado,Urbano,13,131,13119,Maipú,58,39.8464961491951,44,4,2,8
25162,3,ESC. PARTICULAR RAIN - BOW,Particular Subvencionado,Urbano,13,132,13201,Puente Alto,65,44.7516143540049,30,9,8,18
25166,6,COLEGIO PART. LOS OLMOS DE PTE. ALTO,Particular Subvencionado,Urbano,13,132,13201,Puente Alto,146,39.674584507861,113,12,10,11
25171,2,CENTRO EDUC. PRINCIPADO DE ASTURIAS,Particular Subvencionado,Urbano,13,132,13201,Puente Alto,56,43.6621737647109,32,2,9,13
25173,9,ESC. BASICA MUNICIPAL RISOPATRON,Servicio Local de Educación(SLE),Urbano,13,131,13121,Pedro Aguirre Cerda,50,43.0537047349877,28,5,6,11
25185,2,COLEGIO PARTICULAR OZANAM,Particular Subvencionado,Urbano,13,131,13101,Santiago,157,39.1359805960228,129,5,12,11
25186,0,COLEGIO MUNIC.  SAN SEBASTIAN DE RINCONADA,Servicio Local de Educación(SLE),Urbano,13,131,13119,Maipú,93,40.8308310104142,70,1,7,15
25188,7,ESCUELA BÁSICA Y ESPECIAL N°90 AMANECER,Particular Subvencionado,Urbano,13,136,13604,Padre Hurtado,132,40.4159850906747,105,14,7,6
25189,5,ESCUELA BASICA FUTURO LAS MERCEDES,Corporación Municipal,Rural,13,136,13603,Isla de Maipo,40,36.8032780939852,38,0,0,2
25194,1,ESCUELA MUNICIPAL VALLE DE LUNA,Servicio Local de Educación(SLE),Urbano,13,131,13125,Quilicura,72,42.5062659372107,39,8,5,20
25196,8,PIERRE TEILHARD DE CHARDIN,Particular Subvencionado,Urbano,13,131,13110,La Florida,71,37.8289352114392,63,3,5,0
25197,6,COL.PARTICULAR SAN VALENTIN DE MAIPU,Particular Subvencionado,Urbano,13,131,13119,Maipú,51,38.1153195104265,45,2,1,3
25198,4,COLEGIO SANTA MARIA DE MAIPU,Particular Subvencionado,Urbano,13,131,13119,Maipú,421,34.5210972084988,405,8,4,4
25199,2,COLEGIO AMANCAY DE LA FLORIDA,Particular Subvencionado,Urbano,13,131,13110,La Florida,34,39.2761308812575,25,5,2,2
25201,8,ESCUELA BAS. Y ESP. N_ 115 RENACER,Particular Subvencionado,Urbano,13,132,13201,Puente Alto,80,41.0063405886092,49,5,10,16
25204,2,ESC.ESP.ONCOL.HOSP.ROBERTO DEL RIO,Particular Subvencionado,Urbano,13,131,13108,Independencia,96,34.6454264290656,5,0,0,0
25206,9,ESC. PART. CHRIST SCHOOL,Particular Subvencionado,Urbano,13,131,13119,Maipú,96,37.1906678008415,13,1,0,0
25209,3,COLEGIO ESPECIAL FUNDAC.NUESTROS HIJOS,Particular Subvencionado,Urbano,13,131,13130,San Miguel,96,39.6013711572489,7,1,0,1
25210,7,ESC. BASICA N_ 116 ONCOLOG. DR. SOTERO DEL,Particular Subvencionado,Urbano,13,132,13201,Puente Alto,96,37.7022998314749,12,0,0,1
25211,5,ESCUELA PART.ESPECIAL CORPAMEG,Particular Subvencionado,Urbano,13,131,13130,San Miguel,96,37.7481119613758,10,1,1,0
25212,3,INSTITUTO NACIONAL DE REHABILITACION PAC,Particular Subvencionado,Urbano,13,131,13122,Peñalolén,96,42.6971673181574,10,0,2,3
25213,1,COLEGIO HOSPITAL SAN BORJA ARRIARAN,Particular Subvencionado,Urbano,13,131,13101,Santiago,96,39.347995198201,7,0,0,2
25215,8,COLEGIO POLIV. GERONIMO DE ALDERETE,Particular Subvencionado,Urbano,13,131,13124,Pudahuel,290,40.4741365801485,207,19,29,35
25218,2,EXTREMADURA DE PUENTE ALTO,Particular Subvencionado,Urbano,13,132,13201,Puente Alto,170,38.5357424142435,134,11,13,12
25220,4,COLEGIO ALMA MATER,Particular Subvencionado,Urbano,13,131,13111,La Granja,89,41.1324686436319,60,6,6,17
25223,9,COLEGIO MONTE DE ASIS,Particular Subvencionado,Urbano,13,132,13201,Puente Alto,170,36.0584684110011,162,5,3,0
25225,5,ESCUELA BASICA RAYITO DE LUZ DE QUILICURA,Particular Subvencionado,Urbano,13,131,13125,Quilicura,135,40.6541170429519,92,7,15,21
25238,7,COLEGIO CENTRO EDUCACIONAL ALTAIR,Particular Subvencionado,Urbano,13,136,13604,Padre Hurtado,165,37.3625936935817,150,8,4,3
25247,6,COLEGIO ALICURA,Corporación Municipal,Urbano,13,131,13122,Peñalolén,23,49.6752919848946,6,2,4,11
25250,6,COLEGIO POLIV. ALMENDRAL DE LA PINTANA,Particular Subvencionado,Urbano,13,131,13112,La Pintana,141,39.6768848654864,104,15,8,14
25255,7,ESCUELA INMACULADA CONCEPCION,Particular Subvencionado,Urbano,13,133,13301,Colina,82,40.2619751116882,59,11,3,9
25256,5,ESCUELA BASICA THE FOREST COLLEGE,Particular Subvencionado,Urbano,13,131,13105,El Bosque,162,36.699799276837,145,8,6,3
25258,1,COLEGIO PREMILITAR GENERAL SAN MARTIN DE MAIPU,Particular Subvencionado,Urbano,13,131,13119,Maipú,90,42.8274329181976,53,11,13,13
25265,4,COLEGIO ANTIL MAWIDA,Particular Subvencionado,Urbano,13,131,13109,La Cisterna,136,34.7228141499335,131,4,1,0
25269,7,COLEGIO NUEVO DIEGO DE ALMAGRO,Particular Subvencionado,Urbano,13,131,13101,Santiago,60,38.1350662078871,51,4,0,5
25280,8,ESCUELA BASICA PARTICULAR BREMEN,Particular Subvencionado,Urbano,13,131,13105,El Bosque,47,40.1645729936969,34,7,4,2
25282,4,COLEGIO POLIV. CARDENAL RAUL SILVA HENRIQUEZ,Particular Subvencionado,Urbano,13,132,13201,Puente Alto,241,38.2184219707206,214,11,10,6
25287,5,ESCUELA BASICA PARTICULAR ESJELAVI,Particular Subvencionado,Urbano,13,131,13112,La Pintana,21,43.455560682122,10,4,1,6
25288,3,ESC. BAS. Y ESP. CENTRO INTEGRAL ALTAIR DE BA,Particular Subvencionado,Urbano,13,133,13302,Lampa,78,37.1430793779836,72,3,3,0
25300,6,COLEGIO NUEVOS CASTANOS DE MAIPU,Particular Subvencionado,Urbano,13,131,13119,Maipú,70,37.720714095601,61,3,2,4
25303,0,CENTRO EDUCACIONAL LAURA VICUNA,Particular Subvencionado,Urbano,13,131,13128,Renca,87,42.4270577795276,54,9,5,19
25304,9,COLEGIO PAUL HARRIS SCHOOL,Particular Subvencionado,Urbano,13,131,13105,El Bosque,80,39.7190139442149,60,6,8,6
25314,6,ESCUELA BÁSICA 1737 LOS ALERCES DE MAIPÚ,Servicio Local de Educación(SLE),Urbano,13,131,13119,Maipú,119,41.3669654018651,77,15,7,20
25315,4,ESCUELA PUERTO FUTURO,Servicio Local de Educación(SLE),Urbano,13,131,13124,Pudahuel,68,43.0629996622486,36,8,6,18
25316,2,COLEGIO PUELMAPU,Particular Subvencionado,Urbano,13,131,13122,Peñalolén,64,40.3298312891817,50,2,6,6
25319,7,ESC. BAS. Y ESP. PART. KIMKELEN,Particular Subvencionado,Urbano,13,134,13401,San Bernardo,81,44.2262287387587,36,4,12,29
25324,3,ESCUELA BASICA QUITALMAHUE,Particular Subvencionado,Urbano,13,132,13201,Puente Alto,89,40.2605443357783,72,5,4,8
25328,6,INSTITUTO CRISTIANO LUIS GANDARILLAS,Particular Subvencionado,Urbano,13,131,13119,Maipú,120,39.5997258378957,90,13,9,8
25331,6,ESCUELA BASICA PART. CRISTIANO DE LOS HEROES,Particular Subvencionado,Urbano,13,131,13119,Maipú,73,41.5406359233489,46,5,6,16
25334,0,ESCUELA BASICA RAICES ALTAZOR,Particular Subvencionado,Urbano,13,131,13110,La Florida,43,38.1410554775822,35,4,2,2
25342,1,ESCUELA RAIMAPU-TIERRA FLORIDA,Particular Subvencionado,Urbano,13,131,13110,La Florida,116,36.0753348114825,110,3,2,1
25347,2,COLEGIO SEBASTIAN EL CANO SAN BERNARDO,Particular Subvencionado,Urbano,13,134,13401,San Bernardo,134,39.089395473578,105,10,16,3
25349,9,COLEGIO PARTICULAR MELFORD COLLEGE,Particular Subvencionado,Urbano,13,131,13125,Quilicura,155,37.5619009514071,134,10,6,5
25350,2,ESC. PART. CRISTIANO ORIENTE,Particular Subvencionado,Urbano,13,131,13119,Maipú,99,39.4135977822656,80,7,8,4
25352,9,LICEO BICENTENARIO DE EXCELENCIA PATRICIO MEKIS DE PADRE HURTADO,Particular Subvencionado,Urbano,13,136,13604,Padre Hurtado,267,40.6420266741892,181,18,30,38
25356,1,ESC. BASICA LA PRADERA DE CURACAVI,Particular Subvencionado,Urbano,13,135,13503,Curacaví,45,33.6914208564803,42,2,1,0
25359,6,COLEGIO METODISTA DE SANTIAGO,Particular Subvencionado,Urbano,13,131,13101,Santiago,62,37.3358129060006,56,1,0,5
25362,6,ESC.PART. TALLERES PREVOCACIONALES PADRE HURT,Particular Subvencionado,Urbano,13,131,13128,Renca,35,53.0170371790501,7,2,2,24
25365,0,COLEGIO AUSTRALIA,Particular Subvencionado,Urbano,13,131,13112,La Pintana,56,43.4428970332457,30,3,6,17
25367,7,COLEGIO SANTIAGO,Particular Subvencionado,Urbano,13,131,13110,La Florida,174,38.3581512611675,145,14,9,6
25368,5,COLEGIO PART. CARDENAL CARLOS OVIEDO CAVADA,Particular Subvencionado,Urbano,13,131,13119,Maipú,238,40.4212137692537,167,22,21,28
25369,3,COLEGIO PARTICULAR ALICANTE,Particular Subvencionado,Urbano,13,131,13119,Maipú,596,39.0123091807452,485,51,40,20
25371,5,COLEGIO BICENTENARIO SANTA MARIA DE PAINE,Particular Subvencionado,Urbano,13,134,13404,Paine,240,38.608123368895,197,12,10,21
25382,0,COLEGIO SAINT CHARLES COLLEGE LA FLORIDA,Particular Subvencionado,Urbano,13,131,13110,La Florida,71,42.6864286972298,43,7,9,12
25385,5,ESCUELA HERMANOS CARRERA,Particular Subvencionado,Urbano,13,131,13119,Maipú,129,35.4197620510415,122,5,1,1
25386,3,COLEGIO PARTICULAR NOVO MUNDO,Particular Subvencionado,Urbano,13,131,13125,Quilicura,276,42.317259999173,163,18,30,65
25387,1,COLEGIO PARTICULAR SAN SEBASTIAN DE QUILICURA,Particular Subvencionado,Urbano,13,131,13125,Quilicura,259,42.0426688481738,154,21,37,47
25389,8,COLEGIO `EMPRENDER OBISPO ALVEAR`,Particular Subvencionado,Urbano,13,132,13201,Puente Alto,321,39.354193894932,242,28,26,25
25390,1,ESC.BASICA PART. ACONCAGUA DE PUDAHUEL,Particular Subvencionado,Urbano,13,131,13124,Pudahuel,53,43.826176664652,26,4,4,19
25393,6,COLEGIO QUINTO CENTENARIO CORDILLERA,Particular Subvencionado,Urbano,13,131,13110,La Florida,70,37.9206115121076,61,2,4,3
25395,2,COLEGIO BETTERLAND SCHOOL,Particular Subvencionado,Urbano,13,131,13115,Lo Barnechea,140,41.6703646219664,87,15,15,23
25396,0,CENTRO POLITECNICO PARTICULAR CONCHALI,Particular Subvencionado,Urbano,13,131,13104,Conchalí,181,39.9770781015013,139,12,13,17
25402,9,COL.  PART. SALES. EL PATROCINIO DE SAN JOSE,Particular Subvencionado,Urbano,13,131,13123,Providencia,161,34.3639773387952,156,3,1,1
25418,5,COLEGIO POLIV. SAN BERNARDO ABAD,Particular Subvencionado,Urbano,13,134,13401,San Bernardo,142,42.7541543760755,75,12,23,32
25423,1,COLEGIO PARTICULAR IGNACIO SERRANO,Particular Subvencionado,Urbano,13,134,13401,San Bernardo,82,40.6904964773279,57,8,8,9
25431,2,ESCUELA BASICA PART SANTA MARIA DE ESMERALDA,Particular Subvencionado,Urbano,13,133,13301,Colina,83,42.2448990546498,50,9,7,17
25434,7,COLEGIO PARTICULAR FORJADORES,Particular Subvencionado,Urbano,13,136,13605,Peñaflor,76,38.8892348828425,59,4,6,7
25439,8,CENTRO EDUCACIONAL SAN CARLOS DE ARAGON,Particular Subvencionado,Urbano,13,132,13201,Puente Alto,348,39.9138794865545,250,35,25,38
25442,8,COLEGIO TALAGANTE GARDEN SCHOOL,Particular Subvencionado,Urbano,13,136,13601,Talagante,78,36.3538951184019,74,2,1,1
25447,9,COLEGIO VALLE DE MALLARAUCO,Particular Subvencionado,Urbano,13,135,13501,Melipilla,40,38.7039090684808,31,4,2,3
25448,7,CENTRO EDUC. NINO DIOS DE MALLOCO,Particular Subvencionado,Urbano,13,136,13605,Peñaflor,171,38.7054510056479,130,11,16,14
25450,9,COLEGIO SALTAIRAM,Particular Subvencionado,Urbano,13,132,13201,Puente Alto,65,46.062364790469,23,8,11,23
25454,1,COLEGIO PART. ANDINO ANTUQUELEN,Particular Subvencionado,Urbano,13,132,13203,San José de Maipo,60,32.6827916387459,60,0,0,0
25462,2,COLEGIO ALTO GABRIELA,Particular Subvencionado,Urbano,13,131,13112,La Pintana,107,40.4626990401198,76,11,5,15
25464,9,COLEGIO POLIVALENTE AGUSTINIANO DE EL BOSQUE,Particular Subvencionado,Urbano,13,131,13105,El Bosque,265,39.2516087960682,203,25,22,15
25465,7,ESC. BAS. PART.  JERUSALEN,Particular Subvencionado,Urbano,13,133,13302,Lampa,85,41.8172217121474,53,7,11,14
25471,1,COLEGIO PART. KING EDWARDS SCHOOL I,Particular Subvencionado,Urbano,13,131,13119,Maipú,82,42.3293685408075,46,8,9,19
25475,4,COLEGIO PART. PADRE JOSE KENTENICH,Particular Subvencionado,Urbano,13,132,13201,Puente Alto,140,42.2941340319452,82,12,14,32
25480,0,COLEGIO JOSE LUIS LEGRANGE DE LA CISTERNA,Particular Subvencionado,Urbano,13,131,13109,La Cisterna,86,37.0594702652565,75,5,5,1
25481,9,COLEGIO INSTITUTO O¦HIGGINS DE MAIPU,Particular Subvencionado,Urbano,13,131,13119,Maipú,136,36.2988576279049,127,4,2,3
25482,7,ESC. PART. ARTISTICA EL TRIGAL,Particular Subvencionado,Urbano,13,131,13119,Maipú,112,35.4677942789504,109,2,0,1
25484,3,ESC PART. SIGLO XXI DE LAMPA,Particular Subvencionado,Urbano,13,133,13302,Lampa,69,41.3848535069586,46,14,6,3
25485,1,ESC. BASICA  `SAN BENIGNO`,Particular Subvencionado,Urbano,13,133,13301,Colina,84,43.1735042401655,47,6,6,25
25501,7,COLEGIO SAN ANDRES DE MAIPU,Particular Subvencionado,Urbano,13,131,13119,Maipú,227,40.062441984828,169,17,21,20
25507,6,ESC. BASICA PARTICULAR SAN PABLO,Particular Subvencionado,Urbano,13,132,13201,Puente Alto,57,35.6285493250638,56,0,1,0
25508,4,COLEGIO PART. GABRIELA MISTRAL SOCIEDAD EDUCA,Particular Subvencionado,Urbano,13,131,13126,Quinta Normal,124,38.1699526897976,107,6,5,6
25509,2,COLEGIO PARTICULAR MARÍA AUXILIADORA DE SANTIAGO,Particular Subvencionado,Urbano,13,131,13101,Santiago,155,37.0751252796593,134,9,6,6
25520,3,COL. PART. SAGRADO CORAZON DE JESUS DE LA RE,Particular Subvencionado,Urbano,13,131,13113,La Reina,181,36.2661621519387,162,9,5,5
25523,8,CARDENAL JUAN FRANCISCO FRESNO LARRAIN,Particular Subvencionado,Urbano,13,132,13201,Puente Alto,244,43.0823426209225,140,24,26,54
25525,4,COLEGIO PARTICULAR EL ALBA DE MACUL,Particular Subvencionado,Urbano,13,131,13118,Macul,76,36.0024742048218,71,3,0,2
25526,2,ESCUELA PART.  CURACAVI COLLEGE,Particular Subvencionado,Urbano,13,135,13503,Curacaví,130,38.384674948111,110,8,10,2
25539,4,EJERCITO LIBERTADOR DE CERRILLOS,Servicio Local de Educación(SLE),Urbano,13,131,13102,Cerrillos,70,40.2006201445147,54,11,1,4
25540,8,COLEGIO MONTE OLIVO DE PUENTE ALTO,Particular Subvencionado,Urbano,13,132,13201,Puente Alto,154,40.697758919468,108,18,19,9
25541,6,COLEGIO PART. JOSEFINO SANTISIMA TRINIDAD,Particular Subvencionado,Urbano,13,131,13123,Providencia,82,33.3766055729518,79,0,0,3
25542,4,COLEGIO SANTA BARBARA H.S.,Particular Subvencionado,Urbano,13,131,13125,Quilicura,222,40.4579328313903,160,13,14,35
25543,2,COLEGIO POLIV. SAN CRISTOBAL APOSTOL,Particular Subvencionado,Urbano,13,136,13604,Padre Hurtado,53,44.8337748311404,30,6,6,11
25544,0,ESC. ESP. Y BAS. FRANCES DE LA PINTANA,Particular Subvencionado,Urbano,13,131,13112,La Pintana,77,41.4047587369529,54,8,3,12
25550,5,ESC. BASICA PART. BOSTON COLLEGE LA FARFANA,Particular Subvencionado,Urbano,13,131,13119,Maipú,218,39.4112418246254,173,19,12,14
25556,4,COLEGIO SOCHIDES,Particular Subvencionado,Urbano,13,132,13201,Puente Alto,147,44.7621638766821,69,7,18,53
25557,2,ESC BASICA PART EMILIA GONZALEZ ESPINOZA,Particular Subvencionado,Urbano,13,134,13401,San Bernardo,82,37.640364274165,71,2,3,6
25558,0,COLEGIO PARTICULAR ALTAZOR,Particular Subvencionado,Urbano,13,132,13201,Puente Alto,125,36.6011782485154,114,6,4,1
25561,0,ESCUELA DIVINO MAESTRO,Particular Subvencionado,Urbano,13,131,13103,Cerro Navia,55,45.7355710653838,20,2,6,27
25562,9,ESC BASICA PART SAN JOSE DE LA FAMILIA,Particular Subvencionado,Urbano,13,131,13112,La Pintana,226,40.3291978047212,152,20,22,32
25568,8,ESCUELA BAS. Y ESP. ANTILLANCA DE TALAGANTE,Particular Subvencionado,Urbano,13,136,13601,Talagante,30,41.7908115917572,21,1,5,3
25571,8,COLEGIO EL RACO,Particular Subvencionado,Urbano,13,132,13201,Puente Alto,188,40.8725898566893,128,13,17,30
25573,4,ESC. DE PARV. Y ESP. PART. CENTILEN,Particular Subvencionado,Urbano,13,131,13112,La Pintana,64,39.9468316478074,48,4,5,7
25576,9,ESCUELA BASICA PART. SAN JORGE DE PUDAHUEL,Particular Subvencionado,Urbano,13,131,13124,Pudahuel,110,41.8685857270015,69,8,16,17
25577,7,COLEGIO PART. FAMILIA DE NAZARETH,Particular Subvencionado,Urbano,13,131,13110,La Florida,81,39.2978339827021,69,4,5,3
25580,7,COLEGIO PARTICULAR MIRADOR,Particular Subvencionado,Urbano,13,132,13201,Puente Alto,180,37.6643248204541,161,6,5,8
25589,0,COLEGIO JESUS SERVIDOR,Particular Subvencionado,Urbano,13,131,13122,Peñalolén,161,37.1637125015458,139,10,2,10
25592,0,INSTITUTO SAN MIGUEL,Corporación Municipal,Urbano,13,133,13301,Colina,68,39.3844437386058,55,4,4,5
25593,9,MARY ANNE SCHOOL DE QUILICURA,Particular Subvencionado,Urbano,13,131,13125,Quilicura,89,40.2440312286482,69,9,6,5
25599,8,COLEGIO PART. SAN PEDRO DE QUILICURA,Particular Subvencionado,Urbano,13,131,13125,Quilicura,167,44.8775454716603,76,16,16,59
25609,9,COLEGIO PADRE CHAMINADE,Particular Subvencionado,Urbano,13,131,13110,La Florida,48,37.3865786008489,43,1,3,1
25613,7,COLEGIO BICENTENARIO DE EXCELENCIA PEDRO APOSTOL,Particular Subvencionado,Urbano,13,132,13201,Puente Alto,173,40.5671420704104,119,10,24,20
25615,3,COLEGIO POLIVALENTE SAINT PETER COLLEGE,Particular Subvencionado,Urbano,13,132,13201,Puente Alto,84,43.5781764676588,44,7,10,23
25624,2,ESC. BAS. Y ESP. NUEVA INTEGRAL ALTAZOR,Particular Subvencionado,Urbano,13,136,13605,Peñaflor,62,40.3296741931657,39,8,5,10
25625,0,COLEGIO PART. SWEDENBORG COLLEGE,Particular Subvencionado,Urbano,13,131,13118,Macul,47,37.19325174223,45,1,1,0
25639,0,ESCUELA BASICA Y ESPECIAL N° 1905 JACARANDA,Particular Subvencionado,Urbano,13,131,13128,Renca,80,38.2398842715886,72,3,1,4
25642,0,ESCUELA BAS. MUNIC. CUYUNCAVI,Municipal DAEM,Urbano,13,135,13503,Curacaví,56,39.7157607087389,38,3,6,9
25644,7,COLEGIO PART. NEW LITTLE COLLEGE,Particular Subvencionado,Urbano,13,131,13110,La Florida,79,36.3682533957672,70,5,3,1
25647,1,ESC. BAS Y ESP. N° 113 SAN LORENZO DE ISLA DE MAIPO,Particular Subvencionado,Urbano,13,136,13603,Isla de Maipo,45,39.9967467664919,35,3,7,0
25652,8,ESCUELA ESPECIAL HOSPITAL FELIX BULNES,Particular Subvencionado,Urbano,13,131,13123,Providencia,96,41.0564503096785,7,0,1,1
25655,2,COLEGIO SANTO TOMAS DE AQUINO,Particular Subvencionado,Urbano,13,131,13105,El Bosque,143,37.78268926033,125,11,4,3
25674,9,ESCUELA INSTITUTO RAMON FREIRE,Particular Subvencionado,Urbano,13,131,13119,Maipú,78,36.612757964209,73,4,0,1
25676,5,COLEGIO POLIVALENTE ELISA VALDES,Particular Subvencionado,Urbano,13,132,13201,Puente Alto,152,40.5545665766244,105,12,19,16
25681,1,COLEGIO OXFORD,Particular Subvencionado,Urbano,13,131,13119,Maipú,66,38.8599250507867,57,3,1,5
25692,7,COLEGIO PART. MANSO DE VELASCO MELIPILLA,Particular Subvencionado,Urbano,13,135,13501,Melipilla,63,40.8404158656835,41,9,7,6
25693,5,COLEGIO MADRE DE LA DIVINA PROVIDENC,Particular Subvencionado,Urbano,13,131,13118,Macul,90,35.1586707744578,88,0,2,0
25695,1,COLEGIO DE LA INMACULADA CONCEPCIÓN,Particular Subvencionado,Urbano,13,134,13401,San Bernardo,137,35.6420191226111,134,2,0,1
25697,8,COLEGIO O`HIGGINS,Particular Subvencionado,Urbano,13,135,13501,Melipilla,70,35.3441727541033,68,2,0,0
25698,6,COLEGIO CORDILLERA DE LOS ANDES,Servicio Local de Educación(SLE),Urbano,13,134,13401,San Bernardo,120,40.3659192815637,86,11,6,17
25700,1,COLEGIO LOS ALPES MAIPU,Particular Subvencionado,Urbano,13,131,13119,Maipú,147,37.2126871403503,127,12,4,4
25703,6,COLEGIO PART. ALCANTARA DE LA FLORIDA,Particular Subvencionado,Urbano,13,131,13110,La Florida,142,36.093186146804,126,7,4,5
25704,4,COLEGIO PART. ALCANTARA DE LA CORDILLERA,Particular Subvencionado,Urbano,13,131,13110,La Florida,191,37.2890378434683,176,12,2,1
25709,5,LINCOLN COLLEGE LA FLORIDA,Particular Subvencionado,Urbano,13,131,13110,La Florida,236,37.43060086299,204,12,13,7
25711,7,ESC. BASICA MUNICIPAL PAULA JARAQUEMADA ALQUI,Municipal DAEM,Urbano,13,134,13404,Paine,194,43.439863913582,107,15,22,50
25712,5,COLEGIO PART. ANDARES DE LA FLORIDA,Particular Subvencionado,Urbano,13,131,13110,La Florida,35,39.0516144886431,29,1,1,4
25713,3,COLEGIO PART. MANANTIAL DE LA FLORIDA,Particular Subvencionado,Urbano,13,131,13110,La Florida,55,36.0286701535548,52,0,3,0
25714,1,COLEGIO PART. INSTITUTO CORINTIO,Particular Subvencionado,Urbano,13,134,13401,San Bernardo,120,35.8222625525248,115,3,1,1
25716,8,COLEGIO PART. NEW HEINRICH HIGH SCHOOL,Particular Subvencionado,Urbano,13,131,13120,Ñuñoa,140,38.337146468837,110,15,11,4
25717,6,COLEGIO ALCÁNTARA DE LOS ALTOS DE PEÑALOLEN,Particular Subvencionado,Urbano,13,131,13122,Peñalolén,249,39.9908545919704,178,29,18,24
25718,2,COLEGIO PART. LOS ANGELES SANTIAGO DE SAN MIG,Particular Subvencionado,Urbano,13,131,13130,San Miguel,51,37.3924893918759,47,1,1,2
25722,2,COLEGIO PART. PATRONA SENORA DE LOURDES,Particular Subvencionado,Urbano,13,131,13110,La Florida,135,36.4739713178829,122,4,4,5
25725,7,ESCUELA PART. NAHUEL,Particular Subvencionado,Urbano,13,134,13404,Paine,214,37.2147761330517,196,6,8,4
25727,3,LICEO PART. SALESIANO MANUEL ARRIARAN BARROS,Particular Subvencionado,Urbano,13,131,13109,La Cisterna,254,36.9516106904363,227,16,5,6
25733,8,ESCUELA PART. SANTA TERESA DE QUILICURA,Particular Subvencionado,Urbano,13,131,13125,Quilicura,178,41.2036335664059,117,17,19,25
25737,0,COLEGIO PART. ACROPOLIS,Particular Subvencionado,Urbano,13,132,13201,Puente Alto,153,39.5823100223714,125,16,5,7
25738,9,ESCUELA BASICA PARTICULAR SAN JOSE DE  MELIP¦,Particular Subvencionado,Urbano,13,135,13501,Melipilla,69,36.4379963415297,64,0,2,3
25739,7,COLEGIO NTRA. SRA. DEL CARMEN DE MAIPU,Particular Subvencionado,Urbano,13,131,13119,Maipú,133,36.0486794591051,126,4,1,2
25749,4,COLEGIO PART. ALICANTE DEL ROSAL,Particular Subvencionado,Urbano,13,131,13119,Maipú,482,39.6114258989296,361,55,38,28
25751,6,COLEGIO LIAHONA CORDILLERA,Particular Subvencionado,Urbano,13,131,13110,La Florida,154,36.4724554629769,141,6,3,4
25766,4,LINCOLN COLLEGE SAN MARTIN,Particular Subvencionado,Urbano,13,131,13119,Maipú,275,38.05437307254,232,24,9,10
25767,2,COLEGIO SAN JORGE DE LAS CONDES,Particular Subvencionado,Urbano,13,131,13114,Las Condes,64,39.6007104084166,51,4,2,7
25770,2,LICEO NACIONAL DE MAIPU,Servicio Local de Educación(SLE),Urbano,13,131,13119,Maipú,410,38.2155633923323,347,31,15,17
25779,6,COLEGIO POLIV. CARDENAL JOSE MARIA CARO,Particular Subvencionado,Urbano,13,131,13112,La Pintana,220,41.915141878961,134,22,25,39
25781,8,COLEGIO BICENTENARIO ARZOBISPO CRESCENTE ERRAZURIZ,Particular Subvencionado,Urbano,13,132,13201,Puente Alto,240,38.7373760173571,186,15,13,26
25783,4,COLEGIO POLIV. ARZOBISPO MANUEL VICUNA,Particular Subvencionado,Urbano,13,131,13129,San Joaquín,87,43.8083327942253,47,8,14,18
25788,5,ESCUELA BASICA ANA FRANK,Servicio Local de Educación(SLE),Urbano,13,131,13125,Quilicura,156,40.7461610806394,114,17,7,18
25790,7,COLEGIO POLIV. DIEGO PORTALES DE MAIPU,Particular Subvencionado,Urbano,13,131,13119,Maipú,88,41.9605408619264,51,4,10,23
25797,4,ESCUELA B-SICA PUCARA LASANA,Servicio Local de Educación(SLE),Urbano,13,131,13125,Quilicura,61,40.9708751882906,41,7,2,11
25798,2,COLEGIO RELIGIOSO SANTA MARGARITA,Particular Subvencionado,Urbano,13,131,13130,San Miguel,63,37.9584984220541,56,3,2,2
25799,0,ESC. BAS. PART. ERNESTINA KRISCHUK,Particular Subvencionado,Urbano,13,132,13201,Puente Alto,48,39.4001170144914,39,5,1,3
25803,2,ESC. PART. ALBERT SCHWEITZER,Particular Subvencionado,Urbano,13,132,13201,Puente Alto,54,40.9579122255831,38,5,2,9
25804,0,COLEGIO PART. ANTUPIREN,Particular Subvencionado,Urbano,13,131,13122,Peñalolén,222,37.8133890258686,189,15,6,12
25808,3,ESC. BAS. PART. LAS NACIONES,Particular Subvencionado,Urbano,13,131,13119,Maipú,48,42.2712055594566,29,3,3,13
25814,8,COLEGIO SAYEN,Particular Subvencionado,Urbano,13,135,13501,Melipilla,65,38.3976317804044,58,2,4,1
25826,1,COLEGIO ADVENTISTA LA FLORIDA,Particular Subvencionado,Urbano,13,131,13110,La Florida,50,35.1883754572544,50,0,0,0
25829,6,COLEGIO PART. SAN ADRIAN DE QUILICURA,Particular Subvencionado,Urbano,13,131,13125,Quilicura,156,36.190907167211,144,6,5,1
25831,8,ESCUELA BASICA PARTICULAR CONTEMPORA,Particular Subvencionado,Urbano,13,131,13110,La Florida,37,37.1459357601429,35,1,0,1
25839,3,ESC. BAS. Y ESP. CELEI,Particular Subvencionado,Urbano,13,131,13117,Lo Prado,25,38.3682043927431,22,0,0,3
25843,1,COLEGIO PART. SAGRADO CORAZON DE TALAGANTE,Particular Subvencionado,Urbano,13,136,13601,Talagante,141,34.9234022500817,137,3,0,1
25845,8,ESCUELA PART. SAN MARCELO N_ 3,Particular Subvencionado,Urbano,13,131,13112,La Pintana,87,44.9119474772295,39,6,5,37
25850,4,COLEGIO DEL VALLE,Particular Subvencionado,Urbano,13,131,13119,Maipú,140,38.5904162871387,115,9,9,7
25851,2,ESC. PART. EL ARRAYAN DE MAIPU,Particular Subvencionado,Urbano,13,131,13119,Maipú,67,42.4160651973331,39,8,11,9
25853,9,COLEGIO POLIVALENTE NOVO HORIZONTE,Particular Subvencionado,Urbano,13,131,13125,Quilicura,84,44.5758521960161,43,4,7,30
25855,5,LICEO BICENTENARIO CHACABUCO,Corporación Municipal,Urbano,13,133,13301,Colina,348,36.8345860092125,318,14,8,8
25865,2,SAN IGNACIO COLLEGE,Particular Subvencionado,Urbano,13,134,13401,San Bernardo,128,42.1159029894458,78,11,14,25
25882,2,COLEGIO NOBEL GABRIELA MISTRAL,Particular Subvencionado,Urbano,13,134,13401,San Bernardo,177,40.4409106854958,126,13,17,21
25885,7,COLEGIO INTERCULTURAL TREMEMN,Particular Subvencionado,Urbano,13,131,13119,Maipú,156,38.2573125108512,122,19,4,11
25894,6,COLEGIO MANANTIAL DE SAN MIGUEL,Particular Subvencionado,Urbano,13,131,13130,San Miguel,56,35.9110170630118,55,0,0,1
25895,4,COLEGIO SANTIAGO DE PUDAHUEL,Particular Subvencionado,Urbano,13,131,13124,Pudahuel,178,39.4400385836572,141,14,16,7
25897,0,ESCUELA PART. INSTITUTO S.A,Particular Subvencionado,Urbano,13,131,13110,La Florida,47,41.4714474689098,32,7,4,4
25899,7,LICEO JOSE ABELARDO NUÑEZ Nº 4,Particular Subvencionado,Urbano,13,131,13107,Huechuraba,146,40.8884108057468,100,12,16,18
25901,2,ESC. EVANG. PENTECOSTAL DR. WILLIS C. HOOVER,Particular Subvencionado,Urbano,13,131,13122,Peñalolén,83,41.3074294509057,54,8,11,10
25914,4,ESCUELA PARTICULAR SUBVENCIONADA SAN JORGE DE COLINA,Particular Subvencionado,Urbano,13,133,13301,Colina,28,35.342947727186,27,0,0,1
25916,0,ESCUELA BAS. SAN SEBASTIAN DE COLINA,Particular Subvencionado,Urbano,13,133,13301,Colina,151,41.1085192037468,91,14,24,22
25919,5,ESCUELA BASICA NEHUEN,Particular Subvencionado,Urbano,13,136,13601,Talagante,74,38.4525689850755,62,4,4,4
25921,7,COLEGIO CENTRO EDUCACIONAL ROUSSEAU,Particular Subvencionado,Urbano,13,131,13119,Maipú,88,41.4510216146822,60,9,10,9
25922,5,COLEGIO TERRA AUSTRALIS,Particular Subvencionado,Urbano,13,131,13124,Pudahuel,203,38.640294327888,175,15,7,6
25926,8,COLEGIO POLIV. JERUSALEN DE LAMPA,Particular Subvencionado,Urbano,13,133,13302,Lampa,274,41.8395624690471,168,32,27,47
25927,6,ESCUELA BASICA TERRA DI BIMBI,Particular Subvencionado,Urbano,13,136,13605,Peñaflor,50,34.8068593132368,45,1,1,3
25929,2,COLEGIO PADRE PEDRO ARRUPE SAGRADA FAMILIA,Particular Subvencionado,Urbano,13,131,13125,Quilicura,153,41.5410084023053,88,24,18,23
25933,0,ESCUELA BASICA ALBORADA SCHOOL,Particular Subvencionado,Urbano,13,136,13605,Peñaflor,59,38.9681706148581,48,5,5,1
25936,5,COLEGIO NUEVO HORIZONTE DE PUENTE ALTO,Particular Subvencionado,Urbano,13,132,13201,Puente Alto,107,44.5493584114159,46,10,12,39
25941,1,ESCUELA PART. SPRING COLLEGE N_ 2,Particular Subvencionado,Urbano,13,131,13130,San Miguel,44,37.6415849938536,37,1,1,5
25944,6,ESCUELA PART. PARTHENON COLLEGE,Particular Subvencionado,Urbano,13,136,13605,Peñaflor,71,37.1278092381853,61,5,4,1
25954,3,ESC. BAS. Y ESP. NTRA. SRA. DE LAS NIEVES,Particular Subvencionado,Urbano,13,134,13401,San Bernardo,86,39.825850321411,67,6,6,7
25959,4,ESC. ESPECIAL HOSPITAL SAN JUAN DE DIOS,Particular Subvencionado,Urbano,13,131,13101,Santiago,96,37.3832507959358,5,0,0,1
25960,8,CENTRO EDUC. PADRE ALBERTO HURTADO DE SAN BER,Servicio Local de Educación(SLE),Urbano,13,134,13401,San Bernardo,176,42.0367143719767,107,18,15,36
25961,6,COLEGIO PALMARES,Particular Subvencionado,Urbano,13,131,13125,Quilicura,280,40.8064506453806,181,31,32,36
25969,1,COLEGIO TERCER MILENIO,Particular Subvencionado,Urbano,13,131,13125,Quilicura,359,39.1941966664393,281,28,23,27
25976,4,ESC. BASICA Nº 136 SAN SEBASTIAN DE PAINE,Particular Subvencionado,Urbano,13,134,13404,Paine,81,41.2776010484688,59,8,8,6
25984,5,COLEGIO DREYSE BELSER,Particular Subvencionado,Urbano,13,136,13605,Peñaflor,59,36.8780812500212,52,5,1,1
25988,8,COLEGIO JUAN LUIS UNDURRAGA ANINAT,Particular Subvencionado,Urbano,13,131,13125,Quilicura,245,42.0765185888966,145,22,31,47
25991,8,ESCUELA BAS. AMANKAY DE LAMPA,Particular Subvencionado,Urbano,13,133,13302,Lampa,67,38.2575885886655,60,0,5,2
25999,3,COLEGIO ALICANTE DEL SOL,Particular Subvencionado,Urbano,13,132,13201,Puente Alto,479,37.7184072895616,426,23,17,13
26001,0,COLEGIO ALICANTE DE LA FLORIDA,Particular Subvencionado,Urbano,13,131,13110,La Florida,244,34.8394146829791,232,4,2,6
26006,1,COLEGIO ECOLOGICO PAINE,Particular Subvencionado,Urbano,13,134,13404,Paine,104,38.5977715028108,84,6,8,6
26012,6,COLEGIO BICENTENARIO MODERNO PAINE,Particular Subvencionado,Urbano,13,134,13404,Paine,172,42.4468015332122,104,18,14,36
26017,7,ESCUELA BAS. KINGS SCHOOL,Particular Subvencionado,Urbano,13,134,13401,San Bernardo,90,36.2994387738016,86,3,0,1
26025,8,COLEGIO SANTA BARBARA COLLEGE,Particular Subvencionado,Urbano,13,131,13105,El Bosque,87,35.3126905003012,83,2,2,0
26033,9,COLEGIO  SAN CARLOS DE QUILICURA,Particular Subvencionado,Urbano,13,131,13125,Quilicura,265,38.3476835686919,226,20,16,3
26035,5,ESCUELA PART. SAN JOSE DE LAMPA,Particular Subvencionado,Urbano,13,133,13302,Lampa,168,39.3287870571198,119,20,13,16
26036,3,ESCUELA ESPECIAL N 2086 HOSPITAL CLINICO PONTIFICIA UNIVERSIDAD CATÓLICA DE CHILE,Particular Subvencionado,Urbano,13,131,13101,Santiago,96,36.4638178222389,8,0,0,0
26037,1,COLEGIO LO BARNECHEA BICENTENARIO,Municipal DAEM,Urbano,13,131,13115,Lo Barnechea,186,42.2408026301961,113,15,16,42
26044,4,ESCUELA BAS. Y ESP. LIKAN-RAY DE LA PINTANA,Particular Subvencionado,Urbano,13,131,13112,La Pintana,68,36.3841737111014,63,2,2,1
26045,2,ESCUELA  SAN PEDRO VALLE GRANDE,Particular Subvencionado,Urbano,13,133,13302,Lampa,162,40.874237867308,104,19,12,27
26053,3,COLEGIO ATENAS,Particular Subvencionado,Urbano,13,131,13110,La Florida,239,40.8462398687701,170,28,26,15
26075,4,ESCUELA BAS. SAN JOSE DE PENALOLEN,Particular Subvencionado,Urbano,13,131,13122,Peñalolén,64,41.9010081473793,38,6,6,14
26083,5,COLEGIO SAN ALBERTO HURTADO,Particular Subvencionado,Urbano,13,131,13125,Quilicura,176,40.2836914363411,135,7,19,15
26084,3,COLEGIO EL BOSQUE DE RENCA,Particular Subvencionado,Urbano,13,131,13128,Renca,102,42.3107564417509,57,11,14,20
26092,4,COLEGIO PEUMAYEN,Particular Subvencionado,Urbano,13,136,13604,Padre Hurtado,78,34.6179677570744,76,2,0,0
26094,0,COLEGIO LAS AMERICAS DE PAINE,Particular Subvencionado,Urbano,13,134,13404,Paine,127,37.0325649615897,110,5,9,3
26108,4,ESC. BAS. Y ESP. SAN ANDRES DE PENAFLOR,Particular Subvencionado,Urbano,13,136,13605,Peñaflor,70,38.5908613728702,58,5,4,3
26110,6,COLEGIO SANTIAGO - QUILICURA,Particular Subvencionado,Urbano,13,131,13125,Quilicura,180,39.1311973874297,136,18,16,10
26111,4,ESC. DE PARV. Y ESP. PUKARAY,Particular Subvencionado,Urbano,13,134,13402,Buin,78,40.2513206408549,54,10,6,8
26115,7,COLEGIO TUPAHUE,Particular Subvencionado,Urbano,13,132,13201,Puente Alto,153,38.3940846557892,135,7,7,4
26117,3,ESCUELA BÁSICA N 149 SAN MARCEL,Particular Subvencionado,Urbano,13,134,13402,Buin,150,40.7584383256909,107,9,17,17
26130,0,ESC. BAS. Y ESP. CHRIST SCHOOL DE PUDAHUEL,Particular Subvencionado,Urbano,13,131,13124,Pudahuel,77,38.8824319155923,62,6,4,5
26135,1,ESC.BAS. EMPRENDER LARAPINTA,Particular Subvencionado,Urbano,13,133,13302,Lampa,262,38.0185634322914,219,14,12,17
26137,8,COLEGIO DEL REAL,Particular Subvencionado,Urbano,13,131,13119,Maipú,76,38.8321115589434,65,5,2,4
26139,4,ESCUELA BAS. VILLA SAN IGNACIO,Particular Subvencionado,Urbano,13,131,13124,Pudahuel,83,39.4848693767454,64,6,4,9
26150,5,COLEGIO  FITZROY COLLEGE,Particular Subvencionado,Urbano,13,134,13401,San Bernardo,83,38.5176541534512,68,4,5,6
26152,1,ESCUELA BASICA SAN PEDRO APOSTOL DE PAINE,Particular Subvencionado,Urbano,13,134,13404,Paine,90,45.4328632414778,38,11,12,29
26157,2,LICEO MUNICIPAL BICENTENARIO DE BATUCO,Corporación Municipal,Urbano,13,133,13302,Lampa,68,43.9805436264373,37,5,1,25
26158,0,ESCUELA BAS. AKORI,Particular Subvencionado,Urbano,13,131,13102,Cerrillos,50,37.7937861089349,43,1,2,4
26164,5,COLEGIO SAN JOSE DE CERRILLOS,Particular Subvencionado,Urbano,13,131,13102,Cerrillos,63,41.5058489968601,40,8,2,13
26172,6,ESCUELA BAS. FALCON COLLEGE LITTLE,Particular Subvencionado,Urbano,13,131,13126,Quinta Normal,75,37.7301678302481,64,5,1,5
26209,9,COLEGIO SAN JUAN DIEGO DE GUADALUPE,Particular Subvencionado,Urbano,13,131,13119,Maipú,91,43.9571251726964,49,6,10,26
26219,6,CENTRO EDUC. GOYENECHEA,Particular Subvencionado,Urbano,13,131,13128,Renca,86,44.8272262763049,32,11,11,32
26228,5,ESCUELA BAS. ECHAURREN N° 2,Particular Subvencionado,Urbano,13,131,13119,Maipú,57,38.8840448435545,47,4,3,3
26235,8,ESCUELA BASICA PARTICULAR PAICAVI DE LAMPA,Particular Subvencionado,Urbano,13,133,13302,Lampa,56,42.8425691613957,31,6,5,14
26239,0,ESCUELA DE PARV. Y ESP. AMANECER DE EL BOSQUE,Particular Subvencionado,Urbano,13,131,13105,El Bosque,63,39.0680739208707,49,4,6,4
26244,7,ESCUELA BAS. SAN ESTEBAN DE MELIPILLA,Particular Subvencionado,Urbano,13,135,13501,Melipilla,53,37.0299915966643,47,3,1,2
26245,5,ESCUELA BAS. CRISTIANO EL SEMBRADOR,Particular Subvencionado,Urbano,13,131,13104,Conchalí,67,37.5147038519133,61,4,2,0
26249,8,ESCUELA BASICA MIRAFLORES DE LAMPA,Particular Subvencionado,Urbano,13,133,13302,Lampa,61,40.0004568176719,43,5,7,6
26250,1,ESCUELA BAS. MISIONERO DE AGOSTINI,Particular Subvencionado,Urbano,13,131,13112,La Pintana,52,51.4699796615915,24,7,3,18
26254,4,COLEGIO SANTA MARIA GORETTI DE PADRE HUR,Particular Subvencionado,Urbano,13,136,13604,Padre Hurtado,90,36.9371299917359,82,5,0,3
26260,9,LINCOLN COLLEGE PUDAHUEL,Particular Subvencionado,Urbano,13,131,13124,Pudahuel,238,35.2471113123557,231,6,1,0
26269,2,COLEGIO ALTO DEL VALLE,Particular Subvencionado,Urbano,13,134,13402,Buin,155,37.6682344367401,131,7,5,12
26271,4,ESCUELA BAS. VALLE VERDE,Particular Subvencionado,Urbano,13,133,13301,Colina,49,39.9956108512003,38,5,0,6
26274,9,ESCUELA BAS. REINA NORTE,Particular Subvencionado,Urbano,13,133,13301,Colina,88,41.4260386596052,55,13,6,14
26278,1,ESCUELA BASICA ARISTA VITAE,Particular Subvencionado,Urbano,13,131,13109,La Cisterna,96,39.0100556742153,16,0,0,1
26293,5,ESCUELA BAS. INTEGRAL ENLACES DE LAMPA,Particular Subvencionado,Urbano,13,133,13302,Lampa,71,39.0776051526599,57,7,5,2
26304,4,ESCUELA BAS. PEÑIHUEN ANDINO,Particular Subvencionado,Urbano,13,131,13110,La Florida,96,34.3100001307048,18,0,0,0
26324,9,EST. EDUC. PART. ARCANGEL GABRIEL N° 2,Particular Subvencionado,Urbano,13,131,13121,Pedro Aguirre Cerda,63,42.1409965931063,37,6,5,15
26341,9,ESC. BAS. NUEVA ESPERANZA DE EL BOSQUE,Particular Subvencionado,Urbano,13,131,13105,El Bosque,60,35.6264609774867,58,1,1,0
26345,1,ESC. BAS. EJERCITO DE SALVACION DE SANTIAGO,Particular Subvencionado,Urbano,13,131,13101,Santiago,68,40.4416243360702,47,6,8,7
26352,4,ESC. PROFESOR FELIX ALVAREZ,Particular Subvencionado,Urbano,13,131,13126,Quinta Normal,59,43.1383452866188,29,10,6,14
26362,1,COLEGIO SAN FRANCISCO DE ASIS DE SAN BERNARDO,Particular Subvencionado,Urbano,13,134,13401,San Bernardo,206,36.456713318654,196,5,3,2
26365,6,COLEGIO BICENTENARIO SAN ALBERTO HURTADO DE PUDAHUEL,Particular Subvencionado,Urbano,13,131,13124,Pudahuel,241,41.5927888883885,152,20,29,40
26367,2,LINCOLN COLLEGE SAN BERNARDO,Particular Subvencionado,Urbano,13,134,13401,San Bernardo,274,37.2873298312762,255,10,4,5
26368,0,COLEGIO SAN FRANCISCO DE SALES,Particular Subvencionado,Urbano,13,131,13119,Maipú,80,39.6013769389361,63,8,6,3
26372,2,COLEGIO SAN LUCAS DE LO ESPEJO,Particular Subvencionado,Urbano,13,131,13116,Lo Espejo,146,38.7351722559018,115,16,10,5
26378,8,ESCUELA PATRONA DE LOURDES,Particular Subvencionado,Urbano,13,136,13605,Peñaflor,81,35.0743906511213,78,0,2,1
26379,6,COLEGIO SOL DEL VALLE,Particular Subvencionado,Urbano,13,133,13302,Lampa,161,37.8323071296831,137,8,4,12
26381,8,COLEGIO NUEVA ERA SIGLO XXI SEDE PUENTE ALTO,Particular Subvencionado,Urbano,13,132,13201,Puente Alto,154,38.9258826349892,120,14,12,8
26383,4,COLEGIO INSTITUTO CALERA DE TANGO,Particular Subvencionado,Rural,13,134,13403,Calera de Tango,78,37.9749099045623,71,4,2,1
26391,5,ESCUELA BASICA NAMUNCURA,Particular Subvencionado,Urbano,13,131,13128,Renca,25,38.057154473614,22,1,1,1
26392,3,ESC. ALTAS CUMBRES DEL ROSAL,Particular Subvencionado,Urbano,13,131,13119,Maipú,50,40.5746534962307,33,7,9,1
26403,2,INSTITUTO SEMBRADOR DE PEÑAFLOR,Particular Subvencionado,Urbano,13,136,13605,Peñaflor,67,36.9007157144583,63,1,1,2
26411,3,COLEGIO NOVA TERRA,Particular Subvencionado,Urbano,13,131,13110,La Florida,128,41.5983525028342,83,20,7,18
26416,4,COLEGIO PREMILITAR CAPITAN IGNACIO CARRERA PINTO,Particular Subvencionado,Urbano,13,136,13605,Peñaflor,73,42.0979224879537,44,6,10,13
26424,5,ESCUELA BASICA Nº 2286 LAMPA,Particular Subvencionado,Urbano,13,133,13302,Lampa,73,38.2477181593951,61,1,7,4
26426,1,COLEGIO ESPECIAL HOSPITALARIO CON TODO EL COR,Particular Subvencionado,Urbano,13,131,13123,Providencia,96,44.2615089804954,9,0,0,7
26434,2,COLEGIO ALVARO LAVÍN,Particular Subvencionado,Urbano,13,131,13119,Maipú,34,55.8100114382394,9,2,3,20
26436,9,COLEGIO TERRAUSTRAL DEL SOL,Particular Subvencionado,Urbano,13,131,13119,Maipú,449,38.9195028322644,336,39,36,38
26454,7,COLEGIO SANTIAGO EMPRENDEDORES,Particular Subvencionado,Urbano,13,134,13401,San Bernardo,170,35.08685046531,167,1,2,0
26460,1,ESCUELA BASICA JOSE MARIA DE LA CRUZ,Particular Subvencionado,Urbano,13,136,13603,Isla de Maipo,86,41.1617937635044,50,14,10,12
26466,0,ESCUELA BASICA ELIODORO MATTE OSSA,Particular Subvencionado,Urbano,13,134,13401,San Bernardo,351,41.3520858796001,215,42,48,46
26503,9,COLEGIO SAINT LOUIS SCHOOL,Particular Subvencionado,Urbano,13,133,13303,Tiltil,84,35.079902105981,83,1,0,0
26532,2,COLEGIO LO  BOZA ROSALBA LAGOS MONACO,Particular Subvencionado,Urbano,13,131,13128,Renca,91,40.5149217721962,72,5,4,10
26538,1,COLEGIO TERRAUSTRAL OESTE S.A,Particular Subvencionado,Urbano,13,131,13119,Maipú,450,39.3004320623121,337,37,36,40
26543,8,ESCUELA ESPECIAL MUNDO INFANTIL RUTA SUR,Particular Subvencionado,Rural,13,134,13404,Paine,38,37.8536217918692,31,1,3,3
30001,2,THE INTERNATIONAL SCHOOL ARICA,Particular Subvencionado,Urbano,15,151,15101,Arica,80,35.7559945911251,76,2,1,1
30002,0,COLEGIO EL ROBLE,Particular Subvencionado,Urbano,15,151,15101,Arica,64,40.2703669631186,48,9,0,7
30003,9,COLEGIO JUAN PABLO II,Particular Subvencionado,Urbano,15,151,15101,Arica,82,41.1507912321344,51,11,5,15
30005,5,COLEGIO MARIA MONTESSORI,Particular Subvencionado,Urbano,15,151,15101,Arica,222,33.5266452720084,219,1,2,0
30006,3,COLEGIO HISPANO,Particular Subvencionado,Urbano,15,151,15101,Arica,153,39.1174822464365,129,6,11,7
30012,8,COLEGIO AMARU ANKU SCHOOL,Particular Subvencionado,Urbano,15,151,15101,Arica,42,37.7330787772234,39,0,3,0
31010,7,LICEO BICENTENARIO CIUDAD DE LOS RIOS VALDIVI,Servicio Local de Educación(SLE),Urbano,14,141,14101,Valdivia,212,36.8594129438423,194,10,5,3
31012,3,INSTITUTO BICENTENARIO DE EXCELENCIA CHILE ASIA PACIFICO,Particular Subvencionado,Urbano,14,141,14101,Valdivia,56,41.9937305569598,29,8,7,12
31016,6,COLEGIO ECOLOGICO SAN FELIPE,Particular Subvencionado,Urbano,14,141,14101,Valdivia,46,40.957486498345,30,8,4,4
31019,0,ESCUELA BASICA Y DE LENGUAJE GLORIA SKILLMANN,Particular Subvencionado,Urbano,14,141,14103,Lanco,27,37.2520008469019,23,1,2,1
31021,2,COLEGIO JUAN PABLO SEGUNDO,Particular Subvencionado,Urbano,14,141,14104,Los Lagos,42,37.2240285914814,40,1,0,1
31030,1,ESCUELA PRE MILITAR HEROES DE LA CONCEPCION,Particular Subvencionado,Urbano,13,131,13109,La Cisterna,229,45.5685665129839,102,22,29,76
31037,9,LICEO INSTITUTO CUMBRE DE CONDORES,Corporación Municipal,Urbano,13,131,13128,Renca,174,39.2651878713584,140,8,16,10
31052,2,COLEGIO VILLA EL SOL,Particular Subvencionado,Urbano,13,136,13603,Isla de Maipo,82,36.5133987052626,76,3,1,2
31054,9,COLEGIO EL LABRADOR,Particular Subvencionado,Urbano,13,134,13402,Buin,29,39.1523852571635,21,0,6,2
31064,6,COLEGIO ALBORADA DE LAMPA,Particular Subvencionado,Urbano,13,133,13302,Lampa,94,46.7823515100554,39,12,9,34
31065,4,LICEO TECNOLOGICO BICENTENARIO ENRIQUE KIRBERG BALTIANSKY,Servicio Local de Educación(SLE),Urbano,13,131,13119,Maipú,230,39.2466171210039,178,16,17,19
31066,2,COLEGIO LOS ROBLES DE LOS LIBERTADORES,Particular Subvencionado,Urbano,13,136,13602,El Monte,88,36.9652006370534,79,7,2,0
31068,9,COLEGIO TERRA MONTE,Particular Subvencionado,Urbano,13,133,13301,Colina,67,43.1460485009322,34,6,12,15
31071,9,LICEO BICENT. PROV.STA. TERESA DE LOS ANDES,Corporación Municipal,Rural,13,133,13301,Colina,364,40.008310574969,277,32,31,24
31074,3,LICEO BICENTENARIO DE NIÑAS DE MAIPU,Servicio Local de Educación(SLE),Urbano,13,131,13119,Maipú,224,39.819807640587,166,14,18,26
31078,6,LICEO BICENTENARIO SAN PEDRO DE PUENTE ALTO,Corporación Municipal,Urbano,13,132,13201,Puente Alto,180,37.3367701134177,153,11,8,8
31080,8,COLEGIO RENACER TP,Particular Subvencionado,Urbano,13,132,13201,Puente Alto,80,41.1268609082148,56,9,4,11
31081,6,ESCUELA  SAN  IGNACIO  DE  BUIN,Particular Subvencionado,Urbano,13,134,13402,Buin,56,37.4516288233891,49,6,1,0
31084,0,COLEGIO ANTAMARO,Particular Subvencionado,Urbano,16,161,16101,Chillán,60,42.44777941604,37,8,6,9
31085,9,COLEGIO EL ARRAYAN,Particular Subvencionado,Urbano,8,81,8108,San Pedro de la Paz,172,36.03701898831,160,8,3,1
31087,5,COLEGIO ALCÁZARES DE ÑUBLE,Particular Subvencionado,Urbano,16,161,16101,Chillán,117,36.4583925967071,106,7,4,0
31090,5,COMPLEJO EDUCACIONAL VALLE DEL ITATA,Particular Subvencionado,Urbano,16,162,16206,Ranquil,57,35.2996320022858,55,1,0,1
31103,2,LICEO BICENTENARIO DE CORONEL,Servicio Local de Educación(SLE),Urbano,8,81,8102,Coronel,168,40.0556527982818,123,12,16,17
31106,5,COLEGIO SAINT JOAN COLLEGE,Particular Subvencionado,Urbano,8,81,8109,Santa Juana,60,34.2444293163136,59,1,0,0
31107,3,COLEGIO ESPERANZA,Particular Subvencionado,Urbano,8,83,8303,Cabrero,57,37.4069112346393,54,1,0,2
31108,1,ESCUELA ESPECIAL DE LENGUAJE Y COLEGIO BÁSICO CUMBRES DEL VALLE COLLEGE,Particular Subvencionado,Urbano,16,161,16107,Quillón,35,32.1298954807366,35,0,0,0
31110,3,COLEGIO FRATERNIDAD,Particular Subvencionado,Urbano,8,81,8108,San Pedro de la Paz,180,37.5518532602527,156,9,9,6
31121,9,COLEGIO DOCTOR OSVALDO QUINTEROS,Particular Subvencionado,Urbano,8,83,8301,Los Ángeles,60,37.7192393905569,51,5,2,2
31130,5,COLEGIO PARTICULAR SUBVENCIONADO TIMONEL-CORONEL,Particular Subvencionado,Urbano,8,81,8102,Coronel,99,35.6523117209311,91,4,2,2
31135,9,ESCUELA ESPECIAL DE LENGUAJE ELUNEY,Particular Subvencionado,Urbano,16,161,16102,Bulnes,33,37.1759098447517,28,2,2,1
31153,7,INSTITUTO CUMBRES DE CONDORES PONIENTE,Corporación Municipal,Urbano,13,131,13128,Renca,76,41.8721860865895,44,9,12,11
31161,8,COLEGIO LOS PENSAMIENTOS,Particular Subvencionado,Urbano,13,131,13111,La Granja,219,38.6262088596374,173,12,17,17
31175,8,BICENTENARIO COLLEGE,Particular Subvencionado,Urbano,13,131,13110,La Florida,69,33.7008261620616,69,0,0,0
31189,8,COLEGIO HOSPITALARIO HOSPITAL MILITAR,Particular Subvencionado,Urbano,13,131,13113,La Reina,96,40.6088668586667,3,0,0,1
31190,1,ESCUELA CUMBRES  DE  NOS,Particular Subvencionado,Urbano,13,134,13401,San Bernardo,110,41.010840858146,75,5,13,17
31194,4,COLEGIO MONTEVERDI,Particular Subvencionado,Urbano,4,41,4101,La Serena,87,35.0319704399291,81,2,2,2
31203,7,COLEGIO DOMINGO SANTA MARIA,Particular Subvencionado,Urbano,4,41,4106,Vicuña,181,39.7503144929352,143,9,15,14
31219,3,COLEGIO VERSALLES,Particular Subvencionado,Urbano,4,41,4101,La Serena,130,39.9996638355338,99,8,12,11
31221,5,COLEGIO RUKALAF,Particular Subvencionado,Urbano,4,41,4101,La Serena,86,42.8766489094236,45,10,17,14
31253,3,COLEGIO ALTO DEL MAIPO,Particular Subvencionado,Urbano,13,136,13603,Isla de Maipo,87,39.0271120724095,69,5,5,8
31260,6,COLEGIO ALTAZOL DEL MAIPO,Particular Subvencionado,Urbano,13,134,13404,Paine,90,37.3693933883568,79,6,3,2
31262,2,ESCUELA PART. SANTA MARIA DE GUADALUPE,Particular Subvencionado,Urbano,13,133,13301,Colina,118,40.7869578003705,81,11,9,17
31264,9,ESCUELA BÁSICA SAN GENNARO,Particular Subvencionado,Urbano,13,134,13404,Paine,72,39.8432709868059,57,4,6,5
31266,5,INSTITUTO PROFESOR HECTOR DUARTE,Particular Subvencionado,Urbano,13,136,13602,El Monte,51,38.5550619728588,41,2,7,1
31274,6,COLEGIO SANTA SOFIA,Particular Subvencionado,Urbano,13,131,13112,La Pintana,85,42.4003992021973,49,9,11,16
31290,8,COLEGIO SAN ANDRES MAIPU EL BOSQUE,Particular Subvencionado,Urbano,13,131,13119,Maipú,76,38.6979468476175,65,6,3,2
31293,2,LICEO NACIONAL BICENTENARIO DE EXCELENCIA,Servicio Local de Educación(SLE),Urbano,13,134,13401,San Bernardo,187,36.942466584241,167,9,7,4
31294,0,LICEO BICENTENARIO MARIA SOLEDAD MELENDEZ MOLINA,Corporación Municipal,Urbano,13,136,13601,Talagante,252,35.9225926595833,238,9,4,1
31295,9,LICEO BICENTENARIO ITALIA,Particular Subvencionado,Urbano,13,131,13101,Santiago,357,39.9532589089424,271,23,21,42
31299,1,LICEO BICENTENARIO DE EXCELENCIA FRANCISCO BILBAO BARQUIN DE QUILICURA,Servicio Local de Educación(SLE),Urbano,13,131,13125,Quilicura,160,39.8854101747271,120,15,17,8
31302,5,COLEGIO LOS PINOS,Particular Subvencionado,Urbano,13,134,13401,San Bernardo,74,39.6047430252627,57,12,2,3
31327,0,COLEGIO ALICANTE DEL VALLE,Particular Subvencionado,Urbano,13,132,13201,Puente Alto,438,39.066257223771,362,26,36,14
31332,7,COLEGIO CORAZONES DE JESUS,Particular Subvencionado,Urbano,13,131,13116,Lo Espejo,48,38.4227343471895,42,1,2,3
31337,8,ESCUELA  BASICA  ALTAS  CUMBRES,Particular Subvencionado,Urbano,13,132,13201,Puente Alto,34,44.837363698426,15,7,3,9
31338,2,AULA HOSPITALARIA SAN ANTONIO,Particular Subvencionado,Urbano,2,21,2101,Antofagasta,45,37.6017739215967,37,3,0,5
31339,0,AULA HOSPITALARIA SAN CARLOS,Particular Subvencionado,Urbano,2,22,2201,Calama,96,40.048649453659,15,1,0,2
31340,4,NETLAND SCHOOL,Particular Subvencionado,Urbano,2,21,2101,Antofagasta,315,34.5886129415307,300,4,5,6
31342,0,COLEGIO SANTO TOMÁS DE ANTOFAGASTA,Particular Subvencionado,Urbano,2,21,2101,Antofagasta,142,38.4785170735268,121,7,6,8
31343,9,LICEO CIENTIFICO HUMANISTA LA CHIMBA,Corporación Municipal,Urbano,2,21,2101,Antofagasta,176,43.6560666521307,101,14,23,38
31378,5,ESCUELA BÁSICA PALMARES ORIENTE,Particular Subvencionado,Urbano,13,131,13125,Quilicura,266,39.3753250860592,206,21,17,22
31379,3,COLEGIO PALMARES VALLE LOS CÓNDORES,Particular Subvencionado,Urbano,13,134,13401,San Bernardo,175,35.4450062387573,170,2,1,2
31394,7,NUEVA ALBORADA,Particular Subvencionado,Urbano,13,131,13104,Conchalí,37,35.6101689194797,35,1,0,1
31407,2,ESCUELA HOSPITALARIA EL CARMEN DE MAIPU,Particular Subvencionado,Urbano,13,131,13119,Maipú,22,37.3218058792172,18,1,1,2
31409,9,ESCUELA BASICA HUACALEMU,Municipal DAEM,Rural,16,162,16205,Portezuelo,96,34.7981562695371,7,0,0,0
31421,8,COLEGIO TERRA ANDINA,Particular Subvencionado,Urbano,13,132,13201,Puente Alto,87,38.9006486793907,73,5,6,3
31425,0,COLEGIO SAN JOSÉ,Particular Subvencionado,Urbano,13,136,13601,Talagante,44,44.4956041639551,15,7,8,14
31430,7,ESCUELA BASICA LAS ESPIGAS N° 2404,Particular Subvencionado,Urbano,13,131,13116,Lo Espejo,96,37.1778918571272,13,0,0,1
31432,3,LICEO ALTO CORDILLERA DE LA FLORIDA,Corporación Municipal,Urbano,13,131,13110,La Florida,76,41.0776904763096,52,9,3,12
31438,2,COLEGIO AULA CLINICA SANTA MARIA,Particular Subvencionado,Urbano,13,131,13123,Providencia,96,32.3134252778319,18,0,0,0
31466,8,AULA HOSPITALARIA COPIAPÓ,Particular Subvencionado,Urbano,3,31,3101,Copiapó,96,42.5065274857575,6,0,0,3
31494,3,"COL HOSP. CONSTRUYENDO SUEÑOS, CLINICA DAVILA",Particular Subvencionado,Urbano,13,131,13127,Recoleta,96,38.0533534942437,3,1,0,1
31495,1,COLEGIO LOS PENSAMIENTOS DE SAN BERNARDO,Particular Subvencionado,Urbano,13,134,13401,San Bernardo,88,38.5323277396105,70,8,7,3
31500,1,ESC. BASICA Nº230 EL SEMBRADOR CASAS VIEJAS,Particular Subvencionado,Urbano,13,132,13201,Puente Alto,52,39.2455661449109,41,2,4,5
31506,0,ESCUELA BASICA  PETRA  COLLEGE,Particular Subvencionado,Urbano,13,136,13603,Isla de Maipo,59,39.4254959225442,44,5,7,3
31509,5,ESCUELA PREMILITAR  GENERAL BERNARDO OHIGGINS RIQUELME,Particular Subvencionado,Urbano,13,136,13605,Peñaflor,96,37.9363266326721,11,1,1,0
32060,9,ESCUELA HOSPITALARIA CLÍNICA RED SALUD SANTIAGO,Particular Subvencionado,Urbano,13,131,13106,Estación Central,96,41.9385940880731,6,2,1,3
32140,0,ESCUELA BÁSICA Nº 211 INCLUSIVA SANTA MARIA,Particular Subvencionado,Urbano,13,135,13503,Curacaví,41,38.2629877565142,38,1,0,2
40006,8,COLEGIO LEONARDO DA VINCI,Particular Subvencionado,Urbano,6,61,6101,Rancagua,257,36.8224444795134,230,7,6,14
40014,9,COLEGIO ANTU-LEMU,Particular Subvencionado,Urbano,5,58,5801,Quilpué,96,36.1010005957242,6,0,0,0
40017,3,COLEGIO INFANTES DE LIMACHE,Particular Subvencionado,Urbano,5,58,5802,Limache,38,37.1589826112808,32,3,1,2
40025,4,LICEO REQUINOA,Municipal DAEM,Urbano,6,61,6116,Requínoa,86,42.2009439787017,52,10,9,15
40027,0,COLEGIO PASIONISTAS DE QUILPUE,Particular Subvencionado,Urbano,5,58,5801,Quilpué,73,32.1953278834032,73,0,0,0
40033,5,COLEGIO DOMINGO FAUSTINO SARMIENTO,Particular Subvencionado,Urbano,4,41,4102,Coquimbo,79,39.7934347915045,61,6,6,6
40038,6,COLEGIO WHIPPLE SCHOOL ORIENTE,Particular Subvencionado,Urbano,6,61,6101,Rancagua,86,37.0033939509733,76,3,3,4
40042,4,COLEGIO CASTILLA Y ARAGON,Particular Subvencionado,Urbano,5,51,5109,Viña del Mar,114,37.9143619444649,98,9,4,3
40047,5,COLEGIO SANTO TOMAS DE LAS ACACIAS,Particular Subvencionado,Urbano,5,56,5601,San Antonio,34,38.3792154464199,28,1,4,1
40054,8,ESCUELA SANTA LAURA,Particular Subvencionado,Urbano,1,11,1107,Alto Hospicio,92,44.7561952716844,53,7,11,21
40064,5,COLEGIO ALTA CORDILLERA,Particular Subvencionado,Urbano,4,41,4102,Coquimbo,89,36.286462956273,87,1,0,1
40065,3,COLEGIO ERNESTO VILLARROEL TEN,Particular Subvencionado,Urbano,5,58,5804,Villa Alemana,23,40.7528332140663,15,1,2,5
40073,4,COLEGIO MONTE SION,Particular Subvencionado,Urbano,1,11,1107,Alto Hospicio,74,43.9916460447184,37,6,15,16
40078,5,ESCUELA CARDENAL RAUL SILVA HENRIQUEZ,Municipal DAEM,Rural,6,62,6203,Litueche,169,36.8639285032256,156,5,3,5
40095,5,ESCUELA RAYEN PAINE,Particular Subvencionado,Rural,9,91,9112,Padre Las Casas,96,34.5792370190368,5,0,0,0
40101,3,COLEGIO NUESTRA ESPERANZA,Particular Subvencionado,Urbano,6,61,6110,Mostazal,104,36.9898174261763,97,3,3,1
40102,1,LICEO TECNOLOGICO COÑARIPE,Particular Subvencionado,Rural,14,141,14108,Panguipulli,40,35.0809351756116,39,0,0,1
40110,2,COLEGIO SAINT MATTHEW,Particular Subvencionado,Urbano,9,91,9120,Villarrica,116,37.4053403655996,110,1,1,4
40114,5,LICEO ORIENTE,Municipal DAEM,Urbano,6,61,6115,Rengo,296,39.0361479506102,242,18,20,16
40146,3,COLEGIO SAN RAMON,Particular Subvencionado,Rural,6,61,6101,Rancagua,32,43.8829316313152,20,0,4,8
40155,2,COLEGIO DIEGO VELÁZQUEZ,Particular Subvencionado,Urbano,5,51,5109,Viña del Mar,135,40.6171076269769,91,15,8,21
40171,4,ENGLISH COLLEGE SAGRADO CORAZON DE MARIA,Particular Subvencionado,Urbano,5,56,5601,San Antonio,30,36.0068565485352,26,1,2,1
40184,6,COLEGIO ESTACIÓN,Particular Subvencionado,Urbano,3,31,3101,Copiapó,108,34.0612685396233,108,0,0,0
40189,7,COLEGIO CABO ALTO,Particular Subvencionado,Urbano,4,41,4102,Coquimbo,46,41.4472712979654,31,3,4,8
40194,3,COLEGIO DOMINGO SANTA MARIA,Particular Subvencionado,Urbano,4,41,4101,La Serena,177,39.2871533946333,126,20,12,19
40208,7,COLEGIO TECNICO PROFESIONAL ALTUE,Particular Subvencionado,Urbano,4,41,4102,Coquimbo,78,43.0565949480244,45,4,12,17
40230,3,COLEGIO TECNOLOGICO DON BOSCO DE ARICA,Particular Subvencionado,Urbano,15,151,15101,Arica,127,40.0219192343905,102,9,5,11
40231,1,COLEGIO CORDILLERA,Particular Subvencionado,Urbano,4,41,4101,La Serena,72,37.8628421801282,62,2,4,4
40241,9,COLEGIO SAN JOSE,Particular Subvencionado,Urbano,6,61,6108,Machalí,46,42.2515729249268,26,6,7,7
40242,7,COLEGIO BICENTENARIO,Municipal DAEM,Urbano,5,54,5402,Cabildo,60,36.4598937886652,52,3,1,4
40251,6,LICEO SAN JUAN XXIII,Particular Subvencionado,Urbano,5,58,5804,Villa Alemana,241,34.9456395535459,234,3,2,2
40256,7,COLEGIO TECNICO NACIONES UNIDAS,Particular Subvencionado,Urbano,10,101,10101,Puerto Montt,180,42.6711528696544,97,20,25,38
40257,5,COLEGIO PILLANLIKAN,Particular Subvencionado,Urbano,10,101,10101,Puerto Montt,54,40.3815394631884,43,6,0,5
40284,2,COLEGIO ANDALUE,Particular Subvencionado,Urbano,10,103,10301,Osorno,68,36.2688031223198,65,2,1,0
40285,0,COLEGIO PARTICULAR DA VINCI SCHOOL,Particular Subvencionado,Urbano,10,101,10101,Puerto Montt,66,34.8923719599542,63,1,2,0
40288,5,COLEGIO SAN FRANCISCO DE ASIS DE OSORNO,Particular Subvencionado,Urbano,10,103,10301,Osorno,32,40.8014531252264,22,2,0,8
40289,3,INSTITUTO BICENTENARIO J.MIGUEL CARRERA,Municipal DAEM,Urbano,5,56,5601,San Antonio,211,37.6537478993105,181,6,13,11
40291,5,ESCUELA ESPECIAL DE LENGUAJE Y COLEGIO BASICO ELUM KIMU,Particular Subvencionado,Urbano,5,56,5601,San Antonio,37,37.9321848630226,30,2,2,3
40295,8,COLEGIO MAHATMA GANDHI,Particular Subvencionado,Urbano,1,11,1101,Iquique,159,39.0372753874097,122,10,12,15
40296,6,RAICES DE QUELLON,Particular Subvencionado,Rural,10,102,10208,Quellón,51,40.0678808446166,40,2,4,5
40298,2,COLEGIO BERNARDO O´HIGGINS,Particular Subvencionado,Urbano,4,41,4101,La Serena,278,44.7415025327042,121,31,39,87
40299,0,COLEGIO ROBLES,Particular Subvencionado,Urbano,5,58,5804,Villa Alemana,57,37.2346494319539,54,2,0,1
40305,9,COLEGIO JUAN PABLO II,Particular Subvencionado,Urbano,5,55,5506,Nogales,84,38.63207917225,67,3,7,7
40310,5,COLEGIO PUCARA,Particular Subvencionado,Urbano,6,61,6106,Graneros,137,35.5828871967169,135,0,0,2
40316,4,COLEGIO PULMAHUE,Particular Subvencionado,Urbano,10,101,10101,Puerto Montt,79,36.2202599611073,77,1,0,1
40319,9,COLEGIO PART. SUB. CUMBRES DEL CHOAPA,Particular Subvencionado,Urbano,4,42,4204,Salamanca,153,35.0906631030261,146,4,3,0
40320,2,COLEGIO ACADEMIA TARAPACA ORELLA,Particular Subvencionado,Urbano,1,11,1101,Iquique,243,34.0044738172117,234,1,3,5
40329,6,COLEGIO ROBERTO BRAVO,Particular Subvencionado,Urbano,5,51,5101,Valparaíso,77,38.5496179564782,64,5,2,6
40331,8,COLEGIO SAN FRANCISCO DE VALLE HERMOSO,Particular Subvencionado,Urbano,5,54,5401,La Ligua,29,36.3078451236908,28,1,0,0
40334,2,AULA HOSPITALARIA AYUUKELEN EPU,Particular Subvencionado,Urbano,4,43,4301,Ovalle,96,33.2174549097236,6,0,0,0
40335,0,AULA HOSPITALARIA AYUUKELEN,Particular Subvencionado,Urbano,4,41,4101,La Serena,23,40.9369289971821,17,0,1,5
40343,1,COLEGIO CREACION LA ARAUCANA PUERTO MONTT,Particular Subvencionado,Urbano,10,101,10101,Puerto Montt,151,36.4171539335291,142,2,3,4
40351,2,COLEGIO BOSQUEMAR,Particular Subvencionado,Urbano,10,101,10101,Puerto Montt,160,37.4236362844645,135,13,6,6
40370,9,COLEGIO PUKALAN DE ALGARROBO,Particular Subvencionado,Urbano,5,56,5602,Algarrobo,75,34.9178039229088,73,1,0,1
40371,7,COLEGIO SAN CARLOS DE LAS CABRAS,Particular Subvencionado,Urbano,6,61,6107,Las Cabras,88,38.1340886737518,71,6,8,3
40383,0,ESCUELA BASICA MIL PAISAJES-QUEMCHI,Servicio Local de Educación(SLE),Urbano,10,102,10209,Quemchi,57,31.783065484043,57,0,0,0
40390,3,ESCUELA HOSPITALARIA ALIANZA,Particular Subvencionado,Urbano,10,103,10301,Osorno,96,43.5898357178479,7,0,1,4
40395,4,COLEGIO JOHN WALL HOLCOMB,Particular Subvencionado,Urbano,15,151,15101,Arica,136,38.4309803228226,113,9,6,8
40399,7,COLEGIO NAZARET,Particular Subvencionado,Urbano,1,11,1107,Alto Hospicio,171,43.3506466671632,112,11,14,34
40403,9,GREEN PARK SCHOOL,Particular Subvencionado,Urbano,10,103,10301,Osorno,46,37.9840027098395,39,2,3,2
40409,8,COLEGIO INTERCULTURAL LEONARDO DA VINCI,Particular Subvencionado,Urbano,5,51,5102,Casablanca,39,35.8375101279557,36,2,1,0
40422,5,COLEGIO NIRVANA,Particular Subvencionado,Urbano,1,11,1107,Alto Hospicio,177,41.9219615537953,109,23,26,19
40423,3,COLEGIO SAN JUAN,Particular Subvencionado,Urbano,10,102,10202,Ancud,39,32.5408314475261,39,0,0,0
40424,1,CENTRO EDUCACIONAL RAICES DE MI TIERRA,Particular Subvencionado,Urbano,10,102,10205,Dalcahue,47,38.4847564711031,39,4,2,2
40436,5,COLEGIO BETHEL,Particular Subvencionado,Urbano,5,58,5801,Quilpué,33,44.1453245906299,19,4,0,10
40459,4,CENTRO EDUCACIONAL ALBORADA,Particular Subvencionado,Urbano,10,102,10202,Ancud,50,36.5307799866077,47,2,0,1
41063,2,AULA HOSPITALARIA DE ARICA,Particular Subvencionado,Urbano,15,151,15101,Arica,33,42.5947492045425,24,1,1,7
41124,8,COLEGIO PARTICULAR SUBVENCIONADO EDUARDO GALEANO,Particular Subvencionado,Urbano,7,71,7101,Talca,94,38.8208395860392,82,5,4,3
41349,6,AULA HOSPITALARIA HOSPITAL RANCAGUA,Particular Subvencionado,Urbano,6,61,6101,Rancagua,96,39.9125321724,12,1,1,2
41417,4,ESCUELA HOSPITALARIA DE ANGOL,Particular Subvencionado,Urbano,9,92,9201,Angol,96,36.8930765557635,3,1,0,0
41418,2,ESCUELA HOSPITALARIA DE VICTORIA,Particular Subvencionado,Urbano,9,92,9211,Victoria,96,39.8457314793071,4,0,0,1
41617,7,COLEGIO SAN FRANCISCO TECNICO PROFESIONAL,Corporación Municipal,Urbano,13,131,13114,Las Condes,153,34.8110895413005,141,2,4,6
41649,5,ESCUELA HOSPITALARIA DE GALVARINO,Particular Subvencionado,Urbano,9,91,9106,Galvarino,96,40.8609867837664,11,0,1,4
41654,1,AULA HOSPITALARIA HOSPITAL CLÍNICO MAGALLANES,Particular Subvencionado,Urbano,12,121,12101,Punta Arenas,96,33.7064967314399,8,0,0,1
41695,9,ESCUELA HOSPITALARIA. JUNTOS FORJANDO EL MAÑANA,Servicio Local de Educación(SLE),Urbano,11,112,11201,Aysén,96,40.5912014683419,3,1,0,0
41764,5,AULA HOSPITALARIA DOMICILIARIA MEJILLONES,Municipal DAEM,Urbano,2,21,2102,Mejillones,96,74.6808962370279,0,0,0,1
41800,5,ESCUELA AULA HOSPITALARIA CURICO,Municipal DAEM,Urbano,7,73,7301,Curicó,96,39.1767174808513,3,0,0,0
41888,9,ESCUELA HOSPITALARIA CHILOE,Particular Subvencionado,Rural,10,102,10201,Castro,96,38.1417351092082,12,0,0,1
41899,4,COLEGIO SAN JORGE,Particular Subvencionado,Urbano,8,83,8304,Laja,85,36.075524467111,78,3,3,1
41916,8,ESCUELA HOSPITALARIA PROVINCIA SAN ANTONIO,Particular Subvencionado,Urbano,5,56,5601,San Antonio,96,34.8725245298553,7,0,1,0
41917,6,ESCUELA HOSPITALARIA SAN FRANCISCO,Particular Subvencionado,Urbano,5,57,5703,Llayllay,96,44.4644335465699,0,1,0,0
41947,8,ESCUELA HOSPITALARIA SAN CAMILO,Particular Subvencionado,Urbano,5,57,5701,San Felipe,96,42.8254437934814,9,2,2,2
41955,9,ESCUELA HOSPITALARIA LOS ÁNGELES,Particular Subvencionado,Urbano,8,83,8301,Los Ángeles,96,36.0472960725924,11,0,0,1
42018,2,ESCUELA HOSPITALARIA PROVINCIAL DE TALAGANTE,Particular Subvencionado,Urbano,13,136,13601,Talagante,96,41.0902508153973,5,1,0,1
42019,0,ESCUELA HOSPITALARIA SAN JOSE DE MELIPILLA,Particular Subvencionado,Urbano,13,135,13501,Melipilla,96,37.9690266848198,12,1,0,2
42029,8,COLEGIO CANEC HOSPITAL DE QUILLOTA,Particular Subvencionado,Urbano,5,55,5501,Quillota,96,43.2754175087927,2,0,0,2
42042,5,ESCUELA HOSPITALARIA PUTAENDO,Particular Subvencionado,Urbano,5,57,5705,Putaendo,96,43.3124209607925,5,0,0,1
42061,1,ESCUELA HOSPITALARIA QUELLÓN,Particular Subvencionado,Urbano,10,102,10208,Quellón,96,39.9852062158379,6,0,0,1
42081,6,ESCUELA HOSPITALARIA SANTA CRUZ,Particular Subvencionado,Urbano,6,63,6310,Santa Cruz,96,42.671945867071,6,1,0,2
42090,5,ESCUELA HOSPITALARIA CLUB DE LEONES,Particular Subvencionado,Urbano,11,111,11101,Coyhaique,96,57.9941278743239,1,1,0,4
42105,7,COLEGIO HOSPITALARIO ABRAZOSONRISAS-HOSPITAL DE CURACAVI,Particular Subvencionado,Urbano,13,135,13503,Curacaví,96,36.9465491087973,9,0,0,0
42107,3,ESCUELA HOSPITALARIA UNIVERSIDAD DEL BIO-BIO,Particular Subvencionado,Urbano,16,161,16101,Chillán,96,43.2550814073336,1,0,0,1
42130,8,ESCUELA HOSPITALARIA PROVINCIA CORDILLERA PUENTE ALTO,Particular Subvencionado,Urbano,13,132,13201,Puente Alto,96,39.0309116631476,10,0,2,0
42254,1,ESCUELA HOSPITALARIA DE LONCOCHE,Particular Subvencionado,Urbano,9,91,9109,Loncoche,96,31.0755166190976,2,0,0,0
42256,8,ESCUELA HOSPITALARIA DE LONQUIMAY,Particular Subvencionado,Urbano,9,92,9205,Lonquimay,96,31.147847303294,1,0,0,0
