ID_RBD,DV_RBD,DS_NOM_ESTABLE,DS_TIPO_DEPENDENCIA,DS_RURALIDAD,ID_REGION_ESTABLE,ID_PROVINCIA_ESTABLE,ID_COMUNA_ESTABLE,DS_COMUNA_ESTABLE,N EVALUADO,IVM Establecimiento,IVM Bajo,IVM Medio,IVM Alto,IVM Muy Alto
1,9,LICEO POLITECNICO ARICA,Servicio Local de Educación(SLE),Urbano,15,151,15101,Arica,674,27.5306642187937,165,40,62,407
4,3,LICEO OCTAVIO PALMA PEREZ,Servicio Local de Educación(SLE),Urbano,15,151,15101,Arica,1224,14.893692277312,979,65,48,132
5,1,JOVINA NARANJO FERNANDEZ,Servicio Local de Educación(SLE),Urbano,15,151,15101,Arica,482,19.4065005772851,270,49,39,124
7,8,L. POLI. BICENTENARIO DE EXCELENCIA ANTONIO VARAS DE LA BARRA,Servicio Local de Educación(SLE),Urbano,15,151,15101,Arica,1114,24.0988773229784,442,77,73,522
8,6,COLEGIO INTEGRADO EDUARDO FREI MONTALVA,Servicio Local de Educación(SLE),Urbano,15,151,15101,Arica,404,23.4621117867178,168,27,25,184
15,9,LICEO BICENTENARIO ARTISTICO DR. JUAN NOE CREVANI,Servicio Local de Educación(SLE),Urbano,15,151,15101,Arica,131,18.6679349903151,67,20,14,30
25,6,COLEGIO CENTENARIO DE ARICA,Servicio Local de Educación(SLE),Urbano,15,151,15101,Arica,262,23.6336527449692,105,19,19,119
32,9,LICEO AGRICOLA JOSE ABELARDO NUNEZ M.,Servicio Local de Educación(SLE),Rural,15,151,15101,Arica,231,25.9848626849117,83,13,16,119
45,0,COLEGIO ITALIANO SANTA ANA,Particular Subvencionado,Urbano,15,151,15101,Arica,286,17.6223758109327,185,18,24,59
50,7,COLEGIO ADVENTISTA DE ARICA,Particular Subvencionado,Urbano,15,151,15101,Arica,177,15.5721829337253,131,12,10,24
52,3,LICEO BICENTENARIO DOMINGO SANTA MARIA,Particular Subvencionado,Urbano,15,151,15101,Arica,1813,21.6527001502643,908,131,114,660
56,6,COLEGIO SAN MARCOS DE ARICA,Particular Subvencionado,Urbano,15,151,15101,Arica,317,15.1659374393692,251,30,21,15
60,4,COLEGIO ALEMAN DE ARICA,Particular Subvencionado,Urbano,15,151,15101,Arica,303,18.7005491065791,168,34,28,73
67,1,ABRAHAM LINCOLN SCHOOL,Particular Subvencionado,Urbano,15,151,15101,Arica,235,14.3038179859151,206,16,8,5
72,8,LICEO VALLE DE CODPA,Servicio Local de Educación(SLE),Rural,15,151,15102,Camarones,32,31.243589756341,6,0,0,26
78,7,LICEO GRANADEROS,Servicio Local de Educación(SLE),Rural,15,152,15201,Putre,76,25.7942896610801,33,1,1,41
97,3,INST. COM. DE IQUIQUE BALDOMERO WOLNITZKY,Servicio Local de Educación(SLE),Urbano,1,11,1101,Iquique,673,31.433432737039,133,35,36,469
103,1,ESC.EDUC.GRAL.BAS.Y DES.ART.VIOLETA PARRA,Servicio Local de Educación(SLE),Urbano,1,11,1101,Iquique,195,22.0519531658695,82,22,20,71
106,6,INSTITUTO DEL MAR ALMIRANTE CARLOS CONDEL,Administración Delegada (C. P. 3166),Urbano,1,11,1101,Iquique,586,30.0211254166109,104,44,36,402
107,4,LICEO LIBERT. GRAL.BERNARDO O´HIGGINS,Servicio Local de Educación(SLE),Urbano,1,11,1101,Iquique,581,32.5210728133788,104,27,19,431
108,2,LICEO POLITEC. JOSE GUTIERREZ DE LA FUEN,Servicio Local de Educación(SLE),Urbano,1,11,1101,Iquique,788,32.8696995062394,133,47,32,576
109,0,COLEGIO DEPORTIVO TEC. PROF. ELENA DUVAUCHELLE CABEZON,Servicio Local de Educación(SLE),Urbano,1,11,1101,Iquique,546,32.2896936090478,78,20,34,414
110,4,LICEO BICENTENARIO DOMINGO SANTA MARIA DE IQQ.,Servicio Local de Educación(SLE),Urbano,1,11,1101,Iquique,285,26.0109225356762,90,15,26,154
124,4,LICEO LUIS CRUZ MARTINEZ,Servicio Local de Educación(SLE),Urbano,1,11,1101,Iquique,1206,26.8292561632816,348,90,80,688
125,2,ESCUELA PROFESOR MANUEL CASTRO RAMOS,Servicio Local de Educación(SLE),Urbano,1,11,1101,Iquique,345,28.3220102559358,86,25,16,218
127,9,LICEO MARIA AUXILIADORA,Particular Subvencionado,Urbano,1,11,1101,Iquique,295,16.2325902439905,213,30,11,41
129,5,LICEO SUPERIOR GABRIELA MISTRAL,Particular Subvencionado,Urbano,1,11,1101,Iquique,122,30.3183148535218,25,4,10,83
130,9,COLEGIO NORTH COLLEGE,Particular Subvencionado,Urbano,1,11,1101,Iquique,115,18.6278249239103,64,12,11,28
131,7,COLEGIO ESCASCE,Particular Subvencionado,Urbano,1,11,1101,Iquique,126,24.9588528686431,42,7,13,64
132,5,COLEGIO BAJO MOLLE,Particular Subvencionado,Urbano,1,11,1101,Iquique,680,15.2828977507905,516,49,47,68
133,3,COLEGIO ADVENTISTA DE IQUIQUE,Particular Subvencionado,Urbano,1,11,1101,Iquique,284,21.0941665270038,125,25,27,107
134,1,LICEO ATENEA,Particular Subvencionado,Urbano,1,11,1101,Iquique,118,22.2579993606166,54,7,9,48
144,9,COLEGIO IQUIQUE YOUNG SCHOOL,Particular Subvencionado,Urbano,1,11,1101,Iquique,146,21.8452109467071,68,13,16,49
161,9,LICEO DE HUARA,Municipal DAEM,Rural,1,14,1404,Huara,129,20.0976339322024,74,6,7,42
178,3,LICEO TECNICO PROFESIONAL COLCHANE,Municipal DAEM,Rural,1,14,1403,Colchane,74,27.6487854181946,23,3,1,47
191,0,LIC. ALCDE.SERGIO GONZALEZ GUTIERREZ,Corporación Municipal,Rural,1,14,1401,Pozo Almonte,946,22.6764084241653,460,65,47,374
199,6,LICEO DOMINGO LATRILLE LASTAUNOU,Servicio Local de Educación(SLE),Urbano,2,23,2301,Tocopilla,495,21.356690212926,259,27,36,173
200,3,LICEO POLITÉCNICO BICENTENARIO DE EXCELENCIA DIEGO PORTALES PALAZUELOS,Servicio Local de Educación(SLE),Urbano,2,23,2301,Tocopilla,723,23.4034558457795,248,84,80,311
208,9,COLEGIO BICENTENARIO SAGRADA FAMILIA,Particular Subvencionado,Urbano,2,23,2301,Tocopilla,485,17.1054369704789,334,40,38,73
211,9,LICEO H.C. T.P. MARIA ELENA,Servicio Local de Educación(SLE),Urbano,2,23,2302,María Elena,316,20.6592071721335,174,31,15,96
217,8,LICEO BICENTENARIO LUIS CRUZ MARTINEZ,Servicio Local de Educación(SLE),Urbano,2,22,2201,Calama,1056,19.984119815523,577,108,86,285
218,6,LICEO FRANCISCO DE AGUIRRE,Servicio Local de Educación(SLE),Urbano,2,22,2201,Calama,507,27.5714802460788,168,25,19,295
219,4,LICEO BICENTENARIO POLITECNICO CESAREO AGUIRRE GOYENECHEA,Servicio Local de Educación(SLE),Urbano,2,22,2201,Calama,1099,25.8298734515577,432,64,62,541
220,8,LICEO MINERO AMÉRICA,Servicio Local de Educación(SLE),Urbano,2,22,2201,Calama,1038,25.3681659982686,345,96,65,532
253,4,COLEGIO ADVENTISTA DE CALAMA,Particular Subvencionado,Urbano,2,22,2201,Calama,336,18.0308922732135,205,22,27,82
254,2,FUNDACION EDUCACIONAL COLEGIO NUESTRA SEÑORA DE AYQUINA,Particular Subvencionado,Urbano,2,22,2201,Calama,227,23.1708730321756,105,15,21,86
255,0,COLEGIO EJERCITO DE SALVACION,Particular Subvencionado,Urbano,2,22,2201,Calama,330,20.4382178281788,189,29,22,90
256,9,INSTITUTO OBISPO SILVA LEZAETA,Particular Subvencionado,Urbano,2,22,2201,Calama,622,17.7294974349817,381,58,59,124
268,2,ESC. BASICA RURAL SAN ANTONIO DE PADUA,Servicio Local de Educación(SLE),Rural,2,22,2202,Ollagüe,349,16.8695906443597,5,1,0,1
270,4,COMPLEJO EDUCACIONAL TOCONAO,Servicio Local de Educación(SLE),Rural,2,22,2203,San Pedro de Atacama,99,19.3230425918281,66,7,3,23
279,8,LICEO INDUSTRIAL EULOGIO GORDO MONEO,Corporación Municipal,Urbano,2,21,2101,Antofagasta,1739,27.9713060263929,425,127,123,1064
280,1,LICEO COMERCIAL JERARDO MUNOZ CAMPOS,Corporación Municipal,Urbano,2,21,2101,Antofagasta,1784,30.785994094915,388,78,87,1231
283,6,LICEO TECNICO ANTOFAGASTA,Corporación Municipal,Urbano,2,21,2101,Antofagasta,1048,24.2950074794844,401,73,70,504
284,4,LICEO DE HOMBRES DE ANTOFAGASTA MARIO BAHAMONDE SILVA,Corporación Municipal,Urbano,2,21,2101,Antofagasta,748,36.7076792585226,66,13,12,657
285,2,LICEO BICENTENARIO MARTA NAREA DIAZ,Corporación Municipal,Urbano,2,21,2101,Antofagasta,476,28.9952328151728,136,20,17,303
286,0,LICEO LA PORTADA,Corporación Municipal,Urbano,2,21,2101,Antofagasta,861,27.503903641748,248,68,54,491
287,9,LICEO DOMINGO HERRERA RIVERA,Corporación Municipal,Urbano,2,21,2101,Antofagasta,956,23.3766319728235,380,92,72,412
304,2,LICEO BICENTENARIO ANDRÉS SABELLA,Corporación Municipal,Urbano,2,21,2101,Antofagasta,488,18.5004447293021,288,38,25,137
320,4,LICEO ARTISTICO DE ANTOFAGASTA `ARMANDO CARRERA GONZALEZ`,Corporación Municipal,Urbano,2,21,2101,Antofagasta,284,24.9937863656728,106,16,13,149
329,8,LICEO BICENTENARIO INSTITUTO JOSÉ MAZA SANCHO,Corporación Municipal,Urbano,2,21,2101,Antofagasta,249,20.5485271324411,130,22,15,82
335,2,COLEGIO MISIONERO JOSE LANCASTER,Particular Subvencionado,Urbano,2,21,2101,Antofagasta,187,26.4307269827048,60,13,12,102
336,0,LICEO EXPERIMENTAL ARTISTICO-APLICACION,Particular Subvencionado,Urbano,2,21,2101,Antofagasta,491,18.1334817227981,286,49,43,113
337,9,COLEGIO SANTA TERESITA,Particular Subvencionado,Urbano,2,21,2101,Antofagasta,314,17.8175846068567,186,32,35,61
341,7,COLEGIO ADVENTISTA DE ANTOFAGASTA,Particular Subvencionado,Urbano,2,21,2101,Antofagasta,338,20.0130966979263,161,31,29,117
342,5,COLEGIO INGLES SAN JOSE,Particular Subvencionado,Urbano,2,21,2101,Antofagasta,351,17.911082350091,207,50,30,64
344,1,COLEGIO SANTA EMILIA,Particular Subvencionado,Urbano,2,21,2101,Antofagasta,290,17.8409129046436,176,33,26,55
350,6,COLEGIO LIDIA MORENO,Particular Subvencionado,Urbano,2,21,2101,Antofagasta,297,18.9651077171146,154,45,26,72
356,5,COLEGIO CORAZON DE MARIA,Particular Subvencionado,Urbano,2,21,2101,Antofagasta,321,16.5218487171507,218,38,28,37
365,4,COLEGIO EAGLE SCHOOL,Particular Subvencionado,Urbano,2,21,2101,Antofagasta,317,17.8319405254476,186,38,40,53
367,0,COMPLEJO EDUCATIVO JUAN JOSE LATORRE BENAVENT,Municipal DAEM,Urbano,2,21,2102,Mejillones,905,26.4435934301592,329,52,42,482
371,9,COMPLEJO EDUCATIVO CARACOLES,Municipal DAEM,Urbano,2,21,2103,Sierra Gorda,51,27.2839600160378,14,1,5,31
372,7,LICEO POLITECNICO JOSE MIGUEL QUIROZ,Municipal DAEM,Urbano,2,21,2104,Taltal,433,17.4541481296288,278,24,40,91
373,5,LICEO JUAN CORTES-MONROY CORTES,Municipal DAEM,Urbano,2,21,2104,Taltal,408,16.5812670107947,296,20,22,70
379,4,LICEO FEDERICO VARELA,Servicio Local de Educación(SLE),Urbano,3,32,3201,Chañaral,730,21.9764496488378,301,65,64,300
384,0,LICEO BICENTENARIO  MANUEL MAGALHAES MEDLING,Servicio Local de Educación(SLE),Urbano,3,32,3202,Diego de Almagro,542,19.1430714255897,292,41,46,163
392,1,LICEO DIEGO DE ALMEIDA,Particular Subvencionado,Urbano,3,32,3202,Diego de Almagro,349,18.9051584736049,195,30,28,96
396,4,INSTITUTO COMERCIAL ALEJANDRO RIVERA DÍAZ,Servicio Local de Educación(SLE),Urbano,3,31,3101,Copiapó,814,23.6852880552012,300,81,68,365
399,9,LICEO JOSÉ ANTONIO CARVAJAL,Servicio Local de Educación(SLE),Urbano,3,31,3101,Copiapó,1057,28.8907883210133,223,76,76,682
400,6,LICEO BICENTENARIO MERCEDES FRITIS MACKENNEY,Servicio Local de Educación(SLE),Urbano,3,31,3101,Copiapó,658,18.9972515527712,360,81,53,164
415,4,LICEO DE MÚSICA DE COPIAPÓ HUGO GARRIDO GAETE,Servicio Local de Educación(SLE),Urbano,3,31,3101,Copiapó,299,18.2537702253887,154,52,34,59
420,0,LICEO FERNANDO ARIZTÍA RUIZ,Servicio Local de Educación(SLE),Urbano,3,31,3101,Copiapó,559,26.1508935336753,137,57,50,315
429,4,LICEO CATÓLICO ATACAMA,Particular Subvencionado,Urbano,3,31,3101,Copiapó,634,16.9681381688617,388,80,54,112
430,8,LICEO POLITÉCNICO BELÉN,Particular Subvencionado,Urbano,3,31,3101,Copiapó,309,21.4963504568946,156,22,20,111
431,6,LICEO SAGRADO CORAZÓN,Particular Subvencionado,Urbano,3,31,3101,Copiapó,253,20.2731894333583,125,29,17,82
433,2,COLEGIO ADVENTISTA DE COPIAPÓ,Particular Subvencionado,Urbano,3,31,3101,Copiapó,350,19.0760711587586,189,33,35,93
437,5,ESCUELA TÉCNICO PROFESIONAL,Particular Subvencionado,Urbano,3,31,3101,Copiapó,1224,22.2145440068299,482,129,106,507
438,3,LICEO MANUEL BLANCO ENCALADA,Servicio Local de Educación(SLE),Urbano,3,31,3102,Caldera,630,25.5707540773401,195,49,46,340
440,5,COLEGIO PARROQUIAL PADRE NEGRO,Particular Subvencionado,Urbano,3,31,3102,Caldera,376,22.65030109104,130,38,38,170
441,3,ESCUELA DE CONCENTRACIÓN,Servicio Local de Educación(SLE),Urbano,3,31,3103,Tierra Amarilla,68,30.3078398745792,13,7,2,46
448,0,LICEO PEDRO TRONCOSO MACHUCA,Servicio Local de Educación(SLE),Urbano,3,33,3301,Vallenar,873,20.0984882433635,454,81,64,274
449,9,LICEO JOSÉ SANTOS OSSA,Servicio Local de Educación(SLE),Urbano,3,33,3301,Vallenar,643,22.5660736782128,237,63,62,281
478,2,LICEO SANTA MARTA,Particular Subvencionado,Urbano,3,33,3301,Vallenar,341,14.6549722944151,266,24,16,35
479,0,LICEO SAN FRANCISCO,Particular Subvencionado,Urbano,3,33,3301,Vallenar,539,18.4275990909985,288,71,66,114
486,3,LICEO JAPÓN,Servicio Local de Educación(SLE),Urbano,3,33,3304,Huasco,518,18.0990640676486,315,35,26,142
516,9,LICEO GABRIELA MISTRAL DE LA SERENA,Corporación Municipal,Urbano,4,41,4101,La Serena,651,25.1560927096233,211,53,48,339
517,7,LICEO GREGORIO CORDOVEZ,Corporación Municipal,Urbano,4,41,4101,La Serena,678,19.9207401727191,356,50,61,211
518,5,LICEO TECNICO MARTA BRUNET,Corporación Municipal,Urbano,4,41,4101,La Serena,558,23.49977057944,210,42,47,259
521,5,COLEGIO VICTOR DOMINGO SILVA,Corporación Municipal,Urbano,4,41,4101,La Serena,158,25.8462115384333,44,15,13,86
526,6,COLEGIO JOSE MANUEL BALMACEDA,Corporación Municipal,Urbano,4,41,4101,La Serena,156,18.944176547149,77,23,21,35
530,4,COLEGIO GABRIEL GONZALEZ VIDELA,Corporación Municipal,Urbano,4,41,4101,La Serena,367,25.5849665719228,102,23,37,205
531,2,COLEGIO PEDRO AGUIRRE CERDA,Corporación Municipal,Urbano,4,41,4101,La Serena,134,21.6018051664658,55,14,12,53
535,5,COLEGIO JOSE MIGUEL CARRERA,Corporación Municipal,Urbano,4,41,4101,La Serena,147,25.0198573652888,45,10,10,82
565,7,COLEGIO ADVENTISTA LA SERENA,Particular Subvencionado,Urbano,4,41,4101,La Serena,330,18.7989231163858,185,29,24,92
567,3,COLEGIO SAN FRANCISCO COLL,Particular Subvencionado,Urbano,4,41,4101,La Serena,345,16.6561496755979,237,43,18,47
568,1,COLEGIO SAN ANTONIO,Particular Subvencionado,Urbano,4,41,4101,La Serena,177,15.1939932443354,132,14,11,20
570,3,COLEGIO ELENA BETTINI,Particular Subvencionado,Urbano,4,41,4101,La Serena,180,15.9221489370599,137,12,13,18
573,8,ESCUELA PARTICULAR TERESA VIDELA DE G,Particular Subvencionado,Urbano,4,41,4101,La Serena,300,17.7942510524841,179,29,29,63
574,6,ESCUELA INDUSTRIAL SALESIANA SAN RAMON,Particular Subvencionado,Urbano,4,41,4101,La Serena,751,21.2838591629931,274,90,99,288
575,4,COLEGIO PROVIDENCIA,Particular Subvencionado,Urbano,4,41,4101,La Serena,688,20.4884450000431,297,81,73,237
578,9,LICEO BICENTENARIO DE EXCELENCIA IGNACIO CARRERA PINTO,Corporación Municipal,Urbano,4,41,4101,La Serena,367,27.311685152397,98,22,25,222
579,7,COLEGIO SEMINARIO CONCILIAR,Particular Subvencionado,Urbano,4,41,4101,La Serena,502,16.0675770237717,360,42,31,69
581,9,ESCUELA EXPERIMENTAL DE MUSICA JORGE PEÑA HEN,Particular Subvencionado,Urbano,4,41,4101,La Serena,207,16.7624904713017,136,27,17,27
583,5,COLEGIO SAGRADOS CORAZONES,Particular Subvencionado,Urbano,4,41,4101,La Serena,306,16.6888225464058,204,33,15,54
589,4,COLEGIO SANTO DOMINGO,Particular Subvencionado,Urbano,4,41,4101,La Serena,130,14.6448806124134,108,8,5,9
597,5,COLEGIO PEDRO PABLO MUÑOZ,Municipal DAEM,Urbano,4,41,4104,La Higuera,125,25.0541245405228,35,11,8,71
609,2,LICEO BICENTENARIO DE EXCELENCIA INSTITUTO SUPERIOR DE COMERCIO DE COQUIMBO,Servicio Local de Educación(SLE),Urbano,4,41,4102,Coquimbo,835,19.359113023637,456,82,72,225
610,6,LICEO INDUSTRIAL JOSE TOMAS DE URMENETA,Servicio Local de Educación(SLE),Urbano,4,41,4102,Coquimbo,544,23.457429720293,164,52,70,258
611,4,LICEO DIEGO PORTALES,Servicio Local de Educación(SLE),Urbano,4,41,4102,Coquimbo,451,24.543992295935,148,40,42,221
613,0,COLEGIO DE ARTES CLAUDIO ARRAU,Servicio Local de Educación(SLE),Urbano,4,41,4102,Coquimbo,264,19.4904423400444,135,26,31,72
616,5,ESCUELA CARDENAL JOSE MARIA CARO,Servicio Local de Educación(SLE),Urbano,4,41,4102,Coquimbo,34,21.5311195850529,16,5,2,11
629,7,COLEGIO PABLO NERUDA,Servicio Local de Educación(SLE),Rural,4,41,4102,Coquimbo,278,20.3785128186397,142,23,20,93
646,7,COLEGIO BERNARDO O´HIGGINS,Particular Subvencionado,Urbano,4,41,4102,Coquimbo,595,20.4875267932406,273,60,57,205
647,5,COLEGIO MANUEL MONTT,Particular Subvencionado,Urbano,4,41,4102,Coquimbo,157,21.1781444235187,58,20,17,62
648,3,COLEGIO SANTA MARTA,Particular Subvencionado,Urbano,4,41,4102,Coquimbo,328,15.6662284771525,245,32,22,29
649,1,COLEGIO PARTICULAR GABRIELA MISTRAL,Particular Subvencionado,Urbano,4,41,4102,Coquimbo,451,19.7001797885971,207,54,53,137
656,4,LICEO BICENTENARIO DE EXCELENCIA LICEO PEDRO REGALADO S. VIDELA O.,Servicio Local de Educación(SLE),Urbano,4,41,4103,Andacollo,311,20.0263454172355,126,44,40,101
664,5,COLEGIO PARROQUIAL DE ANDACOLLO,Particular Subvencionado,Urbano,4,41,4103,Andacollo,254,18.1661573621074,148,14,18,74
665,3,LICEO CARLOS ROBERTO MONDACA CORTES,Municipal DAEM,Urbano,4,41,4106,Vicuña,451,22.0634811986946,170,36,45,200
668,8,ESCUELA EDMUNDO VIDAL CARDENAS,Municipal DAEM,Urbano,4,41,4106,Vicuña,105,18.1941703477976,67,6,11,21
690,4,LICEO BICENTENARIO DE EXCELENCIA COLEGIO ANTONIO VARAS,Particular Subvencionado,Urbano,4,41,4106,Vicuña,303,15.6436120197145,221,39,16,27
701,3,LICEO ESTELA AVILA MOLINA,Municipal DAEM,Urbano,4,43,4301,Ovalle,597,22.1623258153257,259,58,60,220
704,8,LICEO ALEJANDRO ALVAREZ JOFRE,Municipal DAEM,Urbano,4,43,4301,Ovalle,655,17.6885747249952,399,74,49,133
705,6,LICEO BICENTENARIO DE EXCELENCIA  POLITECNICO DE OVALLE,Municipal DAEM,Urbano,4,43,4301,Ovalle,1051,21.1920984360377,444,113,102,392
763,3,COLEGIO SAN JUAN BAUTISTA,Particular Subvencionado,Urbano,4,43,4301,Ovalle,360,17.4708374191369,208,44,35,73
766,8,COLEGIO SANTA MARIA EUFRASIA,Particular Subvencionado,Urbano,4,43,4301,Ovalle,539,17.1509373565533,331,58,51,99
767,6,COLEGIO PARTICULAR GABRIELA MISTRAL,Particular Subvencionado,Urbano,4,43,4301,Ovalle,167,16.4858869898997,111,12,15,29
768,4,COLEGIO LA PROVIDENCIA,Particular Subvencionado,Urbano,4,43,4301,Ovalle,897,18.059248191388,513,85,86,213
769,2,COLEGIO SAN VIATOR,Particular Subvencionado,Urbano,4,43,4301,Ovalle,361,15.8421377587907,259,35,23,44
772,2,LICEO AGRICOLA DE OVALLE TADEO PERRY BARN,Administración Delegada (C. P. 3166),Urbano,4,43,4301,Ovalle,505,19.6721197538389,237,54,57,157
774,9,COLEGIO PICHASCA,Municipal DAEM,Rural,4,43,4305,Río Hurtado,104,15.1768449415065,82,7,4,11
799,4,COLEGIO REPUBLICA DE CHILE,Municipal DAEM,Urbano,4,43,4303,Monte Patria,260,19.4651524732342,136,19,26,79
802,8,LICEO BICENTENARIO DE EXCELENCIA LICEO PRESIDENTE EDUARDO FREI MONTALVA,Municipal DAEM,Urbano,4,43,4303,Monte Patria,616,19.4565944184533,321,75,57,163
845,1,LICEO BICENTENARIO DE EXCELENCIA LICEO SAMUEL ROMAN ROJAS,Municipal DAEM,Urbano,4,43,4302,Combarbalá,517,18.4603623573956,293,52,45,127
967,9,LICEO BICENTENARIO DE EXCELENCIA LICEO DOMINGO ORTIZ DE ROZAS,Municipal DAEM,Urbano,4,42,4201,Illapel,548,18.4068772893558,331,57,33,127
968,7,LICEO POLITECNICO PABLO RODRIGUEZ CAVIEDES,Municipal DAEM,Urbano,4,42,4201,Illapel,544,19.0834917281097,300,48,51,145
982,2,ESCUELA BASICA VILLA LOS NARANJOS,Municipal DAEM,Urbano,4,42,4201,Illapel,60,18.6558128634107,35,5,3,17
987,3,COLEGIO SANTA TERESA,Particular Subvencionado,Urbano,4,42,4201,Illapel,332,17.6605219647327,197,39,31,65
988,1,LICEO PARTICULAR LUIS ALBERTO VERA,Particular Subvencionado,Urbano,4,42,4201,Illapel,345,16.0549439961286,252,26,20,47
1013,8,LICEO DE SALAMANCA,Municipal DAEM,Urbano,4,42,4204,Salamanca,409,21.3825937368759,186,32,35,156
1036,7,COLEGIO PARTICULAR SAN FRANCISCO DE ASIS,Particular Subvencionado,Urbano,4,42,4204,Salamanca,419,16.3927339867965,292,34,25,68
1048,0,LICEO NICOLAS FEDERICO LOHSE VARGAS,Municipal DAEM,Urbano,4,42,4203,Los Vilos,711,18.7307765473103,408,58,47,198
1119,3,COLEGIO PARTICULAR SANTA MARIA,Particular Subvencionado,Urbano,5,54,5401,La Ligua,174,16.385346718661,124,11,12,27
1121,5,LICEO PULMAHUE DE LA LIGUA,Municipal DAEM,Urbano,5,54,5401,La Ligua,550,20.9689052287886,249,58,47,196
1123,1,ESCUELA GABRIELA MISTRAL,Municipal DAEM,Urbano,5,54,5401,La Ligua,266,24.0609178693751,84,29,22,131
1148,7,LICEO JOSE MANUEL BORGONO NUNEZ,Municipal DAEM,Urbano,5,54,5404,Petorca,232,15.7271185729229,171,13,10,38
1149,5,LICEO CORDILLERA,Municipal DAEM,Rural,5,54,5404,Petorca,77,20.8115449575425,37,14,4,22
1164,9,COL. CATOLICO PDTE.MANUEL MONTT,Particular Subvencionado,Urbano,5,54,5404,Petorca,162,12.9828640353272,146,8,6,2
1167,3,LICEO Y ESCUELA MUNICIPAL,Municipal DAEM,Urbano,5,54,5402,Cabildo,457,19.1741454997705,234,52,33,138
1183,5,LICEO BICENTENARIO DE ZAPALLAR,Municipal DAEM,Urbano,5,54,5405,Zapallar,353,20.420723806522,173,30,33,117
1184,3,COLEGIO TECNICO PROFESIONAL MERCEDES MATURANA GALLARDO,Municipal DAEM,Rural,5,54,5405,Zapallar,142,21.6655326210052,57,15,12,58
1189,4,ESCUELA BASICA AURELIO DURAN ALMENDRO,Municipal DAEM,Rural,5,54,5405,Zapallar,28,19.2979948916381,14,2,2,10
1190,8,COLEGIO PARROQUIAL FRANCISCO DIDIER,Particular Subvencionado,Urbano,5,54,5405,Zapallar,134,16.9333741536536,88,9,13,24
1194,0,LICEO MAXIMILIANO SALAS MARCHAN,Municipal DAEM,Urbano,5,53,5301,Los Andes,1072,18.6878478509809,634,98,89,251
1195,9,LICEO COMERCIAL DE LOS ANDES,Administración Delegada (C. P. 3166),Urbano,5,53,5301,Los Andes,821,17.7915513773249,494,101,68,158
1196,7,LICEO BICENTENARIO TÉCNICO AMANCAY,Municipal DAEM,Urbano,5,53,5301,Los Andes,437,22.3507862282584,184,29,37,187
1198,3,LICEO REPUBLICA ARGENTINA,Municipal DAEM,Urbano,5,53,5301,Los Andes,99,26.2733370706278,32,8,5,54
1199,1,LICEO POLITECNICO AMERICA,Municipal DAEM,Urbano,5,53,5301,Los Andes,252,21.5398398297675,95,27,31,99
1213,0,LICEO PARTICULAR MIXTO LOS ANDES,Particular Subvencionado,Urbano,5,53,5301,Los Andes,1075,18.6365202767111,626,102,65,282
1214,9,COLEGIO MARIA AUXILIADORA,Particular Subvencionado,Urbano,5,53,5301,Los Andes,330,15.5963367434804,245,29,20,36
1255,6,INSTITUTO AGRICOLA PASCUAL BABURIZZA,Particular Subvencionado,Urbano,5,53,5302,Calle Larga,317,20.0155208246865,154,38,36,89
1260,2,LICEO PARROQUIAL TERESITA DE LOS ANDES,Particular Subvencionado,Urbano,5,53,5303,Rinconada,153,19.8339637274525,72,22,14,45
1261,0,LICEO DOCTOR ROBERTO HUMERES O.,Municipal DAEM,Urbano,5,57,5701,San Felipe,250,28.5899203838134,59,9,17,165
1262,9,LICEO BICENTENARIO GUILLERMO RICHARDS CUEVAS,Administración Delegada (C. P. 3166),Urbano,5,57,5701,San Felipe,1144,20.5206996432305,494,127,133,390
1263,7,LICEO BICENTENARIO CORINA URBINA VILLANUEVA,Municipal DAEM,Urbano,5,57,5701,San Felipe,313,21.9375385585815,123,42,29,119
1264,5,LICEO SAN FELIPE,Municipal DAEM,Urbano,5,57,5701,San Felipe,85,34.4532937805357,15,2,2,66
1289,0,COLEGIO ASSUNTA PALLOTA,Particular Subvencionado,Urbano,5,57,5701,San Felipe,323,21.8474735565036,132,25,34,132
1290,4,COLEGIO SANTA JUANA DE ARCO,Particular Subvencionado,Urbano,5,57,5701,San Felipe,228,18.0980444472936,132,28,22,46
1291,2,COLEGIO JOSE AGUSTIN GOMEZ,Particular Subvencionado,Urbano,5,57,5701,San Felipe,149,14.5381246845035,120,11,5,13
1292,0,COLEGIO ALONSO DE ERCILLA,Particular Subvencionado,Urbano,5,57,5701,San Felipe,405,16.6982218610378,274,49,24,58
1294,7,COLEGIO PARTICULAR PUMANQUE,Particular Subvencionado,Urbano,5,57,5701,San Felipe,263,17.6519721793456,159,31,28,45
1300,5,ESCUELA AGRICOLA DE SAN FELIPE,Administración Delegada (C. P. 3166),Urbano,5,57,5701,San Felipe,521,22.6400270226615,167,57,52,245
1301,3,LICEO MANUEL MARIN,Municipal DAEM,Urbano,5,57,5705,Putaendo,122,22.8517595910989,46,15,9,52
1302,1,LICEO RINCONADA DE SILVA,Municipal DAEM,Urbano,5,57,5705,Putaendo,58,22.6885059305627,20,4,10,24
1316,1,COLEGIO MARIE POUSSEPIN,Particular Subvencionado,Urbano,5,57,5705,Putaendo,132,18.6399887099949,69,17,12,34
1318,8,LICEO DARIO SALAS,Municipal DAEM,Urbano,5,57,5706,Santa María,152,22.6931201649598,61,17,6,68
1327,7,COLEGIO BICENTENARIO SANTA MARÍA DE ACONCAGUA,Particular Subvencionado,Urbano,5,57,5706,Santa María,256,19.5980533697855,118,30,23,85
1335,8,LICEO BICENTENARIO LICEO POLITECNICO LLAY LLAY,Municipal DAEM,Urbano,5,57,5703,Llayllay,645,19.8080570328983,333,64,52,196
1347,1,LICEO MENESIANO SAGRADO CORAZON,Particular Subvencionado,Urbano,5,57,5703,Llayllay,550,21.2581252947372,231,63,52,204
1354,4,LICEO BICENTENARIO POLIVALENTE FERNANDO SILVA CASTELLÓN,Municipal DAEM,Urbano,5,57,5702,Catemu,442,21.8149197106251,165,41,60,176
1361,7,COLEGIO PARTICULAR CALIFORNIA,Particular Subvencionado,Urbano,5,57,5702,Catemu,102,18.1753993046219,58,9,9,26
1362,5,ESCUELA AGRICOLA SALESIANA F. HUIDOBRO,Particular Subvencionado,Urbano,5,57,5702,Catemu,288,20.5914682101936,131,37,32,88
1363,3,LICEO SANTIAGO ESCUTI ORREGO,Municipal DAEM,Urbano,5,55,5501,Quillota,256,25.9140864913092,86,23,11,136
1364,1,COLEGIO VALLE DE QUILLOTA,Municipal DAEM,Urbano,5,55,5501,Quillota,231,20.5650198633272,105,19,21,86
1366,8,LICEO COMERCIAL DE QUILLOTA,Municipal DAEM,Urbano,5,55,5501,Quillota,412,24.4477457960385,124,35,39,214
1367,6,COLEGIO ROBERTO MATTA,Municipal DAEM,Urbano,5,55,5501,Quillota,123,20.1759011715787,64,8,12,39
1368,4,COLEGIO CANADÁ,Municipal DAEM,Urbano,5,55,5501,Quillota,134,23.9628017812099,59,6,7,62
1370,6,COLEGIO REPÚBLICA DE MÉXICO,Municipal DAEM,Urbano,5,55,5501,Quillota,125,23.1463376488419,51,10,10,54
1371,4,COLEGIO BICENTENARIO ARAUCO,Municipal DAEM,Urbano,5,55,5501,Quillota,315,19.3299351913587,179,30,25,81
1392,7,COLEGIO FRANCISCO DE MIRANDA,Particular Subvencionado,Urbano,5,55,5501,Quillota,381,19.5160877008171,190,25,42,124
1393,5,COLEGIO NIÑO JESUS DE PRAGA,Particular Subvencionado,Urbano,5,55,5501,Quillota,295,17.610409149928,173,32,34,56
1395,1,COLEGIO SAN PEDRO NOLASCO DE QUILLOTA,Particular Subvencionado,Urbano,5,55,5501,Quillota,305,19.8027758393538,154,26,28,97
1397,8,ESCUELA PARTICULAR INDUSTRIAL E. BERTELSEN TEMPLE,Particular Subvencionado,Urbano,5,55,5501,Quillota,612,23.2105352594339,182,67,81,282
1405,2,COLEGIO INGLES DE QUILLOTA,Particular Subvencionado,Urbano,5,55,5501,Quillota,293,18.2118363242837,175,29,25,64
1414,1,COLEGIO LEONARDO DA VINCI,Municipal DAEM,Urbano,5,55,5504,La Cruz,139,25.9843844478592,46,7,7,79
1421,4,LICEO SAN ISIDRO,Particular Subvencionado,Urbano,5,55,5504,La Cruz,137,18.6289125531524,72,25,7,33
1422,2,LICEO PEDRO DE VALDIVIA,Municipal DAEM,Urbano,5,55,5502,Calera,276,25.3383866468468,94,20,18,144
1425,7,LICEO BICENTENARIO COMPLEJO EDUCACIONAL LAS ACACIAS DE ARTIFICIO,Municipal DAEM,Urbano,5,55,5502,Calera,164,20.366947466849,74,17,8,65
1436,2,LICEO PARTICULAR SAN JOSE,Particular Subvencionado,Urbano,5,55,5502,Calera,419,15.8767099345953,303,42,26,48
1437,0,COLEGIO TERESA BROWN DE ARIZTIA,Particular Subvencionado,Urbano,5,55,5502,Calera,279,19.9412681806557,144,43,21,71
1443,5,LICEO INDUSTRIAL A-16 OSCAR CORONA BARAHO,Administración Delegada (C. P. 3166),Urbano,5,55,5502,Calera,744,21.1043495160712,310,87,62,285
1444,3,LICEO MUNICIPAL JUAN RUSQUE PORTAL,Municipal DAEM,Urbano,5,55,5506,Nogales,209,19.6786116111977,105,27,17,60
1445,1,COLEGIO EL MELÓN,Municipal DAEM,Urbano,5,55,5506,Nogales,238,17.0405723690165,155,37,9,37
1449,4,COLEGIO CARMELITA FELIPE CORTÉS,Particular Subvencionado,Urbano,5,55,5506,Nogales,270,19.3368392228415,141,27,18,84
1450,8,COLEGIO SANTA ISABEL,Particular Subvencionado,Urbano,5,55,5506,Nogales,220,18.5508165520082,126,22,17,55
1453,2,LICEO MUNICIPAL LUIS LABORDA,Municipal DAEM,Urbano,5,55,5503,Hijuelas,316,21.7675457205741,136,36,26,118
1464,8,LICEO DE LIMACHE,Municipal DAEM,Urbano,5,58,5802,Limache,806,21.330316309743,340,71,85,310
1467,2,LICEO BICENTENARIO COLEGIO PASIÓN DE JESÚS DE LIMACHE,Municipal DAEM,Urbano,5,58,5802,Limache,157,18.9609233650257,78,23,19,37
1468,0,COLEGIO BRASILIA,Municipal DAEM,Urbano,5,58,5802,Limache,141,21.3822660248844,58,12,16,55
1478,8,COLEGIO DE LA SANTA CRUZ,Particular Subvencionado,Urbano,5,58,5802,Limache,171,18.2181975940597,94,22,22,33
1482,6,COLEGIO LIMACHE COLLEGE,Particular Subvencionado,Urbano,5,58,5802,Limache,326,20.9581858912547,123,38,35,130
1484,2,ESCUELA PARTICULAR INST. SANTA MARIA,Particular Subvencionado,Urbano,5,58,5802,Limache,79,19.8642754322593,31,13,4,31
1489,3,LICEO DE OLMUE,Municipal DAEM,Urbano,5,58,5803,Olmué,235,23.7220329885555,64,21,25,125
1490,7,ESCUELA BÁSICA QUEBRADA DE ALVARADO,Municipal DAEM,Rural,5,58,5803,Olmué,93,17.0928883597778,58,9,6,20
1500,8,COLEGIO PART. IGNACIO CARRERA PINTO,Particular Subvencionado,Urbano,5,58,5803,Olmué,307,18.4825424912064,159,31,29,88
1502,4,INST.SUP.COMERCIO FCO.ARAYA BENNET,Servicio Local de Educación(SLE),Urbano,5,51,5101,Valparaíso,736,23.5909545413694,282,70,58,326
1503,2,ESCUELA INDUSTRIAL SUPERIOR DE VALPARAISO,Administración Delegada (C. P. 3166),Urbano,5,51,5101,Valparaíso,793,22.970135441596,288,69,84,352
1504,0,LICEO TÉCNICO DE VALPARAÍSO,Servicio Local de Educación(SLE),Urbano,5,51,5101,Valparaíso,1056,19.8138769827017,534,101,95,326
1515,6,LICEO EDUARDO DE LA BARRA,Servicio Local de Educación(SLE),Urbano,5,51,5101,Valparaíso,1087,20.2360239013551,514,117,96,360
1516,4,LICEO TECNOLÓGICO ALFREDO NAZAR FERES,Servicio Local de Educación(SLE),Urbano,5,51,5101,Valparaíso,174,23.6951129158868,61,13,17,83
1517,2,LICEO MATILDE BRANDAU DE ROSS,Servicio Local de Educación(SLE),Urbano,5,51,5101,Valparaíso,233,24.6230143230216,86,22,19,106
1518,0,LICEO MARIA LUISA BOMBAL,Servicio Local de Educación(SLE),Urbano,5,51,5101,Valparaíso,120,27.0745773169798,24,9,14,73
1519,9,LICEO TECNICO PROFESIONAL BARON,Servicio Local de Educación(SLE),Urbano,5,51,5101,Valparaíso,131,25.0374115387335,35,10,13,73
1520,2,LICEO BICENTENARIO MARITIMO DE VALPARAISO,Servicio Local de Educación(SLE),Urbano,5,51,5101,Valparaíso,462,20.4800316188282,214,56,32,160
1521,0,LICEO DE NINAS MARIA FRANCK DE MACDOUGAL,Servicio Local de Educación(SLE),Urbano,5,51,5101,Valparaíso,179,20.702077699478,88,17,18,56
1522,9,COLEGIO PEDRO MONTT,Servicio Local de Educación(SLE),Urbano,5,51,5101,Valparaíso,67,26.0304449828824,19,8,3,37
1525,3,LICEO BICENTENARIO INSTITUTO TÉCNICO PROFESIONAL MARTÍTIMO DE VALPARAÍSO,Servicio Local de Educación(SLE),Urbano,5,51,5101,Valparaíso,770,19.4876628089742,372,83,78,237
1542,3,ESCUELA JOAQUIN EDWARDS BELLO,Servicio Local de Educación(SLE),Urbano,5,51,5101,Valparaíso,88,26.8049348661184,19,5,13,51
1549,0,ESCUELA REPUBLICA DE MEXICO,Servicio Local de Educación(SLE),Urbano,5,51,5101,Valparaíso,206,26.2070505166384,58,17,11,120
1579,2,LICEO SANTA TERESA,Particular Subvencionado,Urbano,5,51,5101,Valparaíso,134,21.0871066243949,57,11,13,53
1581,4,LICEO JUANA ROSS DE EDWARDS,Particular Subvencionado,Urbano,5,51,5101,Valparaíso,354,13.9741114906603,298,29,15,12
1582,2,COLEGIO LUTERANO CONCORDIA,Particular Subvencionado,Urbano,5,51,5101,Valparaíso,272,19.1306176884681,134,38,22,78
1585,7,LICEO COEDUCACIONAL LA IGUALDAD,Particular Subvencionado,Urbano,5,51,5101,Valparaíso,307,18.4905445021221,172,34,23,78
1586,5,COLEGIO CARLOS COUSINO,Particular Subvencionado,Urbano,5,51,5101,Valparaíso,292,18.0189685110347,159,37,32,64
1587,3,COLEGIO MARIA AUXILIADORA,Particular Subvencionado,Urbano,5,51,5101,Valparaíso,277,17.6142370858645,167,25,24,61
1588,1,COLEGIO NTRA.SRA.DE LA MISERICORDIA,Particular Subvencionado,Urbano,5,51,5101,Valparaíso,154,19.9728883708988,70,16,16,52
1590,3,COLEGIO SALESIANO VALPARAISO,Particular Subvencionado,Urbano,5,51,5101,Valparaíso,877,18.5449263296771,456,97,85,239
1594,6,COLEGIO SAN DAMIAN DE MOLOKAI,Particular Subvencionado,Urbano,5,51,5101,Valparaíso,160,20.4296555517873,76,14,14,56
1604,7,COLEGIO LEONARDO MURIALDO,Particular Subvencionado,Urbano,5,51,5101,Valparaíso,344,18.1697887798259,194,34,35,81
1607,1,COLEGIO TERESITA DE LISIEUX,Particular Subvencionado,Urbano,5,51,5101,Valparaíso,122,18.1677111029179,70,16,9,27
1610,1,COLEGIO ALBERTO HURTADO SEGUNDO,Particular Subvencionado,Urbano,5,51,5101,Valparaíso,241,21.0866266491215,112,17,21,91
1619,5,COLEGIO PARTICULAR JUNIOR SCHOOL 2,Particular Subvencionado,Urbano,5,51,5101,Valparaíso,95,19.2744365110121,55,6,5,29
1632,2,COL. IDA.CONCEPC. NTRA.SRA.LOURDES,Particular Subvencionado,Urbano,5,51,5101,Valparaíso,160,18.2944673773156,91,11,15,43
1635,7,COLEGIO AGUSTIN EDWARDS,Particular Subvencionado,Urbano,5,51,5101,Valparaíso,124,17.5144623417391,71,18,11,24
1653,5,COLEGIO SAN VICENTE,Particular Subvencionado,Urbano,5,51,5101,Valparaíso,143,18.0690825451898,75,23,14,31
1657,8,COLEGIO PRESB. DAVID TRUMBULL,Particular Subvencionado,Urbano,5,51,5101,Valparaíso,138,16.7729781125527,99,11,10,18
1663,2,INSTITUTO SUPERIOR DE COMERCIO ALBERTO BL,Administración Delegada (C. P. 3166),Urbano,5,51,5109,Viña del Mar,693,25.5263654717967,196,54,49,394
1664,0,LICEO INDUSTRIAL MIRAFLORES ALTO,Corporación Municipal,Urbano,5,51,5109,Viña del Mar,393,27.1528759984762,92,30,30,241
1672,1,LICEO BICENTENARIO JOSÉ FRANCISCO VERGARA ETCHEVERS,Corporación Municipal,Urbano,5,51,5109,Viña del Mar,317,23.3707773860371,118,21,21,157
1674,8,LICEO BENJAMIN VICUNA MACKENNA,Corporación Municipal,Urbano,5,51,5109,Viña del Mar,304,26.3042824332579,60,27,23,194
1675,6,LICEO GUILLERMO RIVERA COTAPOS,Corporación Municipal,Urbano,5,51,5109,Viña del Mar,343,27.1746993393122,97,21,19,206
1676,4,LICEO BICENTENARIO DE VIÑA DEL MAR,Corporación Municipal,Urbano,5,51,5109,Viña del Mar,706,22.8616106394494,286,72,50,298
1681,0,COLEGIO REPUBLICA DE COLOMBIA,Corporación Municipal,Urbano,5,51,5109,Viña del Mar,290,25.387228712272,87,22,20,161
1685,3,ESCUELA DR. OSCAR MARIN SOCIAS,Corporación Municipal,Urbano,5,51,5109,Viña del Mar,147,27.2763975832866,37,14,10,86
1734,5,COLEGIO RUBEN CASTRO-DIURNO,Particular Subvencionado,Urbano,5,51,5109,Viña del Mar,316,15.0261910857954,229,32,22,33
1735,3,LICEO PARROQUIAL SAN ANTONIO,Particular Subvencionado,Urbano,5,51,5109,Viña del Mar,508,16.7172394729608,319,59,45,85
1738,8,LICEO NUESTRA SRA.DE LA PAZ,Particular Subvencionado,Urbano,5,51,5109,Viña del Mar,301,18.8377576151196,157,35,30,79
1739,6,ESC. DE TRIPULANTES Y PORTUARIA DE VALPARAISO,Particular Subvencionado,Urbano,5,51,5101,Valparaíso,507,22.3561662318332,146,59,63,239
1741,8,LICEO SANTA TERESA DE LOS ANDES,Particular Subvencionado,Urbano,5,51,5109,Viña del Mar,161,19.2712444998778,85,14,12,50
1742,6,COLEGIO SAN AGUSTIN,Particular Subvencionado,Urbano,5,51,5109,Viña del Mar,133,21.8998839693582,49,15,16,53
1743,4,COL.PARROQUIAL SANTA MARIA GORETTI,Particular Subvencionado,Urbano,5,51,5103,Concón,228,19.6685118781419,112,22,24,70
1747,7,LICEO JOSE CORTES BROWN,Particular Subvencionado,Urbano,5,51,5109,Viña del Mar,425,16.9697716360901,273,47,29,76
1749,3,COLEGIO EXCMO. CARDENAL RAUL SILVA HENRIQUEZ,Particular Subvencionado,Urbano,5,51,5109,Viña del Mar,250,18.6760785042935,136,25,22,67
1750,7,COL. INMACULADA DE LOURDES,Particular Subvencionado,Urbano,5,51,5109,Viña del Mar,168,15.8730438280265,120,14,12,22
1755,8,COLEGIO ANA MARIA JANER,Particular Subvencionado,Urbano,5,51,5109,Viña del Mar,408,19.8468856798957,174,59,48,127
1756,6,COLEGIO CLAUDIO MATTE,Particular Subvencionado,Urbano,5,51,5109,Viña del Mar,268,21.0825249404709,117,23,28,100
1757,4,COLEGIO ACONCAGUA,Particular Subvencionado,Urbano,5,58,5801,Quilpué,986,18.6001154705638,525,110,112,239
1761,2,COLEGIO FRIENDLY HIGH SCHOOL,Particular Subvencionado,Urbano,5,51,5109,Viña del Mar,127,17.7866769094404,76,11,13,27
1769,8,COLEGIO RAYEN CAVEN,Particular Subvencionado,Urbano,5,51,5103,Concón,128,15.5149006629008,101,8,4,15
1795,7,COLEGIO SAN IGNACIO,Particular Subvencionado,Urbano,5,51,5109,Viña del Mar,249,17.3218100709664,157,32,21,39
1801,5,COLEGIO MARIA AUXILIADORA,Particular Subvencionado,Urbano,5,51,5109,Viña del Mar,240,16.9499944133132,158,24,16,42
1851,1,LICEO POLITECNICO QUINTERO,Municipal DAEM,Urbano,5,51,5107,Quintero,401,21.3425930649968,170,42,32,157
1858,9,COLEGIO DON ORIONE,Particular Subvencionado,Urbano,5,51,5107,Quintero,508,21.436950666221,216,54,43,195
1859,7,COLEGIO SANTA FILOMENA,Particular Subvencionado,Urbano,5,51,5107,Quintero,162,16.3281733836299,109,22,11,20
1860,0,COLEGIO INGLES,Particular Subvencionado,Urbano,5,51,5107,Quintero,290,23.3648109473067,88,24,27,151
1863,5,COLEGIO GENERAL JOSE VELASQUEZ BORQUEZ,Municipal DAEM,Urbano,5,51,5105,Puchuncaví,343,20.2336574426498,176,25,27,115
1864,3,COMPLEJO EDUCACIONAL SARGENTO ALDEA,Municipal DAEM,Urbano,5,51,5105,Puchuncaví,371,18.3796002138214,212,36,25,98
1867,8,COLEGIO LA GREDA,Municipal DAEM,Rural,5,51,5105,Puchuncaví,53,20.5301367893858,20,7,10,16
1875,9,COLEGIO MAITENCILLO,Municipal DAEM,Urbano,5,51,5105,Puchuncaví,80,18.1971178803344,49,8,4,19
1880,5,COLEGIO INDUSTRIAL ANDRES BELLO LOPEZ,Corporación Municipal,Urbano,5,58,5801,Quilpué,309,24.6842422387208,78,19,31,181
1881,3,COLEGIO LUIS CRUZ MARTÍNEZ,Corporación Municipal,Urbano,5,58,5801,Quilpué,179,20.4389767170372,79,16,20,64
1882,1,LICEO GUILLERMO GRONEMEYER ZAMORANO,Corporación Municipal,Urbano,5,58,5801,Quilpué,353,20.4638712606288,171,37,30,115
1884,8,LICEO COMERCIAL ALEJANDRO LUBET V,Corporación Municipal,Urbano,5,58,5801,Quilpué,401,23.8138439657966,150,44,35,172
1886,4,COLEGIO MANUEL BULNES PRIETO,Corporación Municipal,Urbano,5,58,5801,Quilpué,138,20.837873344804,68,11,8,51
1887,2,ESCUELA GUARDIAMARINA GUILLERMO ZANARTU I.,Corporación Municipal,Urbano,5,58,5801,Quilpué,246,19.3343896041472,136,14,18,78
1889,9,COLEGIO FERNANDO DURAN VILLARREAL,Corporación Municipal,Urbano,5,58,5801,Quilpué,131,24.3877716552505,37,17,14,63
1891,0,ESCUELA BASICA JORGE ROCK LARA,Corporación Municipal,Urbano,5,58,5801,Quilpué,61,20.0944407270184,35,3,4,19
1895,3,LICEO TECNICO PROFESIONAL MANNHEIM,Corporación Municipal,Urbano,5,58,5801,Quilpué,160,25.2847934365706,47,16,12,85
1908,9,COLEGIO ULISES GNECCO,Particular Subvencionado,Urbano,5,58,5801,Quilpué,63,21.1859798345422,24,7,9,23
1909,7,COLEGIO LIAHONA,Particular Subvencionado,Urbano,5,58,5801,Quilpué,494,17.1696728121171,321,55,46,72
1911,9,COLEGIO CREP,Particular Subvencionado,Urbano,5,58,5801,Quilpué,170,16.5155585817834,119,8,11,32
1918,6,COLEGIO LOS LEONES DE QUILPUE,Particular Subvencionado,Urbano,5,58,5801,Quilpué,292,20.3520813298176,128,36,38,90
1919,4,COLEGIO H. F. CAMILO HENRIQUEZ,Particular Subvencionado,Urbano,5,58,5801,Quilpué,170,15.8205544448017,121,10,12,27
1923,2,COLEGIO CRISTIANO DE QUILPUE,Particular Subvencionado,Urbano,5,58,5801,Quilpué,268,20.4085156850955,113,29,33,93
1934,8,COLEGIO ESPERANZA,Particular Subvencionado,Urbano,5,58,5801,Quilpué,523,17.6497868692116,331,46,41,105
1941,0,COLEGIO EL BELLOTO,Particular Subvencionado,Urbano,5,58,5801,Quilpué,251,18.1132652068875,146,27,27,51
1958,5,LICEO TECNOLOGICO VILLA ALEMANA,Corporación Municipal,Urbano,5,58,5804,Villa Alemana,360,24.6662286570896,111,29,35,185
1959,3,WINDMILL COLLEGE,Corporación Municipal,Urbano,5,58,5804,Villa Alemana,134,20.4920747581616,54,13,17,50
1967,4,LICEO BICENTENARIO TÉCNICO PROFESIONAL MARY GRAHAM,Corporación Municipal,Urbano,5,58,5804,Villa Alemana,448,19.7649618491663,217,51,40,140
1969,0,COLEGIO CHARLES DARWIN,Corporación Municipal,Urbano,5,58,5804,Villa Alemana,136,22.2288507204788,54,12,16,54
1971,2,ESCUELA MANUEL MONTT,Corporación Municipal,Urbano,5,58,5804,Villa Alemana,141,22.7046425104143,55,8,11,67
1977,1,COLEGIO NACIONAL,Particular Subvencionado,Urbano,5,58,5804,Villa Alemana,691,18.4184314647552,375,69,74,173
1980,1,COLEGIO PARTICULAR JEAN PIAGET,Particular Subvencionado,Urbano,5,58,5804,Villa Alemana,147,23.533584988924,42,19,15,71
1987,9,COLEGIO NUEVO CHILENO BRITANICO,Particular Subvencionado,Urbano,5,58,5804,Villa Alemana,88,22.2163187308932,34,8,3,43
1996,8,LICEO MANUEL DE SALAS,Municipal DAEM,Urbano,5,51,5102,Casablanca,645,23.313262093623,240,55,51,299
1997,6,ESCUELA DOMINGO ORTIZ DE ROZAS,Municipal DAEM,Urbano,5,51,5102,Casablanca,155,16.157249873553,113,14,8,20
2007,9,COLEGIO PARTIC. JULIO MONTT SALAMANCA,Particular Subvencionado,Urbano,5,51,5102,Casablanca,138,20.9509424949871,58,15,15,50
2009,5,COLEGIO INSULAR ROBINSON CRUSOE,Servicio Local de Educación(SLE),Rural,5,51,5104,Juan Fernández,52,20.5065823353003,27,3,4,18
2012,5,PROFESOR JUAN DANTE PARRAGUEZ ARELLANO,Municipal DAEM,Urbano,5,56,5601,San Antonio,380,20.6692999738911,173,44,26,137
2013,3,INST.COMERCIAL MARITIMO PACIFICO SUR,Municipal DAEM,Urbano,5,56,5601,San Antonio,742,25.4151382517499,255,58,42,387
2018,4,ESCUELA MOVILIZADORES PORTUARIOS,Municipal DAEM,Urbano,5,56,5601,San Antonio,260,21.940563319502,106,25,17,112
2019,2,COLEGIO ESPANA,Municipal DAEM,Urbano,5,56,5601,San Antonio,133,22.2698628868231,54,12,12,55
2035,4,COLEGIO AGRÍCOLA CUNCUMÉN GONZALO BARROS AMUNÁTEGUI,Municipal DAEM,Rural,5,56,5601,San Antonio,72,17.748412488517,45,6,4,17
2040,0,LICEO NACIONAL DE LLO LLEO,Particular Subvencionado,Urbano,5,56,5601,San Antonio,268,15.0976801205757,204,17,22,25
2041,9,LICEO SANTA TERESITA DE LLOLLEO,Particular Subvencionado,Urbano,5,56,5601,San Antonio,206,19.5254798954383,116,14,13,63
2042,7,INSTITUTO DEL PUERTO DE SAN ANTONIO,Particular Subvencionado,Urbano,5,56,5601,San Antonio,362,13.2073212038577,314,15,20,13
2043,5,INSTITUTO ERCILLA,Particular Subvencionado,Urbano,5,56,5601,San Antonio,156,18.7431354074578,82,10,15,49
2044,3,ESCUELA INDUSTRIAL SAN ANTONIO,Particular Subvencionado,Urbano,5,56,5601,San Antonio,654,19.8762861262617,321,62,68,203
2045,1,LICEO GABRIELA MISTRAL,Particular Subvencionado,Urbano,5,56,5601,San Antonio,163,17.9307400934944,93,19,16,35
2047,8,COLEGIO PARTICULAR SARA CRUCHAGA,Particular Subvencionado,Urbano,5,56,5601,San Antonio,113,23.0002902028486,42,11,10,50
2049,4,COLEGIO FUND.EDUC. FERNANDEZ LEON,Particular Subvencionado,Urbano,5,56,5601,San Antonio,179,16.9392393453916,102,22,13,42
2050,8,COLEGIO NUESTRA SENORA DE POMPEYA,Particular Subvencionado,Urbano,5,56,5601,San Antonio,137,23.5541107590739,41,9,15,72
2052,4,COLEGIO PROVIDENCIA,Particular Subvencionado,Urbano,5,56,5601,San Antonio,132,21.2597766463743,59,10,11,52
2055,9,COLEGIO EL RETIRO,Particular Subvencionado,Urbano,5,56,5601,San Antonio,144,18.455260413215,83,15,11,35
2057,5,ESCUELA PARTICULAR N. 33 MARIA KONIG,Particular Subvencionado,Urbano,5,56,5601,San Antonio,39,30.8932862359228,6,3,2,28
2064,8,LICEO POETA VICENTE HUIDOBRO,Municipal DAEM,Urbano,5,56,5603,Cartagena,584,23.4072128414849,218,38,37,291
2066,4,LICEO EUGENIA SUBERCASEAUX,Municipal DAEM,Urbano,5,56,5603,Cartagena,183,21.6295430329452,75,15,19,74
2075,3,COLEGIO EL TABO,Municipal DAEM,Urbano,5,56,5605,El Tabo,322,19.6806368343354,164,42,22,94
2078,8,COMPLEJO EDUCACIONAL CLARA SOLOVERA,Municipal DAEM,Urbano,5,56,5604,El Quisco,439,19.9802403680492,240,35,34,130
2084,2,COLEGIO CARLOS ALESSANDRI ALTAMIRANO,Municipal DAEM,Urbano,5,56,5602,Algarrobo,552,20.5361525144117,264,51,46,191
2090,7,COLEGIO TERESA DE LOS ANDES-ALGARROBO,Particular Subvencionado,Urbano,5,56,5602,Algarrobo,163,16.8075168424203,105,19,10,29
2091,5,COLEGIO BICENTENARIO PEOPLE HELP PEOPLE,Municipal DAEM,Urbano,5,56,5606,Santo Domingo,443,18.0528953733816,271,33,32,107
2099,0,COLEGIO STO. DOMINGO HELEN LEE LASSEN,Particular Subvencionado,Urbano,5,56,5606,Santo Domingo,143,14.6170957867067,121,6,6,10
2102,4,LICEO TECNICO A-4,Administración Delegada (C. P. 3166),Urbano,6,61,6101,Rancagua,604,21.3362291904809,285,51,58,210
2103,2,LICEO BICENTENARIO INDUSTRIAL PRESIDENTE PEDRO AGUIRRE,Administración Delegada (C. P. 3166),Urbano,6,61,6101,Rancagua,938,26.0691804182133,207,89,89,553
2104,0,LICEO BICENTENARIO COMERCIAL DIEGO PORTALES,Corporación Municipal,Urbano,6,61,6101,Rancagua,1693,20.9805395349265,784,169,150,590
2105,9,LICEO INDUSTRIAL ERNESTO PINTO LAGARRIGUE,Administración Delegada (C. P. 3166),Urbano,6,61,6101,Rancagua,1188,23.059808221439,380,114,109,585
2109,1,LICEO DE NIÑAS DE RANCAGUA,Corporación Municipal,Urbano,6,61,6101,Rancagua,531,19.3049927178023,299,43,50,139
2110,5,LICEO MUNICIPAL OSCAR CASTRO ZUNIGA,Corporación Municipal,Urbano,6,61,6101,Rancagua,1573,17.1114174225398,1030,180,120,243
2111,3,LICEO MUNICIPAL JOSE VICTORINO LASTARRIA,Corporación Municipal,Urbano,6,61,6101,Rancagua,639,27.4157581931779,149,54,43,393
2123,7,INSTITUTO TECNOLOGICO MINERO BERNARDO OHIGGINS,Corporación Municipal,Urbano,6,61,6101,Rancagua,740,22.5511053381673,296,79,51,314
2124,5,LICEO INTEGRADO LIBERTADOR SIMÓN BOLIVAR,Corporación Municipal,Urbano,6,61,6101,Rancagua,258,27.8534170204484,60,13,30,155
2134,2,LICEO COMERCIAL JORGE ALESSANDRI R.,Corporación Municipal,Urbano,6,61,6101,Rancagua,474,25.1930530514023,171,33,28,242
2150,4,INSTITUTO SAGRADO CORAZON,Particular Subvencionado,Urbano,6,61,6101,Rancagua,196,15.6077713199906,154,20,5,17
2163,6,COLEGIO CUISENAIRE,Particular Subvencionado,Urbano,6,61,6101,Rancagua,258,16.770118616074,176,24,17,41
2164,4,COLEGIO PARTICULAR GABRIELA MISTRAL,Particular Subvencionado,Urbano,6,61,6101,Rancagua,302,20.2986658510894,174,18,23,87
2165,2,COLEGIO NIÑO JESUS DE PRAGA,Particular Subvencionado,Urbano,6,61,6101,Rancagua,317,18.6594865031821,171,33,27,86
2166,0,INSTITUTO REGIONAL DE EDUCACION,Particular Subvencionado,Urbano,6,61,6101,Rancagua,409,18.5887972443382,224,44,38,103
2167,9,INSTITUTO SEWELL,Particular Subvencionado,Urbano,6,61,6101,Rancagua,96,25.2344980261221,26,6,7,57
2171,7,COLEGIO PARTICULAR ANDRES BELLO,Particular Subvencionado,Urbano,6,61,6101,Rancagua,127,16.3158578090617,93,16,7,11
2183,0,COLEGIO PARTICULAR INSTITUTO SAN ANDRES,Particular Subvencionado,Urbano,6,61,6101,Rancagua,162,15.5440573798918,123,15,8,16
2205,5,LICEO PROFESOR MISAEL LOBOS MONROY,Municipal DAEM,Urbano,6,61,6106,Graneros,290,22.168537317189,124,28,26,112
2206,3,ESCUELA SIXTO MENDEZ PARADA,Municipal DAEM,Urbano,6,61,6106,Graneros,189,21.3132206455113,78,17,22,72
2217,9,COLEGIO PARTICULAR NUESTRA SENORA,Particular Subvencionado,Urbano,6,61,6106,Graneros,181,16.750928758944,120,16,12,33
2218,7,COLEGIO PARTICULAR GRANEROS,Particular Subvencionado,Urbano,6,61,6106,Graneros,284,16.6901757347608,196,28,22,38
2219,5,ESCUELA AGRICOLA CRISTO OBRERO,Particular Subvencionado,Urbano,6,61,6106,Graneros,320,19.5538679816473,146,42,32,100
2222,5,LICEO BICENTENARIO DE EXCELENCIA ALBERTO HURTADO,Municipal DAEM,Urbano,6,61,6110,Mostazal,467,17.6176353137953,301,40,29,97
2224,1,LICEO ELVIRA SANCHEZ DE GARCES,Municipal DAEM,Urbano,6,61,6110,Mostazal,219,18.8272694105293,125,21,14,59
2233,0,COLEGIO TECNOLOGICO PULMAHUE,Particular Subvencionado,Urbano,6,61,6110,Mostazal,118,19.0486109315823,67,9,6,36
2244,6,INSTITUTO LAUTARO DE CODEGUA,Particular Subvencionado,Urbano,6,61,6102,Codegua,61,22.203337777156,24,3,0,34
2250,0,COLEGIO ARTÍSTICO SANTA TERESA DE MACHALI,Municipal DAEM,Urbano,6,61,6108,Machalí,119,21.2578329686618,58,13,8,40
2251,9,COLEGIO BELLAVISTA,Municipal DAEM,Urbano,6,61,6108,Machalí,30,21.8793126903374,8,6,6,10
2259,4,COLEGIO PARTICULAR ARTURO PRAT,Particular Subvencionado,Urbano,6,61,6108,Machalí,313,20.4147154698779,139,37,28,109
2263,2,ESCUELA MUNICIPAL DE GULTRO,Municipal DAEM,Rural,6,61,6111,Olivar,136,22.7635787468329,56,13,12,55
2278,0,LICEO SAN JOSE DE REQUINOA,Particular Subvencionado,Urbano,6,61,6116,Requínoa,634,17.4712717928025,380,88,61,105
2280,2,LICEO BICENTENARIO DE EXCELENCIA TOMÁS MARÍN DE POVEDA,Municipal DAEM,Urbano,6,61,6115,Rengo,653,16.8215174701662,448,65,49,91
2283,7,LICEO LUIS URBINA FLORES,Municipal DAEM,Urbano,6,61,6115,Rengo,830,20.488624305844,448,64,59,259
2285,3,COLEGIO MANUEL FRANCISCO CORREA,Municipal DAEM,Rural,6,61,6115,Rengo,113,23.5071576383652,43,9,14,47
2308,6,COLEGIO SAN ANTONIO DEL BALUARTE,Particular Subvencionado,Urbano,6,61,6115,Rengo,307,16.4265768678417,212,31,28,36
2309,4,CENTRO EDUCACIONAL ASUNCION,Particular Subvencionado,Urbano,6,61,6115,Rengo,290,18.044574741698,168,22,25,75
2319,1,LICEO REPUBLICA DE ITALIA,Municipal DAEM,Urbano,6,61,6114,Quinta de Tilcoco,362,22.4366613203779,149,38,25,150
2326,4,COLEGIO SAGRADO CORAZON DE JESUS,Particular Subvencionado,Urbano,6,61,6114,Quinta de Tilcoco,318,16.3337878637347,214,25,26,53
2329,9,LICEO IGNACIO CARRERA PINTO,Corporación Municipal,Urbano,6,61,6117,San Vicente,1188,17.8354620134697,698,135,100,255
2339,6,ESCUELA MUNICIPAL ZUNIGA,Corporación Municipal,Rural,6,61,6117,San Vicente,127,20.8658055626199,67,11,9,40
2355,8,COLEGIO EL SALVADOR,Particular Subvencionado,Urbano,6,61,6117,San Vicente,326,16.5834080315777,228,34,19,45
2356,6,COLEGIO SANTA INES,Particular Subvencionado,Urbano,6,61,6117,San Vicente,259,13.6864550341759,217,13,13,16
2375,2,LICEO BICENTENARIO LATINOAMERICANO DE PICHIDEGUA,Municipal DAEM,Urbano,6,61,6113,Pichidegua,523,21.7347119825288,215,58,51,199
2378,7,LICEO JEAN BUCHANAN DE LARRAIN,Municipal DAEM,Urbano,6,61,6112,Peumo,379,20.902698063161,166,37,35,141
2400,7,COLEGIO AMADA SOFIA GARCIA,Particular Subvencionado,Urbano,6,61,6104,Coltauco,172,15.5046123527374,133,14,8,17
2401,5,ESCUELA AGRICOLA SAN VICENTE DE PAUL,Particular Subvencionado,Rural,6,61,6104,Coltauco,260,21.9707013483386,76,40,27,117
2406,6,LICEO MUNICIPAL LUIS GREGORIO VALENZUELA LAVIN,Municipal DAEM,Urbano,6,61,6103,Coinco,198,19.9979741539509,92,20,17,69
2411,2,LICEO CLAUDIO ARRAU LEON,Municipal DAEM,Urbano,6,61,6105,Doñihue,551,21.2726779991363,257,49,40,205
2422,8,LICEO FRANCISCO ANTONIO ENCINA ARMANET,Municipal DAEM,Urbano,6,61,6107,Las Cabras,942,22.646020065299,375,87,87,393
2442,2,LICEO TECNICO BICENTENARIO FELISA TOLUP,Administración Delegada (C. P. 3166),Urbano,6,63,6301,San Fernando,556,19.3153210152467,302,41,45,168
2443,0,LICEO INDUSTRIAL DE SAN FERNANDO,Administración Delegada (C. P. 3166),Urbano,6,63,6301,San Fernando,798,23.1935790932973,252,83,91,372
2444,9,INSTITUTO COMERCIAL ALBERTO VALENZUELA LLANOS DE SAN FERNANDO,Servicio Local de Educación(SLE),Urbano,6,63,6301,San Fernando,761,22.1443378574682,282,75,85,319
2447,3,LICEO DE HOMBRES NEANDRO SCHILLING,Servicio Local de Educación(SLE),Urbano,6,63,6301,San Fernando,388,23.5474722410471,156,32,34,166
2448,1,LICEO EDUARDO CHARME,Servicio Local de Educación(SLE),Urbano,6,63,6301,San Fernando,469,21.0331507254637,232,35,40,162
2453,8,LICEO JOSÉ GREGORIO ARGOMEDO,Particular Subvencionado,Urbano,6,63,6301,San Fernando,267,21.7348497629754,91,32,37,107
2454,6,SAN FERNANDO COLLEGE,Particular Subvencionado,Urbano,6,63,6301,San Fernando,828,17.2098680638422,549,77,59,143
2455,4,COLEGIO INMACULADA CONCEPCION,Particular Subvencionado,Urbano,6,63,6301,San Fernando,394,16.0578566617044,285,32,26,51
2485,6,LICEO AGRICOLA EL CARMEN,Administración Delegada (C. P. 3166),Urbano,6,63,6301,San Fernando,468,23.10702245172,150,42,50,226
2486,4,LICEO MUNICIPAL COMPLEJO EDUC. CHIMBARONGO,Servicio Local de Educación(SLE),Urbano,6,63,6303,Chimbarongo,817,18.391299039436,476,76,67,198
2514,3,ESCUELA AGRICOLA LAS GARZAS,Particular Subvencionado,Rural,6,63,6303,Chimbarongo,207,21.6042150739697,64,28,23,92
2518,6,LICEO SAN FRANCISCO,Servicio Local de Educación(SLE),Urbano,6,63,6308,Placilla,90,31.2053481593819,21,9,3,57
2530,5,LICEO MUNICIPAL JUAN PABLO II,Servicio Local de Educación(SLE),Urbano,6,63,6305,Nancagua,524,21.6772767392027,256,34,38,196
2551,8,LICEO MUNICIPAL DE SANTA CRUZ,Municipal DAEM,Urbano,6,63,6310,Santa Cruz,660,21.0815588883207,320,41,56,243
2552,6,LICEO BICENTENARIO INSTITUTO POLITECNICO SANTA CRUZ,Municipal DAEM,Urbano,6,63,6310,Santa Cruz,1206,21.7569858076752,484,104,107,511
2579,8,INSTITUTO REGIONAL FEDERICO ERRAZURIZ,Particular Subvencionado,Urbano,6,63,6310,Santa Cruz,517,18.3147204000902,283,62,63,109
2580,1,LICEO MARIA AUXILIADORA,Particular Subvencionado,Urbano,6,63,6310,Santa Cruz,358,15.0684350164242,278,28,13,39
2583,6,LICEO DE LOLOL,Municipal DAEM,Urbano,6,63,6304,Lolol,398,16.4078555025496,283,20,18,77
2599,2,ESCUELA MUNICIPAL DE PUMANQUE,Municipal DAEM,Urbano,6,63,6309,Pumanque,46,21.0736367703253,24,3,3,16
2612,3,LICEO SAN JOSE DEL CARMEN,Municipal DAEM,Rural,6,63,6306,Palmilla,231,17.7806994371287,146,16,17,52
2625,5,LICEO BICENTENARIO VICTOR JARA MARTINEZ,Municipal DAEM,Urbano,6,63,6307,Peralillo,452,17.7185320494868,291,40,16,105
2635,2,LICEO AGUSTIN ROSS EDWARDS,Municipal DAEM,Urbano,6,62,6201,Pichilemu,590,20.4436689522804,300,48,47,195
2656,5,COLEGIO DE LA PRECIOSA SANGRE,Particular Subvencionado,Urbano,6,62,6201,Pichilemu,158,14.566433947838,124,11,14,9
2657,3,LICEO MUNICIPAL PABLO NERUDA,Municipal DAEM,Urbano,6,62,6205,Navidad,341,20.5111054540685,167,30,26,118
2681,6,LICEO BICENTENARIO EL ROSARIO,Municipal DAEM,Urbano,6,62,6203,Litueche,405,21.8652250532821,157,34,37,177
2694,8,ESCUELA PROF. MONICA SILVA GOMEZ,Municipal DAEM,Urbano,6,62,6202,La Estrella,78,18.5834917237828,45,6,8,19
2701,4,LICEO MUNICIPAL INSTITUTO CARDENAL CARO,Municipal DAEM,Urbano,6,62,6204,Marchihue,259,18.4009819727209,141,33,28,57
2732,4,LICEO FERNANDO LAZCANO,Municipal DAEM,Urbano,7,73,7301,Curicó,356,23.5980641159409,149,33,19,155
2733,2,COLEGIO DEPORTIVO LUIS CRUZ MARTINEZ,Municipal DAEM,Urbano,7,73,7301,Curicó,429,21.5085172772506,177,51,46,155
2737,5,COLEGIO POLIVALENTE JAPÓN,Municipal DAEM,Urbano,7,73,7301,Curicó,56,26.8067160868313,12,3,11,30
2782,0,COLEGIO SAN RAMON NONATO,Particular Subvencionado,Urbano,7,73,7301,Curicó,499,16.2346917310649,332,55,53,59
2785,5,C.EDUC.MONS.MANUEL LARRAIN ERRAZURIZ.,Particular Subvencionado,Urbano,7,73,7301,Curicó,250,15.7641018680668,179,19,19,33
2787,1,COLEGIO SANTO TOMAS DE CURICO,Particular Subvencionado,Urbano,7,73,7301,Curicó,340,15.7276419573875,237,30,26,47
2793,6,INSTITUTO POLITECNICO BICENTENARIO JUAN TERRIER DAILLY,Administración Delegada (C. P. 3166),Urbano,7,73,7301,Curicó,1125,21.5856401853836,467,102,102,454
2794,4,LICEO TENO,Municipal DAEM,Urbano,7,73,7308,Teno,490,25.8312069306781,139,38,47,266
2829,0,ESCUELA BASICA LUIS ESCOBAR LARA,Municipal DAEM,Rural,7,73,7306,Romeral,349,21.5012617346034,2,0,1,2
2835,5,LICEO POLIVALENTE DE MOLINA,Municipal DAEM,Urbano,7,73,7304,Molina,473,23.2552328471114,203,31,27,212
2836,3,LICEO JUAN AGUSTIN MORALES GONZALEZ,Municipal DAEM,Urbano,7,73,7304,Molina,311,19.7333969188386,159,29,30,93
2863,0,COLEGIO ADVENTISTA DE MOLINA,Particular Subvencionado,Urbano,7,73,7304,Molina,296,16.0148728459444,218,21,16,41
2865,7,ESCUELA BICENTENARIO DE EXCELENCIA AGRICOLA SUPERIOR DE MOLINA,Administración Delegada (C. P. 3166),Urbano,7,73,7304,Molina,462,21.3804437201566,170,50,64,178
2882,7,LICEO BICENTENARIO HUALAÑE,Municipal DAEM,Urbano,7,73,7302,Hualañé,541,15.3824912217767,405,29,33,74
2884,3,ESCUELA CARLOS CORREA NUNEZ,Municipal DAEM,Rural,7,73,7302,Hualañé,349,20.1650093035855,10,0,0,6
2896,7,LICEO BICENTENARIO AUGUSTO SANTELICES VALENZUELA,Municipal DAEM,Urbano,7,73,7303,Licantén,266,18.418168625085,144,23,33,66
2908,4,LICEO TECNICO PROFESIONAL ALEJANDRO ROJAS SIERRA,Municipal DAEM,Rural,7,73,7303,Licantén,104,23.7856567066589,27,13,8,56
2909,2,LICEO NUEVO HORIZONTE,Municipal DAEM,Urbano,7,73,7309,Vichuquén,63,18.5600744143391,38,6,3,16
2910,6,LICEO BICENTENARIO DE EXCELENCIA ENTRE AGUAS DE LLICO,Municipal DAEM,Rural,7,73,7309,Vichuquén,82,16.7172398262182,56,9,3,14
2930,0,LICEO DE CULTURA Y DIFUSION ARTISTICA,Municipal DAEM,Urbano,7,71,7101,Talca,260,19.9923123461228,136,21,26,77
2934,3,LICEO TECNICO AMELIA COURBIS,Municipal DAEM,Urbano,7,71,7101,Talca,1055,20.5494097468347,512,89,96,358
2935,1,LICEO MARTA DONOSO ESPEJO,Municipal DAEM,Urbano,7,71,7101,Talca,1227,18.3318640210914,731,131,96,269
2937,8,LICEO INDUSTRIAL SUPERIOR,Municipal DAEM,Urbano,7,71,7101,Talca,664,21.3499358171514,276,53,75,260
2938,6,INST.SUP.DE COMERCIO ENRIQUE MALDONADO S,Municipal DAEM,Urbano,7,71,7101,Talca,1292,20.7087634216646,662,106,98,426
2939,4,LICEO BICENTENARIO DIEGO PORTALES,Municipal DAEM,Urbano,7,71,7101,Talca,337,20.8076363797529,170,31,28,108
2940,8,LICEO CARLOS CONDELL,Municipal DAEM,Urbano,7,71,7101,Talca,160,28.4089838360791,51,12,2,95
2943,2,LICEO HECTOR PEREZ BIOTT,Municipal DAEM,Urbano,7,71,7101,Talca,140,23.043086985403,55,9,17,59
2973,4,LICEO ABATE MOLINA,Municipal DAEM,Urbano,7,71,7101,Talca,1665,16.4773616513321,1150,128,95,292
2974,2,LICEO IGNACIO CARRERA PINTO,Municipal DAEM,Urbano,7,71,7101,Talca,72,26.6244201859884,25,7,4,36
2979,3,LICEO TECNICO-PROFESIONAL EL SAUCE,Municipal DAEM,Rural,7,71,7101,Talca,126,21.172968415392,51,6,15,54
2990,4,ESCUELA PARTICULAR AMOR DE DIOS,Particular Subvencionado,Urbano,7,71,7101,Talca,59,20.347234587528,27,8,1,23
2991,2,COLEGIO MONSENOR MANUEL LARRAIN,Particular Subvencionado,Urbano,7,71,7101,Talca,295,14.4462735549666,234,20,18,23
2992,0,COLEGIO INTEGRADO SAN PIO X SECTOR PTE.,Particular Subvencionado,Urbano,7,71,7101,Talca,437,15.9677788807194,319,40,25,53
2995,5,INSTITUTO ANDRES BELLO,Particular Subvencionado,Urbano,7,71,7101,Talca,542,16.0809210271326,379,52,43,68
2997,1,COLEGIO DARIO SALAS,Particular Subvencionado,Urbano,7,71,7101,Talca,490,19.6892663710932,268,34,36,152
3003,1,COLEGIO PIAGET,Particular Subvencionado,Urbano,7,71,7101,Talca,138,28.3785944812158,39,12,13,74
3005,8,LICEO SANTA TERESITA,Particular Subvencionado,Urbano,7,71,7101,Talca,341,18.3614342184215,183,47,35,76
3006,6,CENTRO EDUCATIVO SALESIANOS TALCA,Particular Subvencionado,Urbano,7,71,7101,Talca,1163,18.9736904698141,596,115,111,341
3010,4,COLEGIO SAN FRANCISCO DE ASIS,Particular Subvencionado,Urbano,7,71,7101,Talca,104,20.9623925005382,53,9,10,32
3013,9,COLEGIO JUAN IGNACIO MOLINA,Particular Subvencionado,Urbano,7,71,7101,Talca,395,18.0307826694924,238,33,37,87
3016,3,LICEO DE PELARCO,Municipal DAEM,Urbano,7,71,7106,Pelarco,278,20.5366887443402,131,28,23,96
3033,3,LICEO BICENTENARIO AGROINDUSTRIAL RIO CLARO,Municipal DAEM,Urbano,7,71,7108,Río Claro,258,22.9168506565401,97,18,21,122
3055,4,LICEO SAN CLEMENTE ENTRE RIOS,Municipal DAEM,Urbano,7,71,7109,San Clemente,692,18.9576907540429,381,67,58,186
3059,7,COLEGIO DEIDAMIA PAREDES BELLO,Municipal DAEM,Rural,7,71,7109,San Clemente,122,18.6003502064744,64,14,14,30
3108,9,COLEGIO PAULA MONTAL,Particular Subvencionado,Urbano,7,71,7109,San Clemente,180,15.4724823429491,130,22,11,17
3110,0,COMPLEJO EDUCACIONAL MAULE,Municipal DAEM,Urbano,7,71,7105,Maule,170,21.5145583380595,84,10,15,61
3126,7,LICEO TECNICO AGRICOLA MARIA AUXILIADORA,Particular Subvencionado,Rural,7,71,7105,Maule,266,22.0682904369838,110,24,17,115
3127,5,ESCUELA AGRICOLA SAN JOSE DE DUAO,Administración Delegada (C. P. 3166),Urbano,7,71,7105,Maule,425,20.2623939285047,179,53,52,141
3128,3,LICEO SAN IGNACIO,Servicio Local de Educación(SLE),Urbano,7,71,7104,Empedrado,199,17.9998713885045,117,19,23,40
3138,0,COMPLEJO EDUCACIONAL PENCAHUE,Municipal DAEM,Urbano,7,71,7107,Pencahue,124,19.600050895482,66,13,8,37
3163,1,INSTITUTO BICENTENARIO DE EXCELENCIA POLITECNICO SUPERIOR EGIDIO ROZZI SACHETTI,Administración Delegada (C. P. 3166),Urbano,7,71,7102,Constitución,638,22.2538157009844,292,50,45,251
3165,8,LICEO CONSTITUCION,Servicio Local de Educación(SLE),Urbano,7,71,7102,Constitución,561,21.2722096428619,285,45,38,193
3172,0,LICEO BICENTENARIO DE EXCELENCIA TECNICO PROFESIONAL PUTÚ,Servicio Local de Educación(SLE),Rural,7,71,7102,Constitución,165,18.3008972730588,97,10,13,45
3173,9,LICEO RURAL ENRIQUE MAC IVER,Servicio Local de Educación(SLE),Rural,7,71,7102,Constitución,156,19.6420239948333,80,14,14,48
3202,6,COLEGIO BICENTENARIO DE EXCELENCIA SAN ALBERTO HURTADO,Particular Subvencionado,Urbano,7,71,7102,Constitución,473,17.7158724665729,269,60,39,105
3205,0,LICEO LUIS EDMUNDO CORREA ROJAS,Municipal DAEM,Urbano,7,71,7103,Curepto,319,15.9665185722366,235,21,22,41
3209,3,ESCUELA ELENA ARMIJO MORALES,Municipal DAEM,Rural,7,71,7103,Curepto,349,19.2105576494254,2,1,2,1
3247,6,LICEO VALENTIN LETELIER,Municipal DAEM,Urbano,7,74,7401,Linares,1265,18.4615707353243,746,119,99,301
3248,4,INSTITUTO COMERCIAL,Municipal DAEM,Urbano,7,74,7401,Linares,1220,18.4542303263504,696,120,106,298
3252,2,LICEO TECNICO PROFESIONAL DIEGO PORTALES,Municipal DAEM,Urbano,7,74,7401,Linares,1011,17.4794343129756,637,97,60,217
3290,5,LICEO MARIA AUXILIADORA,Particular Subvencionado,Urbano,7,74,7401,Linares,629,17.1498738770036,405,57,55,112
3296,4,ESC.AGRIC.PART.SALESIANA DON BOSCO,Particular Subvencionado,Urbano,7,74,7401,Linares,848,20.4866474569762,323,116,94,315
3298,0,LICEO NUESTRA SEÑORA DEL ROSARIO,Particular Subvencionado,Urbano,7,74,7401,Linares,347,16.6550348418697,221,43,28,55
3300,6,INSTITUTO LINARES,Particular Subvencionado,Urbano,7,74,7401,Linares,364,15.5041057818796,258,32,28,46
3302,2,COLEGIO LA PROVIDENCIA,Particular Subvencionado,Urbano,7,74,7401,Linares,297,17.2484310099579,182,24,30,61
3303,0,COLEGIO AMELIA TRONCOSO,Particular Subvencionado,Urbano,7,74,7401,Linares,294,20.9737590378884,115,34,27,118
3304,9,COLEGIO SAN MIGUEL ARCANGEL,Particular Subvencionado,Urbano,7,74,7401,Linares,355,17.1309023070447,228,40,32,55
3305,7,INSTITUTO POLITECNICO IRENEO BADILLA FUENTES,Municipal DAEM,Urbano,7,74,7401,Linares,723,24.9758913689611,230,62,66,365
3308,1,COLEGIO CONCEPCION LINARES,Particular Subvencionado,Urbano,7,74,7401,Linares,242,17.3252334086253,148,29,17,48
3311,1,ESCUELA LUCILA GODOY,Particular Subvencionado,Urbano,7,74,7401,Linares,180,20.2199601108695,72,22,20,66
3313,8,LICEO JUAN DE DIOS PUGA,Municipal DAEM,Urbano,7,74,7408,Yerbas Buenas,228,19.1264634644982,118,21,22,67
3317,0,LICEO JUAN GOMEZ MILLAS,Municipal DAEM,Rural,7,74,7408,Yerbas Buenas,107,15.599451999499,74,11,5,17
3327,8,LICEO BICENTENARIO AGRÍCOLA MARTA MARTÍNEZ CRUZ,Administración Delegada (C. P. 3166),Urbano,7,74,7408,Yerbas Buenas,296,20.5737122882834,122,36,37,101
3328,6,LICEO CAPITAN IGNACIO CARRERA PINTO,Municipal DAEM,Urbano,7,74,7402,Colbún,664,22.2693652201951,228,54,81,301
3348,0,LICEO ARTURO ALESSANDRI PALMA,Municipal DAEM,Urbano,7,74,7403,Longaví,425,19.8777602510607,194,53,38,140
3359,6,LICEO LAURA URRUTIA BENAVENTE,Municipal DAEM,Rural,7,74,7403,Longaví,106,21.4057437403429,41,6,8,51
3387,1,LICEO FEDERICO HEISE MARTI,Municipal DAEM,Urbano,7,74,7404,Parral,778,21.5119291452361,307,65,85,321
3393,6,ESCUELA ARRAU MENDEZ,Municipal DAEM,Urbano,7,74,7404,Parral,36,25.1519362805651,11,3,6,16
3400,2,COLEGIO ALBERTO MOLINA CASTILLO,Municipal DAEM,Rural,7,74,7404,Parral,112,20.0886315556926,51,13,12,36
3430,4,INSTITUTO PARRAL,Particular Subvencionado,Urbano,7,74,7404,Parral,158,14.3044437230428,121,11,7,19
3431,2,COLEGIO SAN JOSE,Particular Subvencionado,Urbano,7,74,7404,Parral,278,16.5478084192798,187,23,18,50
3432,0,COLEGIO PARTICULAR PROVIDENCIA,Particular Subvencionado,Urbano,7,74,7404,Parral,434,17.646360669246,267,38,34,95
3433,9,COLEGIO CONCEPCION DE PARRAL,Particular Subvencionado,Urbano,7,74,7404,Parral,138,14.1216817954296,114,4,7,13
3434,7,LICEO GUILLERMO MARIN LARRAIN,Municipal DAEM,Urbano,7,74,7405,Retiro,853,19.078091699279,434,98,68,253
3442,8,COLEGIO AJIAL,Municipal DAEM,Rural,7,74,7405,Retiro,97,17.4325153597354,61,7,11,18
3443,6,COLEGIO ROBINSON CABRERA BELTRAN,Municipal DAEM,Rural,7,74,7405,Retiro,103,19.5379202733621,49,10,9,35
3460,6,COLEGIO BICENTENARIO POLIVALENTE LAS CAMELIAS,Particular Subvencionado,Rural,7,74,7405,Retiro,255,16.5322135708556,172,22,24,37
3461,4,LICEO FRANCISCO ANTONIO ENCINA ARMANET,Municipal DAEM,Urbano,7,74,7407,Villa Alegre,225,22.4536295726597,84,24,14,103
3478,9,ESCUELA AGRICOLA SAGRADOS CORAZONES,Particular Subvencionado,Rural,7,74,7407,Villa Alegre,152,21.7115412813055,56,15,26,55
3479,7,LICEO MANUEL MONTT,Municipal DAEM,Urbano,7,74,7406,San Javier,1455,20.00953968917,699,162,135,459
3530,0,COLEGIO PARTICULAR SAN JOSE,Particular Subvencionado,Urbano,7,74,7406,San Javier,331,16.6782914512319,225,38,23,45
3531,9,INSTITUTO REGIONAL DEL MAULE,Particular Subvencionado,Urbano,7,74,7406,San Javier,326,16.0487583577175,230,24,32,40
3532,7,COLEGIO PARTICULAR PIAGET,Particular Subvencionado,Urbano,7,74,7406,San Javier,77,16.4161007566304,46,13,8,10
3533,5,LICEO SAGRADOS CORAZONES,Particular Subvencionado,Urbano,7,74,7406,San Javier,352,16.4875520330868,235,27,30,60
3538,6,LICEO ANTONIO VARAS,Servicio Local de Educación(SLE),Urbano,7,72,7201,Cauquenes,458,17.3705972899687,292,46,31,89
3539,4,LICEO CLAUDINA URRUTIA DE LAVIN,Servicio Local de Educación(SLE),Urbano,7,72,7201,Cauquenes,718,17.2250308577984,472,65,46,135
3540,8,LICEO POLITECNICO PEDRO AGUIRRE CERDA,Servicio Local de Educación(SLE),Urbano,7,72,7201,Cauquenes,579,16.1517518793852,409,48,31,91
3608,0,LICEO INMACULADA CONCEPCION,Particular Subvencionado,Urbano,7,72,7201,Cauquenes,310,15.4696064652453,232,26,21,31
3609,9,LICEO PELLUHUE,Servicio Local de Educación(SLE),Urbano,7,72,7203,Pelluhue,413,20.8849605193374,203,35,31,144
3618,8,LICEO FEDERICO ALBERT FAUPP,Servicio Local de Educación(SLE),Urbano,7,72,7202,Chanco,314,17.6946646817439,196,18,31,69
3638,2,LICEO BICENTENARIO MARTA BRUNET CÁRAVES,Municipal DAEM,Urbano,16,161,16101,Chillán,812,19.6416049354322,457,83,54,218
3639,0,LICEO NARCISO TONDREAU,Municipal DAEM,Urbano,16,161,16101,Chillán,286,19.5914938446653,159,26,22,79
3640,4,INSTITUTO SUPERIOR DE COMERCIO PROFESOR FERNANDO PÉREZ BECERRA,Administración Delegada (C. P. 3166),Urbano,16,161,16101,Chillán,747,23.4337026665574,251,81,89,326
3641,2,INSTITUTO INDUSTRIAL SUPERIOR DE CHILLÁN,Administración Delegada (C. P. 3166),Urbano,16,161,16101,Chillán,420,21.7316434232278,174,46,36,164
3642,0,INSTITUTO TÉCNICO MABEL CONDEMARÍN GRIMBERG,Administración Delegada (C. P. 3166),Urbano,16,161,16101,Chillán,389,22.1623741762404,151,32,40,166
3643,9,LICEO BICENTENARIO DE EXCELENCIA MARTÍN RUIZ DE GAMBOA,Municipal DAEM,Urbano,16,161,16101,Chillán,77,29.4241785673841,21,6,5,45
3656,0,LICEO POLIVALENTE JUAN PACHECO ALTAMIRANO,Municipal DAEM,Urbano,16,161,16103,Chillán Viejo,150,17.1527483924778,102,8,10,30
3657,9,LICEO LIBERTADOR BERNARDO O´HIGGINS RIQUELME,Municipal DAEM,Urbano,16,161,16101,Chillán,88,24.1557313735302,30,10,8,40
3662,5,LICEO REPÚBLICA DE ITALIA ARTURO BONOMETTI BROGI,Municipal DAEM,Urbano,16,161,16101,Chillán,167,19.7070101769931,90,11,16,50
3711,7,COLEGIO DE LA PURISIMA CONCEPCION,Particular Subvencionado,Urbano,16,161,16101,Chillán,290,15.9914741890718,206,21,24,39
3713,3,COLEGIO SEMINARIO PADRE ALBERTO HURTADO,Particular Subvencionado,Urbano,16,161,16101,Chillán,661,16.925470559006,414,72,61,114
3718,4,INSTITUTO SANTA MARIA,Particular Subvencionado,Urbano,16,161,16101,Chillán,470,13.0360157791142,416,27,15,12
3719,2,COLEGIO COYAM,Particular Subvencionado,Urbano,16,161,16101,Chillán,240,20.2136468246387,121,22,21,76
3723,0,COLEGIO DARIO SALAS,Particular Subvencionado,Urbano,16,161,16101,Chillán,258,18.6089255466722,155,28,18,57
3724,9,COLEGIO SAN VICENTE DE PAUL,Particular Subvencionado,Urbano,16,161,16101,Chillán,353,19.162490333583,160,42,48,103
3728,1,COLEGIO SAN BUENAVENTURA,Particular Subvencionado,Urbano,16,161,16101,Chillán,244,17.0476827653831,159,18,21,46
3730,3,COLEGIO SAGRADO CORAZÓN DE JESÚS,Particular Subvencionado,Urbano,16,161,16101,Chillán,154,14.491792383991,118,16,7,13
3733,8,COLEGIO GABRIELA MISTRAL,Particular Subvencionado,Urbano,16,161,16101,Chillán,107,20.1303474428126,55,6,13,33
3735,4,COLEGIO CHILLAN,Particular Subvencionado,Urbano,16,161,16101,Chillán,417,17.1610941154719,271,49,32,65
3739,7,LICEO BICENTENARIO DE EXCELENCIA AGRÍCOLA DE CHILLÁN - CATO,Administración Delegada (C. P. 3166),Urbano,16,161,16101,Chillán,286,21.2734864488587,114,31,36,105
3742,7,LICEO POLITECNICO CAP. IGNACIO CARRERA P,Servicio Local de Educación(SLE),Urbano,16,163,16301,San Carlos,696,21.0032139886331,336,65,43,252
3743,5,LICEO BICENTENARIO DE EXCELENCIA DIEGO PORTALES PALAZUELOS,Servicio Local de Educación(SLE),Urbano,16,163,16301,San Carlos,265,16.142289718953,188,21,21,35
3795,8,INSTITUTO SANTA MARIA DE SAN CARLOS,Particular Subvencionado,Urbano,16,163,16301,San Carlos,290,15.3619270796575,216,27,12,35
3796,6,LICEO BICENTENARIO POLIVALENTE NUESTRA SEÑORA DE LA MERCED,Particular Subvencionado,Urbano,16,163,16301,San Carlos,478,16.6620674954152,309,39,46,84
3797,4,COLEGIO SAGRADO CORAZON DE JESUS,Particular Subvencionado,Urbano,16,163,16301,San Carlos,499,17.6668832890761,292,56,41,110
3800,8,LICEO TIUQUILEMU,Servicio Local de Educación(SLE),Rural,16,163,16303,Ñiquén,95,18.386950661306,54,11,13,17
3802,4,LICEO SAN GREGORIO,Servicio Local de Educación(SLE),Urbano,16,163,16303,Ñiquén,239,17.734239006167,136,24,22,57
3823,7,LICEO BICENTENARIO POLIVALENTE JORGE ALESSANDRI RODRIGUEZ,Servicio Local de Educación(SLE),Urbano,16,163,16304,San Fabián,266,19.1783531665004,132,23,33,78
3865,2,COLEGIO ADVENTISTA DE CHILE,Particular Subvencionado,Rural,16,161,16101,Chillán,693,17.9066190270079,401,77,70,145
3871,7,LICEO BICENTENARIO POLITÉCNICO JOSÉ MANUEL PINTO ARIAS,Servicio Local de Educación(SLE),Urbano,16,161,16106,Pinto,411,18.8577085389435,204,50,55,102
3885,7,COLEGIO FRANCISCO DE ASIS,Particular Subvencionado,Urbano,16,161,16106,Pinto,263,14.3740411891154,215,15,14,19
3886,5,LICEO BICENTENARIO MANUEL JESUS ORTIZ,Municipal DAEM,Urbano,16,161,16108,San Ignacio,164,16.8489677974115,108,15,11,30
3887,3,LICEO BICENTENARIO DE EXCELENCIA PUEBLO SECO,Municipal DAEM,Rural,16,161,16108,San Ignacio,155,16.8964121191554,102,14,10,29
3888,1,COLEGIO BICENTENARIO DE EXCELENCIA POLITECNICO VICTOR JARA,Municipal DAEM,Rural,16,161,16108,San Ignacio,108,18.0264824297108,66,9,5,28
3907,1,COLEGIO BICENTENARIO MARY WARD,Particular Subvencionado,Urbano,16,161,16108,San Ignacio,286,15.7642116188889,204,29,11,42
3909,8,LICEO BICENTENARIO DE EXCELENCIA POLIVALENTE JUVENAL HERNÁNDEZ JAQUE,Municipal DAEM,Urbano,16,161,16104,El Carmen,769,16.2714278575894,522,69,61,117
3940,3,LICEO DE YUNGAY,Municipal DAEM,Urbano,16,161,16109,Yungay,537,19.0825236158797,296,36,49,156
3941,1,LICEO CAMPANARIO,Municipal DAEM,Urbano,16,161,16109,Yungay,166,21.3246711890521,67,21,10,68
3960,8,COLEGIO DIVINA PASTORA,Particular Subvencionado,Urbano,16,161,16109,Yungay,171,15.9393189570264,117,13,13,28
3961,6,LICEO POLIVALENTE TOMÁS ARNALDO HERRERA VEGA,Municipal DAEM,Urbano,16,161,16105,Pemuco,258,17.5331026067027,150,35,16,57
3976,4,LICEO MANUEL BULNES,Municipal DAEM,Urbano,16,161,16102,Bulnes,412,18.9405239891926,246,39,25,102
3977,2,LICEO BICENTENARIO SANTA CRUZ DE LARQUI,Municipal DAEM,Urbano,16,161,16102,Bulnes,272,19.5323481668851,136,32,23,81
3998,5,LICEO POLIVALENTE LUIS CRUZ MARTINEZ,Municipal DAEM,Urbano,16,161,16107,Quillón,367,18.8088438186995,192,41,35,99
4025,8,LICEO BICENTENARIO DE EXCELENCIA POLIVALENTE VIRGINIO ARIAS,Municipal DAEM,Urbano,16,162,16206,Ranquil,296,17.5095399204631,179,22,25,70
4032,0,LICEO BICENTENARIO DE EXCELENCIA NIBALDO SEPÚLVEDA FERNÁNDEZ,Municipal DAEM,Urbano,16,162,16205,Portezuelo,130,15.1849772114093,92,11,9,18
4034,7,ESCUELA LOMAS DE CHUDAL,Municipal DAEM,Rural,16,162,16205,Portezuelo,26,14.2115309501959,23,0,0,3
4043,6,COLEGIO NUESTRA SEÑORA DEL CARMEN,Particular Subvencionado,Urbano,16,162,16205,Portezuelo,112,17.5717007863249,69,14,9,20
4049,5,LICEO BICENTENARIO DE EXCELENCIA DOMINGO ORTÍZ DE ROZAS,Municipal DAEM,Urbano,16,162,16203,Coelemu,736,15.9417658057222,517,57,58,104
4052,5,ESCUELA GUARILIHUE ALTO,Municipal DAEM,Rural,16,162,16203,Coelemu,116,12.9459240883363,101,6,4,5
4084,3,LICEO POLIVALENTE DIEGO MISSENE BURGOS,Municipal DAEM,Urbano,16,162,16202,Cobquecura,153,17.6956742855285,92,18,6,37
4102,5,LICEO BICENTENARIO DE EXCELENCIA CARLOS MONTANE CASTRO,Municipal DAEM,Urbano,16,162,16201,Quirihue,653,14.5550232798073,522,33,20,78
4124,6,LICEO BICENTENARIO DE EXCELENCIA ARTURO PRAT CHACON,Municipal DAEM,Urbano,16,162,16204,Ninhue,267,14.0706127381802,226,19,7,15
4140,8,LICEO BICENTENARIO DE EXCELENCIA POLIVALENTE SAN NICOLÁS,Municipal DAEM,Urbano,16,163,16305,San Nicolás,1117,16.4082779123099,750,105,92,170
4141,6,LICEO BICENTENARIO DE EXCELENCIA TÉCNICO PUENTE ÑUBLE,Municipal DAEM,Rural,16,163,16305,San Nicolás,174,17.8740402227166,98,22,13,41
4160,2,LICEO COMERCIAL CAMILO HENRIQUEZ,Particular Subvencionado,Urbano,8,83,8301,Los Ángeles,476,19.839309251958,243,40,45,148
4162,9,LICEO COMERCIAL DIEGO PORTALES PALAZUELO,Municipal DAEM,Urbano,8,83,8301,Los Ángeles,1489,18.7923184368477,824,144,126,395
4163,7,LICEO BICENTENARIO LOS ÁNGELES,Municipal DAEM,Urbano,8,83,8301,Los Ángeles,1018,21.2202226478632,385,112,126,395
4164,5,LICEO COEDUCACIONAL SANTA MARÍA DE LOS ÁNGELES,Municipal DAEM,Urbano,8,83,8301,Los Ángeles,985,19.4320111180747,495,123,97,270
4165,3,LICEO INDUSTRIAL SAMUEL VIVANCO PARADA,Municipal DAEM,Urbano,8,83,8301,Los Ángeles,753,24.0436127276513,206,77,87,383
4166,1,LICEO TECNICO BICENTENARIO JUANITA FERNANDEZ SOLAR,Municipal DAEM,Urbano,8,83,8301,Los Ángeles,884,20.5966355398127,393,94,96,301
4190,4,LICEO SANTA FE,Municipal DAEM,Rural,8,83,8301,Los Ángeles,211,20.6776587758422,92,18,23,78
4195,5,LICEO AGROINDUSTRIAL LLANO BLANCO,Municipal DAEM,Rural,8,83,8301,Los Ángeles,163,23.8595225251376,61,13,19,70
4262,5,COLEGIO PARTICULAR MARTA BRUNET,Particular Subvencionado,Urbano,8,83,8301,Los Ángeles,296,19.6013592876243,161,25,19,91
4263,3,COLEGIO SAN RAFAEL ARCANGEL,Particular Subvencionado,Urbano,8,83,8301,Los Ángeles,365,17.3704767533692,221,38,30,76
4269,2,COLEGIO HISPANOAMERICANO,Particular Subvencionado,Urbano,8,83,8301,Los Ángeles,283,17.6585738302833,173,24,24,62
4270,6,LICEO PARTICULAR CARLOS CONDELL,Particular Subvencionado,Urbano,8,83,8301,Los Ángeles,287,24.8532021251754,96,15,22,154
4277,3,CENTRO EDUCACIÓN ADVENTISTA LOS ÁNGELES,Particular Subvencionado,Rural,8,83,8301,Los Ángeles,884,17.5688986566447,525,76,90,193
4287,0,LICEO AGRÍCOLA Y FORESTAL EL HUERTÓN,Administración Delegada (C. P. 3166),Urbano,8,83,8301,Los Ángeles,738,19.8969255845433,338,95,75,230
4288,9,LICEO BICENTENARIO POLITÉCNICO MONTE ÁGUILA,Municipal DAEM,Urbano,8,83,8303,Cabrero,427,19.3135394226859,211,46,38,132
4289,7,LICEO MANUEL ARÍSTIDES ZAÑARTU,Municipal DAEM,Urbano,8,83,8303,Cabrero,563,17.5256459838292,337,49,48,129
4292,7,ESCUELA SALTO EL LAJA,Municipal DAEM,Rural,8,83,8303,Cabrero,116,16.5554500405482,74,12,10,20
4307,9,COLEGIO SAN JOSE,Particular Subvencionado,Urbano,8,83,8303,Cabrero,465,16.0850529638412,330,51,25,59
4309,5,LICEO DE HUEPIL,Municipal DAEM,Urbano,8,83,8312,Tucapel,362,16.5950551687381,237,26,26,73
4310,9,LICEO ANDRÉS ALCÁZAR DE TUCAPEL,Municipal DAEM,Urbano,8,83,8312,Tucapel,155,15.1267159540882,122,8,6,19
4324,9,LICEO DOCTOR VÍCTOR RÍOS RUIZ,Municipal DAEM,Urbano,8,83,8302,Antuco,216,18.6470396910948,125,16,17,58
4331,1,LICEO BICENTENARIO FRANCISCO BASCUNAN GUERRERO,Municipal DAEM,Urbano,8,83,8309,Quilleco,208,17.5950949086407,133,20,17,38
4333,8,LICEO ISABEL RIQUELME,Municipal DAEM,Urbano,8,83,8309,Quilleco,135,18.5703688870554,81,9,11,34
4353,2,LICEO CARDENAL ANTONIO SAMORE,Municipal DAEM,Urbano,8,83,8311,Santa Bárbara,428,18.2808396499685,244,42,41,101
4382,6,COLEGIO SANTA BARBARA,Particular Subvencionado,Urbano,8,83,8311,Santa Bárbara,176,16.0584893621872,124,18,15,19
4392,3,LICEO BICENTENARIO VALLE DEL SOL QUILACO,Municipal DAEM,Urbano,8,83,8308,Quilaco,164,18.4275377299594,93,22,16,33
4404,0,LICEO MIGUEL ÁNGEL CERDA LEIVA,Municipal DAEM,Urbano,8,83,8305,Mulchén,740,16.1848317607633,517,81,57,85
4408,3,LICEO CRISOL,Municipal DAEM,Urbano,8,83,8305,Mulchén,492,20.4144815303507,215,52,42,183
4446,6,LICEO POLIVALENTE LA FRONTERA,Municipal DAEM,Urbano,8,83,8307,Negrete,345,17.8982006781581,204,34,28,79
4451,2,LICEO POLIVALENTE MUNICIPAL DE NACIMIENTO,Municipal DAEM,Urbano,8,83,8306,Nacimiento,954,18.8398029941111,540,94,72,248
4483,0,LICEO BICENTENARIO POLITECNICO HEROES DE LA CONCEPCIÓN,Municipal DAEM,Urbano,8,83,8304,Laja,1171,16.2557744159181,783,114,95,179
4500,4,LICEO ISIDORA AGUIRRE TUPPER,Municipal DAEM,Urbano,8,83,8310,San Rosendo,103,18.7130096692635,57,5,15,26
4505,5,LICEO PADRE LUIS ALBERTO SALDES IRARRAZABAL,Municipal DAEM,Urbano,8,83,8313,Yumbel,318,18.0141678515909,184,32,33,69
4507,1,LICEO TÉCNICO PROFESIONAL GONZALO GUGLIELMI MONTIEL,Municipal DAEM,Urbano,8,83,8313,Yumbel,208,19.2988355399565,104,18,17,69
4509,8,LICEO MUNICIPAL RIO CLARO,Municipal DAEM,Rural,8,83,8313,Yumbel,97,17.6084346431988,57,9,8,23
4530,6,INSTITUTO SAN SEBASTIÁN BÁSICO.,Particular Subvencionado,Urbano,8,83,8313,Yumbel,318,15.9367486007499,226,32,23,37
4531,4,COLEGIO MARINA DE CHILE,Servicio Local de Educación(SLE),Urbano,8,81,8101,Concepción,469,22.3834375377933,174,56,32,207
4533,0,LICEO TÉCNICO FEMENINO A-29 DE CONCEPCIÓN,Administración Delegada (C. P. 3166),Urbano,8,81,8101,Concepción,505,23.8149052586584,170,49,43,243
4534,9,LICEO BICENTENARIO DE EXCELENCIA COMERCIAL INSUCO,Administración Delegada (C. P. 3166),Urbano,8,81,8101,Concepción,989,20.5594183939872,469,86,95,339
4535,7,LICEO INDUSTRIAL DE CONCEPCION,Administración Delegada (C. P. 3166),Urbano,8,81,8101,Concepción,469,25.2024442970392,115,46,42,266
4536,5,LICEO COMERCIAL FEMENINO DE CONCEPCION,Administración Delegada (C. P. 3166),Urbano,8,81,8101,Concepción,204,21.7360727360798,102,15,9,78
4553,5,LICEO DE NIÑAS,Servicio Local de Educación(SLE),Urbano,8,81,8101,Concepción,383,21.0625876323747,180,28,25,150
4555,1,LICEO ENRIQUE MOLINA GARMENDIA,Servicio Local de Educación(SLE),Urbano,8,81,8101,Concepción,322,21.7803836168875,138,30,24,130
4557,8,LICEO POLIVALENTE EXPERIMENTAL LUCILA GODOY ALCAYAGA,Servicio Local de Educación(SLE),Urbano,8,81,8101,Concepción,336,21.2348256003612,165,30,21,120
4559,4,LICEO LORENZO ARENAS OLIVO,Servicio Local de Educación(SLE),Urbano,8,81,8101,Concepción,95,31.4882157439296,13,3,4,75
4560,8,LICEO CHIGUAYANTE,Servicio Local de Educación(SLE),Urbano,8,81,8103,Chiguayante,126,25.1973714017343,36,11,9,70
4561,6,LICEO JUAN MARTINEZ DE ROZAS,Servicio Local de Educación(SLE),Urbano,8,81,8101,Concepción,166,33.2417145922084,31,7,12,116
4562,4,LICEO SAN PEDRO,Servicio Local de Educación(SLE),Urbano,8,81,8108,San Pedro de la Paz,367,24.5494264682743,133,14,34,186
4563,2,COLEGIO REPÚBLICA DEL ECUADOR,Servicio Local de Educación(SLE),Urbano,8,81,8101,Concepción,97,28.9398354412861,24,5,6,62
4564,0,COLEGIO BICENTENARIO REPÚBLICA DEL BRASIL,Servicio Local de Educación(SLE),Urbano,8,81,8101,Concepción,592,22.5447925897868,241,48,44,259
4565,9,LICEO DOMINGO SANTA MARÍA,Servicio Local de Educación(SLE),Urbano,8,81,8101,Concepción,137,27.6977617100675,24,14,15,84
4571,3,COLEGIO JOSE HIPOLITO SALAS Y TORO,Servicio Local de Educación(SLE),Urbano,8,81,8103,Chiguayante,95,25.3144547084928,18,12,12,53
4572,1,COLEGIO GRAN BRETAÑA,Servicio Local de Educación(SLE),Urbano,8,81,8101,Concepción,253,27.623241528724,68,12,17,156
4574,8,COLEGIO BICENTENARIO ESPAÑA,Servicio Local de Educación(SLE),Urbano,8,81,8101,Concepción,362,22.3856374967791,141,44,36,141
4575,6,COLEGIO JOHN KENNEDY,Servicio Local de Educación(SLE),Urbano,8,81,8103,Chiguayante,209,22.1837480957035,77,23,16,93
4577,2,COLEGIO REPÚBLICA DE ISRAEL,Servicio Local de Educación(SLE),Urbano,8,81,8101,Concepción,121,27.8212468461573,30,8,6,77
4585,3,LICEO REBECA MATTE BELLO,Servicio Local de Educación(SLE),Urbano,8,81,8101,Concepción,118,24.6230692276832,48,8,4,58
4588,8,COLEGIO JUAN GREGORIO LAS HERAS,Servicio Local de Educación(SLE),Urbano,8,81,8101,Concepción,328,23.6872991808065,132,19,24,153
4589,6,LICEO LUCERO GONZALEZ,Servicio Local de Educación(SLE),Urbano,8,81,8101,Concepción,100,25.2826520767301,25,8,16,51
4591,8,COLEGIO REPUBLICA DE GRECIA,Servicio Local de Educación(SLE),Urbano,8,81,8103,Chiguayante,110,25.5055682788276,35,9,17,49
4616,7,ESCUELA BASICA MICHAIHUE,Servicio Local de Educación(SLE),Urbano,8,81,8108,San Pedro de la Paz,136,26.7326127373961,34,14,8,80
4617,5,COLEGIO GALVARINO DE LOMAS COLORADAS,Servicio Local de Educación(SLE),Urbano,8,81,8108,San Pedro de la Paz,151,20.9397933899444,65,21,13,52
4630,2,COLEGIO DEL SAGRADO CORAZON,Particular Subvencionado,Urbano,8,81,8101,Concepción,620,18.3498580666288,338,70,34,178
4631,0,COLEGIO PARTICULAR ANDRÉS BELLO,Particular Subvencionado,Urbano,8,81,8103,Chiguayante,567,21.2916575964457,223,72,62,210
4636,1,COLEGIO MARCELA PAZ,Particular Subvencionado,Urbano,8,81,8101,Concepción,159,17.5539391146066,100,10,13,36
4644,2,COLEGIO PARTICULAR JUAN BOSCO,Particular Subvencionado,Urbano,8,81,8108,San Pedro de la Paz,530,20.7928806843438,216,58,56,200
4646,9,COLEGIO SANTA SABINA,Particular Subvencionado,Urbano,8,81,8101,Concepción,400,15.9953015903757,283,33,28,56
4655,8,COLEGIO ADVENTISTA DE CONCEPCION,Particular Subvencionado,Urbano,8,81,8101,Concepción,302,15.7635102105166,217,25,18,42
4656,6,ESCUELA PARTICULAR INSTITUTO SAN PEDRO,Particular Subvencionado,Urbano,8,81,8108,San Pedro de la Paz,300,16.3453075043526,216,20,24,40
4659,0,COLEGIO LA PROVIDENCIA,Particular Subvencionado,Urbano,8,81,8101,Concepción,325,17.5783700846279,193,30,28,74
4662,0,COLEGIO SAN IGNACIO,Particular Subvencionado,Urbano,8,81,8108,San Pedro de la Paz,513,16.6143815339573,346,42,44,81
4663,9,COLEGIO MARIA INMACULADA,Particular Subvencionado,Urbano,8,81,8101,Concepción,532,16.5658509900182,353,49,45,85
4664,7,COLEGIO SANTA EUFRASIA,Particular Subvencionado,Urbano,8,81,8101,Concepción,332,18.1792255198194,204,28,29,71
4666,3,COLEGIO SANTA LUISA DE CONCEPCION,Particular Subvencionado,Urbano,8,81,8101,Concepción,317,15.4199899453532,241,19,25,32
4667,1,COLEGIO SAN PATRICIO,Particular Subvencionado,Urbano,8,81,8103,Chiguayante,300,15.9395596978682,223,21,10,46
4669,8,LICEO SAN AGUSTIN DE CONCEPCION,Particular Subvencionado,Urbano,8,81,8101,Concepción,359,14.8825934100974,283,25,22,29
4672,8,LICEO TÉCNICO PROFESIONAL BICENTENARIO JORGE SÁNCHEZ UGARTE,Particular Subvencionado,Urbano,8,81,8101,Concepción,530,21.306260165481,205,64,58,203
4677,9,ESCUELA PARTICULAR SAN JOSE,Particular Subvencionado,Urbano,8,81,8108,San Pedro de la Paz,180,15.7644684638872,130,20,13,17
4691,4,COLEGIO CHILENO ARABE,Particular Subvencionado,Urbano,8,81,8103,Chiguayante,138,14.5096783976845,110,11,7,10
4700,7,LICEO BICENTENARIO INDUSTRIAL DE LA CONSTRUCCIÓN HERNÁN VALENZUELA LEYTON,Administración Delegada (C. P. 3166),Urbano,8,81,8112,Hualpén,613,21.4833026033775,241,79,64,229
4702,3,LICEO BICENTENARIO ALMIRANTE PEDRO ESPINA RITCHIE,Municipal DAEM,Urbano,8,81,8110,Talcahuano,922,22.6129510280307,272,101,120,429
4703,1,LICEO INDUSTRIAL JUAN ANTONIO RIOS,Municipal DAEM,Urbano,8,81,8110,Talcahuano,280,21.1621106762543,116,36,30,98
4706,6,LICEO TÉCNICO PROFESIONAL PEDRO DEL RÍO ZAÑARTU,Municipal DAEM,Urbano,8,81,8112,Hualpén,284,23.6340861632136,102,17,23,142
4707,4,LICEO COMERCIAL PROFESOR SERGIO MORAGA ARCIL,Municipal DAEM,Urbano,8,81,8110,Talcahuano,434,22.6688084378473,179,43,28,184
4708,2,LICEO POLIVALENTE LAS SALINAS,Municipal DAEM,Urbano,8,81,8110,Talcahuano,275,21.500076065039,137,26,18,94
4709,0,LICEO TECNICO DE TALCAHUANO,Municipal DAEM,Urbano,8,81,8110,Talcahuano,554,21.0962574651823,236,59,55,204
4712,0,LICEO SANTA LEONOR,Municipal DAEM,Urbano,8,81,8110,Talcahuano,211,24.3035368955875,70,21,22,98
4715,5,LICEO SIMÓN BOLÍVAR,Municipal DAEM,Urbano,8,81,8112,Hualpén,223,22.1893460442865,81,31,22,89
4717,1,LICEO TÉCNICO PROFESIONAL LUCILA GODOY ALCAYAGA,Municipal DAEM,Urbano,8,81,8112,Hualpén,142,24.4944763383154,41,12,10,79
4733,3,LICEO BICENTENARIO ANITA SERRANO SEPULVEDA,Municipal DAEM,Urbano,8,81,8110,Talcahuano,90,18.7975720498675,50,7,8,25
4760,0,COLEGIO BERNARDO O´HIGGINS,Particular Subvencionado,Urbano,8,81,8112,Hualpén,155,17.3747163092583,106,10,12,27
4762,7,LICEO LA ASUNCION,Particular Subvencionado,Urbano,8,81,8110,Talcahuano,701,16.9316843759802,468,60,48,125
4778,3,COLEGIO PARTICULAR TALCAHUANO,Particular Subvencionado,Urbano,8,81,8110,Talcahuano,242,17.0789412248497,149,24,23,46
4779,1,COLEGIO ADVENTISTA DE TALCAHUANO CENTRO,Particular Subvencionado,Urbano,8,81,8110,Talcahuano,347,18.0482861745155,199,31,30,87
4782,1,CENTRO EDUCACIÓN EVANGÉLICO DE HUALPÉN,Particular Subvencionado,Urbano,8,81,8112,Hualpén,461,21.7692291415092,167,51,51,192
4785,6,COLEGIO SANTA BERNARDITA,Particular Subvencionado,Urbano,8,81,8110,Talcahuano,283,16.5046081979143,187,33,23,40
4790,2,COLEGIO MONTANER DE HUALPEN,Particular Subvencionado,Urbano,8,81,8112,Hualpén,269,15.4323890311711,198,23,12,36
4805,4,LICEO PENCOPOLITANO,Municipal DAEM,Urbano,8,81,8107,Penco,672,17.972133223522,399,70,46,157
4822,4,COLEGIO EL REFUGIO,Particular Subvencionado,Urbano,8,81,8107,Penco,180,18.7399153376994,80,25,27,48
4824,0,LICEO BICENTENARIO DE EXCELENCIA INDUSTRIAL DE TOME,Administración Delegada (C. P. 3166),Urbano,8,81,8111,Tomé,440,21.0254050047148,197,48,40,155
4825,9,LICEO COMERCIAL DE TOME,Municipal DAEM,Urbano,8,81,8111,Tomé,374,17.7629775947956,231,38,34,71
4829,1,LICEO VICENTE ALBERTO PALACIOS VALDES,Municipal DAEM,Urbano,8,81,8111,Tomé,657,16.4254600428268,444,67,50,96
4830,5,LICEO REPÚBLICA DEL ECUADOR,Municipal DAEM,Urbano,8,81,8111,Tomé,347,17.35201663785,223,20,29,75
4865,8,ESCUELA PARTICULAR MARGARITA NASEAU,Particular Subvencionado,Urbano,8,81,8111,Tomé,278,15.0774802826873,211,24,14,29
4868,2,COLEGIO PADRE LUIS AMIGO,Particular Subvencionado,Urbano,8,81,8101,Concepción,182,19.8632318623821,83,12,24,63
4870,4,LICEO LUIS DE ALAVA,Servicio Local de Educación(SLE),Urbano,8,81,8104,Florida,295,16.8675419894868,190,33,30,42
4871,2,LICEO COPIULEMU,Servicio Local de Educación(SLE),Rural,8,81,8104,Florida,105,19.4335391041857,45,16,15,29
4897,6,LICEO SAN JUAN BAUTISTA DE HUALQUI,Servicio Local de Educación(SLE),Urbano,8,81,8105,Hualqui,502,18.7081568364619,286,43,32,141
4922,0,COLEGIO CONCEPCION HUALQUI,Particular Subvencionado,Urbano,8,81,8105,Hualqui,156,18.2395592680012,87,20,15,34
4925,5,LICEO NUEVA ZELANDIA,Servicio Local de Educación(SLE),Urbano,8,81,8109,Santa Juana,603,19.2104842529208,324,69,49,161
4948,4,LICEO POLITECNICO ROSAURO SANTANA RIOS,Servicio Local de Educación(SLE),Urbano,8,81,8106,Lota,232,18.2003744554172,138,20,19,55
4949,2,LICEO COMERCIAL PRESIDENTE FREI MONTALVA,Servicio Local de Educación(SLE),Urbano,8,81,8106,Lota,207,17.275289257676,140,19,12,36
4951,4,LICEO CARLOS COUSIÑO GOYENECHEA,Servicio Local de Educación(SLE),Urbano,8,81,8106,Lota,633,18.257706696003,342,68,57,166
4952,2,LICEO BALDOMERO LILLO FIGUEROA,Servicio Local de Educación(SLE),Urbano,8,81,8106,Lota,249,19.1048618612156,131,22,26,70
4958,1,LICEO THOMPSON MATTHEWS,Servicio Local de Educación(SLE),Urbano,8,81,8106,Lota,155,15.4697057647974,115,15,7,18
4969,7,LICEO SANTA DORIS,Particular Subvencionado,Urbano,8,81,8106,Lota,42,21.9859955561396,13,5,8,16
4973,5,INSTITUTO HUMANIDADES SAN FRANCISCO DE ASIS,Particular Subvencionado,Urbano,8,81,8106,Lota,344,17.8606458809087,198,36,34,76
4975,1,LICEO BICENTENARIO DE EXCELENCIA INDUSTRIAL FEDERICO SCHWAGER,Administración Delegada (C. P. 3166),Urbano,8,81,8102,Coronel,252,20.4182818403192,122,25,18,87
4977,8,LICEO COMERCIAL ANDRES BELLO LOPEZ,Servicio Local de Educación(SLE),Urbano,8,81,8102,Coronel,934,22.6658138741788,411,78,77,368
4982,4,LICEO CORONEL ANTONIO SALAMANCA,Servicio Local de Educación(SLE),Urbano,8,81,8102,Coronel,1366,19.1350432144206,729,132,102,403
4983,2,LICEO YOBILO DE CORONEL,Servicio Local de Educación(SLE),Urbano,8,81,8102,Coronel,504,21.3967505799043,215,48,40,201
4984,0,ESCUELA ROSITA RENARD,Servicio Local de Educación(SLE),Urbano,8,81,8102,Coronel,263,19.9808303596653,143,19,22,79
5002,4,ESCUELA JUAN JOSE LATORRE BENAVENTE,Servicio Local de Educación(SLE),Rural,8,81,8102,Coronel,105,17.4920413252466,62,10,11,22
5021,0,LICEO TÉCNICO PROFESIONAL DOCTOR RIGOBERTO IGLESIAS BASTÍAS DE LEBU,Municipal DAEM,Urbano,8,82,8201,Lebu,459,23.0302866492105,170,45,38,206
5024,5,LICEO BICENTENARIO ISIDORA RAMOS DE GAJARDO,Municipal DAEM,Urbano,8,82,8201,Lebu,595,17.0029063938649,398,43,33,121
5026,1,ESCUELA FRESIA GRACIELA MULLER RUIZ,Municipal DAEM,Urbano,8,82,8201,Lebu,330,19.7220834830805,176,29,21,104
5048,2,LICEO BICENTENARIO SAN FELIPE DE ARAUCO,Municipal DAEM,Urbano,8,82,8202,Arauco,709,19.1107794695046,372,73,88,176
5057,1,LICEO TÉCNICO PESQUERO FILIDOR GAETE MONSÁLVEZ,Municipal DAEM,Rural,8,82,8202,Arauco,102,18.126320717777,59,13,9,21
5082,2,LICEO SAN FRANCISCO DE ASIS,Particular Subvencionado,Urbano,8,82,8202,Arauco,505,18.8070587989283,252,71,47,135
5084,9,LICEO POLIVALENTE MARIANO LATORRE,Municipal DAEM,Urbano,8,82,8205,Curanilahue,1173,17.6621737610721,691,128,112,242
5104,7,COLEGIO ALONSO DE ERCILLA,Particular Subvencionado,Urbano,8,82,8205,Curanilahue,270,18.3876424822254,135,37,25,73
5105,5,LICEO BICENTENARIO POLITECNICO CAUPOLICAN,Municipal DAEM,Urbano,8,82,8206,Los Álamos,481,16.2013003675232,333,38,35,75
5109,8,LICEO CLAUDIO FLORES SOTO,Municipal DAEM,Rural,8,82,8206,Los Álamos,281,18.3315259345087,160,29,31,61
5113,6,LICEO ORLANDO DELGADO ZÚNIGA,Municipal DAEM,Rural,8,82,8206,Los Álamos,73,17.4869370041067,43,6,9,15
5122,5,LICEO CRISTO REDENTOR,Particular Subvencionado,Urbano,8,82,8206,Los Álamos,376,18.051131067851,220,29,27,100
5126,8,LICEO HUMANISTA CIENTÍFICO JOSÉ DE LA CRUZ MIRANDA CORREA,Municipal DAEM,Urbano,8,82,8203,Cañete,680,14.1421507635475,565,49,28,38
5131,4,LICEO HOMERO VIGUERAS,Municipal DAEM,Urbano,8,82,8203,Cañete,49,20.9713823084516,22,5,3,19
5150,0,LICEO GABRIELA MISTRAL,Particular Subvencionado,Urbano,8,82,8203,Cañete,534,14.1051946269691,413,47,37,37
5153,5,COLEGIO INSTITUTO SAN JOSE,Particular Subvencionado,Urbano,8,82,8203,Cañete,160,16.873173763363,105,15,16,24
5155,1,LICEO POLIVALENTE NAHUELBUTA,Municipal DAEM,Urbano,8,82,8204,Contulmo,316,16.7470007971449,215,27,22,52
5215,9,LICEO INDUSTRIAL B-5 ANGOL,Administración Delegada (C. P. 3166),Urbano,9,92,9201,Angol,598,21.3058685233348,221,89,58,230
5216,7,LICEO COMERCIAL ARMANDO BRAVO BRAVO,Municipal DAEM,Urbano,9,92,9201,Angol,445,18.7116683829484,243,44,39,119
5218,3,LICEO ENRIQUE BALLACEY COTTEREAU,Municipal DAEM,Urbano,9,92,9201,Angol,821,17.7142106149686,511,74,76,160
5219,1,LICEO BICENTENARIO POLITECNICO JUANITA FERNANDEZ,Municipal DAEM,Urbano,9,92,9201,Angol,852,21.0607662669164,376,94,65,317
5264,7,COLEGIO SAN FRANCISCO DE ASIS DE ANGOL,Particular Subvencionado,Urbano,9,92,9201,Angol,368,18.661230163479,189,40,38,101
5265,5,COLEGIO ADVENTISTA DE ANGOL,Particular Subvencionado,Urbano,9,92,9201,Angol,170,15.3795985317284,132,13,11,14
5267,1,ESCUELA AGRICOLA EL VERGEL,Particular Subvencionado,Rural,9,92,9201,Angol,132,24.8265003300746,27,14,19,72
5270,1,LICEO POLITECNICO DOMINGO STA MARIA,Municipal DAEM,Urbano,9,92,9209,Renaico,303,20.4146167991899,125,36,32,110
5274,4,LICEO AGRICOLA FORESTAL MANZANARES,Municipal DAEM,Rural,9,92,9209,Renaico,89,19.6308548042438,46,11,6,26
5282,5,COMPLEJO EDUCACIONAL COLLIPULLI,Municipal DAEM,Urbano,9,92,9202,Collipulli,848,17.9894080923639,505,91,83,169
5315,5,COLEGIO PARTIC. WOLFGANG AMADEUS MOZART,Particular Subvencionado,Urbano,9,92,9202,Collipulli,582,17.1749252915801,353,64,55,110
5323,6,LICEO BICENTENARIO POLIVALENTE LONQUIMAY,Municipal DAEM,Urbano,9,92,9205,Lonquimay,539,17.0012112366903,350,49,34,106
5343,0,LICEO POLITECNICO C-12 CURACAUTIN,Administración Delegada (C. P. 3166),Urbano,9,92,9203,Curacautín,402,21.6272540441779,154,51,39,158
5344,9,LICEO LAS ARAUCARIAS,Municipal DAEM,Urbano,9,92,9203,Curacautín,624,16.8385192160847,405,59,54,106
5374,0,LICEO ALONSO DE ERCILLA Y ZUÑIGA,Municipal DAEM,Urbano,9,92,9204,Ercilla,94,21.1010760742177,41,5,6,42
5393,7,LICEO BICENTENARIO POLITECNICO MANUEL MONTT,Municipal DAEM,Urbano,9,92,9211,Victoria,877,19.1062220905275,452,79,93,253
5394,5,LICEO JORGE ALESSANDRI RODRIGUEZ,Municipal DAEM,Urbano,9,92,9211,Victoria,595,16.8691291474207,402,41,45,107
5434,8,COLEGIO INSTITUTO VICTORIA,Particular Subvencionado,Urbano,9,92,9211,Victoria,341,16.2255531786256,249,39,25,28
5435,6,COLEGIO SANTA CRUZ DE VICTORIA,Particular Subvencionado,Urbano,9,92,9211,Victoria,316,16.8183088710612,204,27,30,55
5439,9,COMPLEJO EDUCACIONAL LUIS DURAND DURAND,Municipal DAEM,Urbano,9,92,9210,Traiguén,357,16.9370255886084,226,34,31,66
5440,2,LICEO LUCILA GODOY ALCAYAGA,Municipal DAEM,Urbano,9,92,9210,Traiguén,317,18.2228806574212,182,41,32,62
5465,8,COLEGIO BICENTENARIO LOUIS PASTEUR,Particular Subvencionado,Urbano,9,92,9210,Traiguén,276,16.2640235093567,189,31,21,35
5467,4,LICEO AGRICOLA Y FORESTAL SUIZO LA PROVI,Particular Subvencionado,Rural,9,92,9210,Traiguén,97,18.7564989887259,52,11,10,24
5507,7,LICEO MARIA AURORA GUINEZ RAMIREZ,Municipal DAEM,Urbano,9,92,9208,Purén,387,21.0539061995158,162,39,34,152
5509,3,LICEO BICENTENARIO INDÓMITO DE PURÉN,Municipal DAEM,Urbano,9,92,9208,Purén,247,13.3249758086532,213,16,8,10
5565,4,INSTITUTO SUPERIOR DE COMERCIO,Municipal DAEM,Urbano,9,91,9101,Temuco,302,24.9638712043105,102,29,23,148
5566,2,LICEO INDUSTRIAL A-27 TEMUCO,Administración Delegada (C. P. 3166),Urbano,9,91,9101,Temuco,900,22.842472067917,227,126,96,451
5567,0,LICEO BICENTENARIO TECNOLOGICO PEDRO AGUIRRE CERDA,Municipal DAEM,Urbano,9,91,9101,Temuco,186,22.3294443168332,67,18,25,76
5568,9,INSTITUTO SUPERIOR DE ESPECIALIDADES TECNICAS DE TEMUCO,Municipal DAEM,Urbano,9,91,9101,Temuco,764,21.6574101567321,363,66,68,267
5569,7,LICEO GABRIELA MISTRAL DE TEMUCO,Municipal DAEM,Urbano,9,91,9101,Temuco,472,21.5587592783755,205,49,36,182
5570,0,LICEO PABLO NERUDA,Municipal DAEM,Urbano,9,91,9101,Temuco,2043,20.5006771610683,918,216,212,697
5574,3,COMPLEJO EDUCACIONAL PADRE LAS CASAS,Particular Subvencionado,Urbano,9,91,9112,Padre Las Casas,244,21.2629272409576,107,29,14,94
5590,5,COMPLEJO EDUC. UN AMANECER EN LA ARAUCANIA,Municipal DAEM,Urbano,9,91,9101,Temuco,127,25.4080291961322,37,8,13,69
5597,2,COLEGIO ALONSO DE ERCILLA,Municipal DAEM,Urbano,9,91,9101,Temuco,189,23.5653276493515,64,19,14,92
5613,8,COMPLEJO EDUCACIONAL LA GRANJA,Municipal DAEM,Urbano,9,91,9119,Vilcún,340,18.5375524860659,181,36,33,90
5652,9,COLEGIO PROVIDENCIA DE TEMUCO,Particular Subvencionado,Urbano,9,91,9101,Temuco,302,17.6606477299648,195,28,16,63
5653,7,LICEO CARLOS CONDELL DE LA HAZA,Particular Subvencionado,Urbano,9,91,9101,Temuco,339,20.7348390025859,129,45,42,123
5654,5,INSTITUTO CLARET,Particular Subvencionado,Urbano,9,91,9101,Temuco,1099,19.5816366256336,511,111,124,353
5655,3,LICEO COMERCIAL TEMUCO BICENTENARIO DE EXCELENCIA,Particular Subvencionado,Urbano,9,91,9101,Temuco,1118,20.0436874709223,503,147,135,333
5656,1,LICEO POLITECNICO PUEBLO NUEVO,Particular Subvencionado,Urbano,9,91,9101,Temuco,890,24.8414044471172,185,97,102,506
5658,8,COMPLEJO EDUCACIONAL JAVIERA CARRERA,Particular Subvencionado,Urbano,9,91,9101,Temuco,297,19.3867212903242,153,31,36,77
5659,6,ESCUELA Y LICEO MONTESSORI,Particular Subvencionado,Urbano,9,91,9101,Temuco,338,14.3402724693437,272,24,24,18
5661,8,LICEO ADVENTISTA DE TEMUCO,Particular Subvencionado,Urbano,9,91,9101,Temuco,359,17.448242563576,212,42,30,75
5662,6,LICEO ESPANA DE TEMUCO,Particular Subvencionado,Urbano,9,91,9101,Temuco,279,19.9707633624596,130,25,46,78
5663,4,LICEO BICENTENARIO DE EXCELENCIA  PADRE OSCAR MOSER,Particular Subvencionado,Urbano,9,91,9112,Padre Las Casas,1080,21.502245292031,338,143,132,467
5666,9,LICEO CAMILO HENRIQUEZ DE TEMUCO,Particular Subvencionado,Urbano,9,91,9101,Temuco,1962,18.999738112291,942,250,238,532
5669,3,COLEGIO MADRE ADMIRABLE DE SCHOENSTATT,Particular Subvencionado,Urbano,9,91,9101,Temuco,143,20.3444278849721,65,15,13,50
5670,7,COLEGIO SAN FRANCISCO,Particular Subvencionado,Urbano,9,91,9101,Temuco,257,17.2732186747716,160,36,26,35
5697,9,ESCUELA PARTICULAR LAS AMERICAS,Particular Subvencionado,Urbano,9,91,9101,Temuco,114,22.2452771727676,48,8,9,49
5703,7,LICEO BICENTENARIO DE EXCELENCIA TECNICO PROFESIONAL CENTENARIO,Particular Subvencionado,Urbano,9,91,9101,Temuco,142,20.1086913595676,69,10,14,49
5713,4,COLEGIO PARTICULAR I. CULTURA BRITANICA,Particular Subvencionado,Urbano,9,91,9101,Temuco,276,21.7785498964081,98,30,26,122
5720,7,COLEGIO ÑIELOL CHE KIMUN,Particular Subvencionado,Rural,9,91,9112,Padre Las Casas,135,21.6056375328896,50,8,22,55
5729,0,LICEO TÉCNICO FEMENINO SANTA CRUZ ÑIELOL,Particular Subvencionado,Urbano,9,91,9101,Temuco,74,21.1774356831193,28,7,10,29
5806,8,ESCUELA PARTICULAR DAVID RIADI MATUS,Particular Subvencionado,Rural,9,91,9112,Padre Las Casas,42,29.3900894157904,9,2,1,30
5813,0,COLEGIO CENTENARIO DE TEMUCO,Particular Subvencionado,Urbano,9,91,9101,Temuco,375,14.8221487634146,288,37,14,36
5814,9,COLEGIO SANTA CRUZ,Particular Subvencionado,Urbano,9,91,9101,Temuco,420,17.0143931139345,270,31,35,84
5816,5,COLEGIO METODISTA,Particular Subvencionado,Urbano,9,91,9101,Temuco,284,14.1365450054826,232,15,16,21
5823,8,LICEO H-C JORGE TEILLIER SANDOVAL,Municipal DAEM,Urbano,9,91,9108,Lautaro,1126,16.4777766194878,776,92,67,191
5879,3,LICEO ISABEL POBLETE V.,Municipal DAEM,Urbano,9,91,9113,Perquenco,312,20.1708041444882,141,32,29,110
5897,1,COLEGIO AMERICA,Municipal DAEM,Urbano,9,91,9119,Vilcún,270,20.2784973413687,117,27,35,91
5921,8,LICEO BICENTENARIO PADRE NICOLÁS,Particular Subvencionado,Urbano,9,91,9119,Vilcún,586,19.0908861664563,294,77,70,145
5923,4,LICEO AGRICOLA CRUZ DEL SUR,Particular Subvencionado,Rural,9,91,9119,Vilcún,76,19.6290740297428,35,12,2,27
5957,9,LICEO MUNICIPAL ATENEA,Municipal DAEM,Urbano,9,91,9103,Cunco,424,17.0129070599551,265,45,43,71
5959,5,LICEO ARTURO VALENZUELA,Municipal DAEM,Urbano,9,91,9103,Cunco,182,16.0148403172402,136,14,12,20
5992,7,LICEO BICENTENARIO DE EXCELENCIA JUAN BOSCO,Particular Subvencionado,Urbano,9,91,9103,Cunco,235,18.6482979889593,124,26,21,64
6007,0,LICEO LOS ANDES,Municipal DAEM,Urbano,9,91,9110,Melipeuco,182,17.3271329908642,122,16,11,33
6027,5,COMPLEJO EDUCACIONAL MONSEÑOR FRCO. VALDES S,Municipal DAEM,Urbano,9,91,9104,Curarrehue,152,23.4286563298717,48,15,14,75
6051,8,LICEO BICENTENARIO   HOTELERIA Y TURISMO,Municipal DAEM,Urbano,9,91,9115,Pucón,356,18.4765117938824,211,34,30,81
6052,6,ESCUELA CARLOS HOLZAFEL,Municipal DAEM,Urbano,9,91,9115,Pucón,280,17.885171776315,170,23,25,62
6070,4,COMPLEJO EDUCACIONAL PABLO SEXTO,Particular Subvencionado,Urbano,9,91,9115,Pucón,398,19.7141767884552,205,33,33,127
6084,4,LICEO BICENTENARIO ARAUCANÍA,Municipal DAEM,Urbano,9,91,9120,Villarrica,456,17.0497012746832,267,60,39,90
6085,2,LICEO BICENTENARIO DE EXCELENCIA POLITECNICO VILLARRICA,Municipal DAEM,Urbano,9,91,9120,Villarrica,645,22.8430596895277,242,56,49,298
6087,9,LICEO BICENTENARIO DE EXCELENCIA ARTÍSTICO ALEXANDER GRAHAM BELL,Municipal DAEM,Urbano,9,91,9120,Villarrica,208,18.411161115724,122,22,25,39
6112,3,COLEGIO DE HUMANIDADES DE VILLARICA,Particular Subvencionado,Urbano,9,91,9120,Villarrica,857,18.189475197307,495,87,68,207
6113,1,ESCUELA INDUSTRIAL SAN JOSE,Particular Subvencionado,Urbano,9,91,9120,Villarrica,437,20.9187166863577,186,51,50,150
6115,8,LICEO BICENTENARIO DE EXCELENCIA SAN AGUSTÍN,Particular Subvencionado,Urbano,9,91,9120,Villarrica,162,21.0367228431562,61,27,19,55
6118,2,COLEGIO SANTA CRUZ,Particular Subvencionado,Urbano,9,91,9120,Villarrica,265,17.3042103703158,167,29,21,48
6119,0,LICEO PART. LIBERTAD,Particular Subvencionado,Urbano,9,91,9120,Villarrica,116,18.2008300586031,61,16,14,25
6120,4,COLEGIO ALBERTO HURTADO,Particular Subvencionado,Urbano,9,91,9120,Villarrica,404,16.0572606119634,289,40,28,47
6122,0,ESCUELA PARTICULAR ADVENTISTA,Particular Subvencionado,Urbano,9,91,9120,Villarrica,171,16.2792546800203,121,15,13,22
6135,2,ESCUELA PARTICULAR LUIS CRUZ MARTINEZ,Particular Subvencionado,Rural,9,91,9120,Villarrica,243,19.8038774749798,116,34,25,68
6163,8,LICEO JUAN SCHLEYER,Municipal DAEM,Urbano,9,91,9105,Freire,309,18.911168853425,173,29,31,76
6188,3,COLEGIO SANTA CRUZ DE FREIRE,Particular Subvencionado,Urbano,9,91,9105,Freire,142,15.1003892372577,112,12,5,13
6210,3,LICEO AGRICOLA PUQUEREO,Particular Subvencionado,Rural,9,91,9105,Freire,190,19.9634107411864,90,13,22,65
6223,5,LICEO BICENTENARIO CIENCIAS Y HUMANIDADES RBD 6223-5,Municipal DAEM,Urbano,9,91,9114,Pitrufquén,578,16.3159529800023,404,51,30,93
6230,8,LICEO MUNICIPAL LA FRONTERA,Municipal DAEM,Urbano,9,91,9114,Pitrufquén,134,20.2269374998709,74,9,10,41
6252,9,LICEO BICENTENARIO POLITECNICO PITRUFQUEN,Particular Subvencionado,Urbano,9,91,9114,Pitrufquén,705,19.9862663000111,309,94,82,220
6253,7,LICEO BICENTENARIO DE EXCELENCIA MONSEÑOR GUILLERMO HARTL,Particular Subvencionado,Urbano,9,91,9114,Pitrufquén,628,16.0511489152258,438,48,48,94
6267,7,LICEO PARTICULAR SUBV.QUINQUE,Particular Subvencionado,Rural,9,91,9114,Pitrufquén,42,22.9339700861011,21,3,3,15
6269,3,LICEO BICENTENARIO COMPLEJO EDUCACIONAL ANDRES ANTONIO GORBEA,Municipal DAEM,Urbano,9,91,9107,Gorbea,320,17.2753079582027,204,31,26,59
6270,7,LICEO JOSE VICTORINO LASTARRIA,Municipal DAEM,Urbano,9,91,9107,Gorbea,77,20.4921548966104,27,13,10,27
6301,0,LICEO BICENTENARIO DE EXCELENCIA TÉCNICO PROFESIONAL ANDRÉS BELLO,Municipal DAEM,Urbano,9,91,9109,Loncoche,309,22.2995299308801,112,26,31,140
6302,9,LICEO BICENTENARIO PADRE ALBERTO HURTADO CRUCHAGA,Municipal DAEM,Urbano,9,91,9109,Loncoche,565,18.779409315382,302,66,51,146
6336,3,COLEGIO SANTA CRUZ DE LONCOCHE,Particular Subvencionado,Urbano,9,91,9109,Loncoche,339,17.5183991484732,204,40,23,72
6348,7,COMPLEJO EDUCACIONAL MARTIN KLEINKNECHT,Servicio Local de Educación(SLE),Urbano,9,91,9118,Toltén,429,19.1063098858659,232,37,40,120
6397,5,LICEO MUNICIPAL BARROS ARANA,Servicio Local de Educación(SLE),Urbano,9,91,9117,Teodoro Schmidt,94,20.3261917838767,47,8,8,31
6398,3,COMPLEJO EDUCACIONAL NUEVA ALBORADA,Servicio Local de Educación(SLE),Urbano,9,91,9117,Teodoro Schmidt,139,16.0379380563614,100,16,12,11
6452,1,LICEO REINO DE SUECIA,Servicio Local de Educación(SLE),Urbano,9,91,9116,Saavedra,213,20.9217118863223,95,20,18,80
6465,3,LICEO PART. SUBVENC. LA SIERRA,Particular Subvencionado,Rural,9,91,9116,Saavedra,54,22.8595757249782,22,2,5,25
6496,3,ESCUELA GABRIELA MISTRAL,Particular Subvencionado,Rural,9,91,9116,Saavedra,349,15.7607636184566,14,0,0,4
6497,1,LICEO PUBLICO BICENTENARIO DE EXCELENCIA CLAUDIO ARRAU LEON,Servicio Local de Educación(SLE),Urbano,9,91,9102,Carahue,718,17.1798584919425,456,67,57,138
6500,5,COMPLEJO EDUCACIONAL DARÍO SALAS,Servicio Local de Educación(SLE),Urbano,9,91,9102,Carahue,472,16.1760778801829,327,50,31,64
6584,6,LICEO INDUSTRIAL C-16 NUEVA IMPERIAL,Administración Delegada (C. P. 3166),Urbano,9,91,9111,Nueva Imperial,398,22.4026671068971,146,47,32,173
6585,4,LICEO BICENTENARIO LUIS GONZALEZ VASQUEZ 6585-4,Servicio Local de Educación(SLE),Urbano,9,91,9111,Nueva Imperial,713,18.6936265552633,374,85,66,188
6586,2,LICEO BICENTENARIO JAMES MUNDELL,Municipal DAEM,Urbano,9,91,9121,Cholchol,213,17.7091703205551,120,23,22,48
6641,9,LICEO AGRICOLA CHOL CHOL,Particular Subvencionado,Urbano,9,91,9121,Cholchol,99,18.854202706608,54,8,10,27
6643,5,LICEO INTERCULTURAL TÉCNICO PROFESIONAL GUACOLDA,Particular Subvencionado,Urbano,9,91,9121,Cholchol,380,19.2988363949253,182,40,46,112
6644,3,LICEO SAN FCO DE ASIS DE NVA IMPERIAL,Particular Subvencionado,Urbano,9,91,9111,Nueva Imperial,358,16.4909012769292,235,45,32,46
6649,4,LICEO SAN FRANCISCO DE ASIS DE CHOL CHOL,Particular Subvencionado,Urbano,9,91,9121,Cholchol,70,17.1843639247004,46,4,6,14
6650,8,COLEGIO ANGLICANO WILLIAM WILSON,Particular Subvencionado,Urbano,9,91,9121,Cholchol,122,15.9377868955425,84,13,4,21
6708,3,LICEO GREGORIO URRUTIA,Municipal DAEM,Urbano,9,91,9106,Galvarino,441,18.6420614324459,225,56,39,121
6751,2,INSTITUTO COMERCIAL DE VALDIVIA,Servicio Local de Educación(SLE),Urbano,14,141,14101,Valdivia,645,20.266569768659,304,63,65,213
6752,0,LICEO TECNICO VALDIVIA,Servicio Local de Educación(SLE),Urbano,14,141,14101,Valdivia,666,22.5729914646893,245,77,53,291
6753,9,LICEO SANTA MARIA LA BLANCA,Servicio Local de Educación(SLE),Urbano,14,141,14101,Valdivia,350,19.8028406998757,195,26,23,106
6754,7,LICEO ARMANDO ROBLES RIVERA,Servicio Local de Educación(SLE),Urbano,14,141,14101,Valdivia,520,18.5248399863042,291,50,56,123
6755,5,LICEO INDUSTRIAL VALDIVIA,Servicio Local de Educación(SLE),Urbano,14,141,14101,Valdivia,491,22.6782342208241,145,62,61,223
6757,1,INSTITUTO DE RECURSOS RENOVABLES Y TECNOLOGÍA LOS RÍOS,Servicio Local de Educación(SLE),Urbano,14,141,14101,Valdivia,57,25.9208848315012,12,4,9,32
6766,0,COLEGIO TENIENTE HERNAN MERINO CORREA,Servicio Local de Educación(SLE),Urbano,14,141,14101,Valdivia,250,19.004972257912,132,31,13,74
6770,9,COLEGIO BICENTENARIO DE MUSICA JUAN SEBASTIAN BACH,Servicio Local de Educación(SLE),Urbano,14,141,14101,Valdivia,172,16.8472868773534,119,21,17,15
6826,8,COLEGIO SANTA MARTA DE VALDIVIA,Particular Subvencionado,Urbano,14,141,14101,Valdivia,181,14.6461607687834,148,10,12,11
6828,4,COLEGIO AUSTRAL,Particular Subvencionado,Urbano,14,141,14101,Valdivia,137,18.2092454418474,76,15,17,29
6829,2,INSTITUTO SALESIANO,Particular Subvencionado,Urbano,14,141,14101,Valdivia,334,16.2964608870751,226,34,29,45
6830,6,COLEGIO NUESTRA SENORA DEL CARMEN,Particular Subvencionado,Urbano,14,141,14101,Valdivia,356,17.1085101274234,235,35,22,64
6832,2,COLEGIO MARIA AUXILIADORA,Particular Subvencionado,Urbano,14,141,14101,Valdivia,256,18.6706761828462,129,36,34,57
6834,9,COLEGIO METODISTA LA TRINIDAD,Particular Subvencionado,Urbano,14,141,14101,Valdivia,51,19.3782075205706,27,5,6,13
6835,7,COLEGIO ADVENTISTA DE VALDIVIA,Particular Subvencionado,Urbano,14,141,14101,Valdivia,334,17.9765294991529,185,34,44,71
6836,5,COLEGIO ALONSO DE ERCILLA,Particular Subvencionado,Urbano,14,141,14101,Valdivia,166,17.6645213566634,100,21,16,29
6846,2,LICEO SAN LUIS DE ALBA,Servicio Local de Educación(SLE),Urbano,14,141,14106,Mariquina,344,20.3590056214017,159,33,29,123
6853,5,LICEO POLITECNICO PESQUERO,Servicio Local de Educación(SLE),Rural,14,141,14106,Mariquina,96,23.8261894697246,20,10,17,49
6895,0,LICEO BICENTENARIO SANTA CRUZ,Particular Subvencionado,Urbano,14,141,14106,Mariquina,295,17.6074152988049,187,22,25,61
6896,9,SEMINARIO SAN FIDEL,Particular Subvencionado,Urbano,14,141,14106,Mariquina,360,17.1132651665262,230,39,36,55
6897,7,LICEO BICENTENERIO DE EXCELENCIA CAMILO HENRIQUEZ GONZALEZ DE LANCO.,Servicio Local de Educación(SLE),Urbano,14,141,14103,Lanco,579,15.5028556902957,433,50,46,50
6899,3,LICEO REPUBLICA DEL BRASIL,Servicio Local de Educación(SLE),Rural,14,141,14103,Lanco,85,18.4090138969775,43,12,13,17
6922,1,LICEO PADRE ALCUINO,Particular Subvencionado,Urbano,14,141,14103,Lanco,141,19.8062404134994,64,23,12,42
6925,6,COLEGIO MARIA REINA,Particular Subvencionado,Rural,14,141,14103,Lanco,92,18.349627629383,49,8,12,23
6929,9,LICEO BICENTENARIO ALBERTO BLEST GANA,Servicio Local de Educación(SLE),Urbano,14,141,14104,Los Lagos,855,17.2952759943298,533,76,71,175
6983,3,COLEGIO JOSE MANUEL BALMACEDA FÉRNANDEZ,Municipal DAEM,Urbano,14,142,14202,Futrono,200,20.5902637956141,92,16,19,73
7004,1,COLEGIO MARIA DEOGRACIA,Particular Subvencionado,Urbano,14,142,14202,Futrono,165,17.0143474050035,106,18,15,26
7006,8,LICEO SAN CONRADO DE FUTRONO,Particular Subvencionado,Urbano,14,142,14202,Futrono,548,17.5768794492425,335,48,47,118
7015,7,LICEO BICENTENARIO DE EXCELENCIA CARLOS HAVERBECK RICHTER,Servicio Local de Educación(SLE),Urbano,14,141,14102,Corral,256,18.6023978530698,137,28,38,53
7031,9,LICEO BICENTENARIO GABRIELA MISTRAL,Servicio Local de Educación(SLE),Urbano,14,141,14105,Máfil,207,19.2985494096335,102,31,19,55
7044,0,LICEO SANTO CURA DE ARS,Particular Subvencionado,Urbano,14,141,14105,Máfil,296,19.3027589804962,148,25,30,93
7049,1,CENTRO EDUCATIVO FERNANDO SANTIVAN,Servicio Local de Educación(SLE),Urbano,14,141,14108,Panguipulli,258,17.0866233235073,171,23,14,50
7085,8,COMPLEJO EDUCACIONAL TIERRA DE ESPERANZA,Servicio Local de Educación(SLE),Rural,14,141,14108,Panguipulli,75,16.4436432049249,49,7,4,15
7102,1,LICEO PADRE SIGISFREDO,Particular Subvencionado,Urbano,14,141,14108,Panguipulli,354,19.1466353549064,188,34,36,96
7128,5,COLEGIO DE CULTURA Y DIFUSION ARTISTICA,Municipal DAEM,Urbano,14,142,14201,La Unión,225,18.5070377783156,127,24,20,54
7129,3,LICEO BICENTENARIO RECTOR ABDON ANDRADE COLOMA,Municipal DAEM,Urbano,14,142,14201,La Unión,742,17.7396090414108,450,93,48,151
7135,8,COLEGIO TECNICO PROFESIONAL N°1 HONORIO OJEDA VALDERAS,Municipal DAEM,Urbano,14,142,14201,La Unión,188,18.8796299041938,98,22,17,51
7181,1,COLEGIO SANTA MARTA,Particular Subvencionado,Urbano,14,142,14201,La Unión,176,13.3872554996237,151,10,7,8
7183,8,COLEGIO PADRE DAMIAN,Particular Subvencionado,Urbano,14,142,14201,La Unión,149,17.5814043424459,88,17,22,22
7200,1,LICEO RODULFO AMANDO PHILIPPI,Servicio Local de Educación(SLE),Urbano,14,141,14107,Paillaco,777,15.5656038952886,555,66,54,102
7202,8,COLEGIO PROYECTO DE FUTURO,Servicio Local de Educación(SLE),Urbano,14,141,14107,Paillaco,93,16.0427550760952,63,15,2,13
7203,6,ESCUELA OLEGARIO MORALES OLIVA,Servicio Local de Educación(SLE),Urbano,14,141,14107,Paillaco,20,20.0349698258181,13,1,1,5
7231,1,ESCUELA PARTICULAR ALEMANA,Particular Subvencionado,Urbano,14,141,14107,Paillaco,97,15.2911058615071,74,7,4,12
7236,2,LICEO BICENTENARIO VICENTE PÉREZ ROSALES,Municipal DAEM,Urbano,14,142,14204,Río Bueno,428,16.0941061404512,315,33,21,59
7240,0,COLEGIO BICENTENARIO CRUCERO OSCAR DANIEL,Municipal DAEM,Rural,14,142,14204,Río Bueno,106,16.2016190521906,74,8,10,14
7276,1,COLEGIO SANTA CRUZ,Particular Subvencionado,Urbano,14,142,14204,Río Bueno,320,15.6161070496289,228,39,24,29
7299,0,LICEO ANTONIO VARAS,Municipal DAEM,Urbano,14,142,14203,Lago Ranco,321,17.1460972686965,199,36,30,56
7325,3,LICEO CARMELA CARVAJAL DE PRAT,Municipal DAEM,Urbano,10,103,10301,Osorno,900,17.4346261612127,554,103,77,166
7326,1,LICEO INDUSTRIAL OSORNO,Municipal DAEM,Urbano,10,103,10301,Osorno,447,22.3306466505822,144,57,49,197
7328,8,LICEO RAHUE,Municipal DAEM,Urbano,10,103,10301,Osorno,538,21.2587485735824,203,69,56,210
7329,6,LICEO ELEUTERIO RAMIREZ,Municipal DAEM,Urbano,10,103,10301,Osorno,1117,20.4946593464613,473,106,122,416
7331,8,INSTITUTO COMERCIAL DE OSORNO,Municipal DAEM,Urbano,10,103,10301,Osorno,1045,20.9008970755273,435,111,109,390
7388,1,COLEGIO SAN JOSE,Particular Subvencionado,Urbano,10,103,10301,Osorno,334,16.8152749495787,218,48,33,35
7401,2,COLEGIO SANTA MARTA,Particular Subvencionado,Urbano,10,103,10301,Osorno,340,16.2395211697638,231,39,25,45
7441,1,COLEGIO QUILACAHUIN,Particular Subvencionado,Rural,10,103,10307,San Pablo,104,18.3686298227521,58,10,12,24
7470,5,LICEO BICENTENARIO PEOPLE HELP PEOPLE DE PILMAIQUEN,Particular Subvencionado,Rural,10,103,10304,Puyehue,451,16.5353015797021,300,33,28,90
7505,1,LICEO BICENTENARIO TOMAS BURGOS,Municipal DAEM,Urbano,10,103,10303,Purranque,414,20.5688123588129,183,34,43,154
7536,1,COLEGIO PRECIOSA SANGRE,Particular Subvencionado,Urbano,10,103,10303,Purranque,354,18.8975849047157,181,36,45,92
7542,6,LICEO JOSE TORIBIO MEDINA,Municipal DAEM,Urbano,10,103,10305,Río Negro,232,20.1799733767004,112,29,26,65
7544,2,COLEGIO RIACHUELO,Municipal DAEM,Urbano,10,103,10305,Río Negro,119,19.6627206956415,62,14,8,35
7572,8,COLEGIO SAGRADA FAMILIA,Particular Subvencionado,Urbano,10,103,10305,Río Negro,166,15.9858288142215,121,21,14,10
7578,7,LICEO BICENTENARIO AGRICOLA `VISTA HERMOSA`,Administración Delegada (C. P. 3166),Urbano,10,103,10305,Río Negro,337,18.8645162103274,168,35,40,94
7614,7,COLEGIO TECNICO PROFESIONAL MISION SAN JUAN DE LA COSTA,Particular Subvencionado,Rural,10,103,10306,San Juan de la Costa,141,18.1276301186184,71,22,14,34
7625,2,LICEO INDUSTRIAL PUERTO MONTT,Municipal DAEM,Urbano,10,101,10101,Puerto Montt,484,24.0899161526205,155,51,51,227
7626,0,INSTITUTO COMERCIAL DE PUERTO MONTT,Municipal DAEM,Urbano,10,101,10101,Puerto Montt,698,23.4304252733241,258,52,65,323
7627,9,LICEO DE HOMBRES MANUEL MONTT,Municipal DAEM,Urbano,10,101,10101,Puerto Montt,711,22.6241787172373,243,74,56,338
7628,7,LICEO ISIDORA ZEGERS DE HUNEEUS,Municipal DAEM,Urbano,10,101,10101,Puerto Montt,407,21.4008200457074,186,38,27,156
7629,5,LICEO ANDRES BELLO,Municipal DAEM,Urbano,10,101,10101,Puerto Montt,702,22.5137915485747,291,67,64,280
7639,2,COLEGIO DARIO SALAS,Municipal DAEM,Urbano,10,101,10101,Puerto Montt,281,18.9857874274914,155,34,19,73
7650,3,ESCUELA DE CULTURA Y DIFUSION ARTISTICA,Municipal DAEM,Urbano,10,101,10101,Puerto Montt,202,19.3563083116313,98,30,21,53
7651,1,COLEGIO TECNICO PROFESIONAL PIEDRA AZUL,Municipal DAEM,Rural,10,101,10101,Puerto Montt,111,21.8252648172316,48,7,10,46
7699,6,COLEGIO SALESIANO PADRE JOSE FERNANDEZ PEREZ,Particular Subvencionado,Urbano,10,101,10101,Puerto Montt,1054,20.6190770150123,441,123,111,379
7701,1,COLEGIO ARRIARAN BARROS,Particular Subvencionado,Urbano,10,101,10101,Puerto Montt,355,17.2895786367157,219,37,25,74
7705,4,INSTITUTO POLITECNICO MARIA AUXILIADORA,Particular Subvencionado,Urbano,10,101,10101,Puerto Montt,692,19.0542534518884,369,72,70,181
7706,2,COLEGIO SANTO TOMAS DE PUERTO MONTT,Particular Subvencionado,Urbano,10,101,10101,Puerto Montt,456,17.6923257091552,273,58,48,77
7707,0,COLEGIO INMACULADA CONCEPCION,Particular Subvencionado,Urbano,10,101,10101,Puerto Montt,408,16.2707015743381,278,46,34,50
7709,7,COLEGIO SAN JOSE PUERTO MONTT,Particular Subvencionado,Urbano,10,101,10101,Puerto Montt,305,16.9680414431751,193,35,27,50
7720,8,LICEO PEDRO AGUIRRE CERDA,Servicio Local de Educación(SLE),Urbano,10,101,10109,Puerto Varas,542,21.6567922492948,246,38,47,211
7722,4,COLEGIO ROSITA NOVARO DE NOVARO PUERTO VARAS,Servicio Local de Educación(SLE),Urbano,10,101,10109,Puerto Varas,192,24.0194426307639,70,18,17,87
7724,0,CNB ARTISTICO,Servicio Local de Educación(SLE),Urbano,10,101,10109,Puerto Varas,161,19.1290535120277,92,17,13,39
7743,7,COLEGIO  BICENTENARIO FELMER NIKLITSCHEK,Particular Subvencionado,Urbano,10,101,10109,Puerto Varas,542,19.9007256076287,249,56,73,164
7744,5,COLEGIO INMACULADA CONCEPCION PUERTO VARAS,Particular Subvencionado,Urbano,10,101,10109,Puerto Varas,357,16.967555757463,219,38,38,62
7753,4,ESCUELA BASICA FRONTERIZA JUAN SOLER MANFREDINI,Municipal DAEM,Rural,10,101,10103,Cochamó,92,18.459119608166,48,11,10,23
7760,7,ESCUELA RURAL RIO PUELO,Municipal DAEM,Rural,10,101,10103,Cochamó,83,20.5810561227999,38,6,7,32
7772,0,LICEO POLITECNICO CALBUCO,Municipal DAEM,Urbano,10,101,10102,Calbuco,558,19.9077524758477,280,70,40,168
7773,9,COLEGIO EULOGIO GOYCOLEA GARAY,Municipal DAEM,Urbano,10,101,10102,Calbuco,205,18.7368028841074,102,24,23,56
7775,5,ESCUELA RURAL PARGUA,Municipal DAEM,Rural,10,101,10102,Calbuco,99,18.9936770296224,51,13,6,29
7776,3,ESCUELA RURAL EL SEMBRADOR,Municipal DAEM,Rural,10,101,10102,Calbuco,50,20.3127117509352,23,4,5,18
7826,3,COLEGIO SAN MIGUEL,Particular Subvencionado,Urbano,10,101,10102,Calbuco,457,18.210773386361,255,55,53,94
7830,1,LICEO CAPITAN DE FRAGATA FRANCISCO VIDAL GORMAZ,Municipal DAEM,Urbano,10,101,10108,Maullín,190,19.7682968660974,85,19,19,67
7872,7,COLEGIO BICENTENARIO DE DIFUSION ARTISTICA LOS ULMOS,Servicio Local de Educación(SLE),Urbano,10,101,10106,Los Muermos,120,17.9782046272644,75,11,8,26
7907,3,COLEGIO RAMON ANGEL JARA,Particular Subvencionado,Urbano,10,101,10106,Los Muermos,391,18.6544327911013,207,36,41,107
7941,3,LICEO CARLOS IBAÑEZ DEL CAMPO,Servicio Local de Educación(SLE),Urbano,10,101,10104,Fresia,445,20.3206700678807,213,42,36,154
7942,1,COLEGIO PURISIMO CORAZON DE MARIA,Particular Subvencionado,Urbano,10,101,10104,Fresia,268,15.5833108434276,189,29,11,39
7956,1,LICEO BICENTENARIO POLITECNICO HOLANDA,Servicio Local de Educación(SLE),Urbano,10,101,10107,Llanquihue,403,21.8328511867895,161,39,42,161
7973,1,LICEO INDUSTRIAL CHILENO-ALEMAN,Servicio Local de Educación(SLE),Urbano,10,101,10105,Frutillar,571,21.241755476698,213,77,57,224
7989,8,COLEGIO PARTICULAR N. 244 `MADRE DE DIOS`,Particular Subvencionado,Urbano,10,101,10105,Frutillar,167,15.8018271198809,125,13,14,15
8001,2,LICEO POLITECNICO DE CASTRO,Servicio Local de Educación(SLE),Urbano,10,102,10201,Castro,1236,20.5937283809609,551,157,126,402
8002,0,LICEO GALVARINO RIVEROS CARDENAS,Servicio Local de Educación(SLE),Urbano,10,102,10201,Castro,881,18.1623080287097,529,80,72,200
8005,5,LICEO AYTUE,Servicio Local de Educación(SLE),Urbano,10,102,10201,Castro,144,26.7741180220414,42,7,9,86
8044,6,LICEO POLIVALENTE DE ANCUD,Servicio Local de Educación(SLE),Urbano,10,102,10202,Ancud,198,21.2701369351881,91,19,15,73
8105,1,LICEO BICENTENARIO DE ANCUD,Servicio Local de Educación(SLE),Urbano,10,102,10202,Ancud,382,18.4199188613305,208,51,28,95
8108,6,SEMINARIO CONCILIAR DE ANCUD,Particular Subvencionado,Urbano,10,102,10202,Ancud,840,20.2048311157025,384,84,82,290
8109,4,LICEO COMERCIAL EL PILAR,Particular Subvencionado,Urbano,10,102,10202,Ancud,818,18.3733740448104,459,92,74,193
8111,6,LICEO BICENTENARIO QUEMCHI,Servicio Local de Educación(SLE),Urbano,10,102,10209,Quemchi,213,21.2434879536852,94,27,18,74
8162,0,LICEO ALFREDO DEL CARMEN BARRIA OYARZUN,Servicio Local de Educación(SLE),Urbano,10,102,10204,Curaco de Vélez,273,19.3211126260355,140,35,18,80
8174,4,LICEO BICENTENARIO INSULAR,Servicio Local de Educación(SLE),Urbano,10,102,10210,Quinchao,486,17.2355746948719,311,42,32,101
8194,9,LICEO PARTICULAR RAMON FREIRE,Particular Subvencionado,Urbano,10,102,10210,Quinchao,249,16.3968371018556,171,23,18,37
8195,7,ESCUELA PUQUELDON,Servicio Local de Educación(SLE),Urbano,10,102,10206,Puqueldón,62,16.9111854781316,46,3,5,8
8206,6,LICEO BICENTENARIO MANUEL JESUS ANDRADE BORQUEZ,Servicio Local de Educación(SLE),Urbano,10,102,10203,Chonchi,391,17.6615689348863,240,28,26,97
8255,4,LICEO RAYEN MAPU,Servicio Local de Educación(SLE),Urbano,10,102,10208,Quellón,495,23.4675971848289,194,35,42,224
8309,7,LICEO PENINSULAR AYACARA,Municipal DAEM,Rural,10,104,10401,Chaitén,84,16.5310323178596,58,12,6,8
8310,0,COLEGIO MAURICIO HITCHCOCK,Municipal DAEM,Rural,10,104,10403,Hualaihué,129,17.6913732167933,80,14,13,22
8331,3,LICEO BICENTENARIO FUTALEUFU,Municipal DAEM,Rural,10,104,10402,Futaleufú,153,20.3165793981041,69,17,14,53
8339,9,COLEGIO ROBERTO WHITE GESELL,Municipal DAEM,Rural,10,104,10404,Palena,102,17.3243875771311,77,12,2,11
8345,3,LICEO JOSEFINA AGUIRRE MONTENEGRO,Servicio Local de Educación(SLE),Urbano,11,111,11101,Coyhaique,313,23.3041447500711,99,32,35,147
8352,6,LICEO TECNICO PROFESIONAL PROFESOR RICARDO NAVARRETE BARRIA,Servicio Local de Educación(SLE),Urbano,11,111,11101,Coyhaique,143,25.0875989890845,44,14,11,74
8365,8,LICEO SAN FELIPE BENICIO DE COYHAIQUE,Particular Subvencionado,Urbano,11,111,11101,Coyhaique,699,18.1463791666243,380,78,71,170
8367,4,COLEGIO MATER DEI DE COYHAIQUE,Particular Subvencionado,Urbano,11,111,11101,Coyhaique,279,16.261076668949,191,27,21,40
8369,0,LICEO BICENTENARIO AGRICOLA E INDUSTRIAL DE LA PATAGONIA,Administración Delegada (C. P. 3166),Urbano,11,111,11101,Coyhaique,245,23.7699558560667,45,21,34,145
8375,5,LICEO POLITECNICO DE AYSEN,Servicio Local de Educación(SLE),Urbano,11,112,11201,Aysén,281,20.7744451269909,120,26,22,113
8379,8,ESCUELA PEDRO AGUIRRE CERDA,Servicio Local de Educación(SLE),Rural,11,112,11201,Aysén,349,20.2191873919509,8,1,2,6
8380,1,LICEO MANIHUALES,Servicio Local de Educación(SLE),Urbano,11,112,11201,Aysén,86,18.3230777780636,52,6,11,17
8391,7,ESCUELA EUSEBIO IBAR SCHEPELER,Servicio Local de Educación(SLE),Rural,11,112,11202,Cisnes,92,18.7596407432316,49,8,7,28
8392,5,LICEO MELINKA,Servicio Local de Educación(SLE),Rural,11,112,11203,Guaitecas,83,21.8532102043324,37,8,2,36
8394,1,LICEO BICENTENARIO LUISA RABANAL PALMA,Servicio Local de Educación(SLE),Rural,11,114,11401,Chile Chico,257,20.7674371828107,122,23,30,82
8403,4,LICEO BICENTENARIO RURAL CERRO CASTILLO,Servicio Local de Educación(SLE),Rural,11,114,11402,Río Ibáñez,65,22.8790442432189,23,8,7,27
8409,3,LICEO PIONEROS DEL SUR,Servicio Local de Educación(SLE),Rural,11,113,11302,O’Higgins,40,17.5602492999456,22,4,5,9
8411,5,LICEO BICENTENARIO POLITECNICO LUIS CRUZ MARTINEZ,Servicio Local de Educación(SLE),Urbano,12,124,12401,Natales,431,24.8356607453029,164,20,36,211
8421,2,LICEO SALESIANO MONSEÑOR FAGNANO,Particular Subvencionado,Urbano,12,124,12401,Natales,304,17.6280883808689,178,38,28,60
8422,0,LICEO BICENTENARIO MARIA MAZZARELLO,Particular Subvencionado,Urbano,12,124,12401,Natales,139,16.4109192364831,103,5,2,29
8424,7,INSTITUTO SUPERIOR DE COMERCIO LICEO BICENTENARIO,Servicio Local de Educación(SLE),Urbano,12,121,12101,Punta Arenas,426,21.823232739957,190,37,38,161
8425,5,LICEO POLIVALENTE MARIA BEHETY DE MENENDEZ,Servicio Local de Educación(SLE),Urbano,12,121,12101,Punta Arenas,371,22.9538021938197,148,35,31,157
8427,1,LICEO INDUSTRIAL ARMANDO QUEZADA ACHARAN,Servicio Local de Educación(SLE),Urbano,12,121,12101,Punta Arenas,357,22.2522957538153,124,49,37,147
8429,8,LICEO LUIS ALBERTO BARRERA,Servicio Local de Educación(SLE),Urbano,12,121,12101,Punta Arenas,617,20.2484472676784,315,51,59,192
8430,1,LICEO POLIVALENTE SARA BRAUN,Servicio Local de Educación(SLE),Urbano,12,121,12101,Punta Arenas,271,24.8336743091035,84,31,28,128
8442,5,ESCUELA PEDRO PABLO LEMAITRE,Servicio Local de Educación(SLE),Urbano,12,121,12101,Punta Arenas,269,20.9997131609938,127,27,24,91
8454,9,INSTITUTO DON BOSCO,Particular Subvencionado,Urbano,12,121,12101,Punta Arenas,433,21.1492051657666,172,50,50,161
8455,7,LICEO MARIA AUXILIADORA,Particular Subvencionado,Urbano,12,121,12101,Punta Arenas,294,16.7380764217586,198,27,28,41
8457,3,INSTITUTO SAGRADA FAMILIA,Particular Subvencionado,Urbano,12,121,12101,Punta Arenas,259,19.2041961711131,138,30,19,72
8458,1,ESCUELA PARTICULAR LA MILAGROSA,Particular Subvencionado,Urbano,12,121,12101,Punta Arenas,410,19.0166848037185,217,46,42,105
8474,3,LICEO BICENTENARIO HERNANDO DE MAGALLANES,Servicio Local de Educación(SLE),Urbano,12,123,12301,Porvenir,358,20.8423154144961,181,36,31,110
8483,2,LICEO BICENTENARIO DONALD MC-INTYRE GRIFFITHS,Servicio Local de Educación(SLE),Urbano,12,122,12201,Cabo de Hornos (Ex - Navarino),102,16.7056591405143,70,7,5,20
8485,9,LICEO INSTITUTO NACIONAL,Municipal DAEM,Urbano,13,131,13101,Santiago,2390,19.8614557235485,1286,216,193,695
8487,5,LICEO JAVIERA CARRERA,Municipal DAEM,Urbano,13,131,13101,Santiago,2073,21.0732780826886,1026,193,160,694
8488,3,LICEO N° 4 BICENTENARIO ISAURA DINATOR,Municipal DAEM,Urbano,13,131,13101,Santiago,198,28.829899541927,45,17,15,121
8489,1,LICEO 6 BICENTENARIO TERESA PRATS,Municipal DAEM,Urbano,13,131,13101,Santiago,247,27.0669108472797,93,20,10,124
8490,5,LICEO NRO 2 MIGUEL LUIS AMUNATEGUI,Municipal DAEM,Urbano,13,131,13101,Santiago,381,36.010988963847,48,11,10,312
8491,3,LICEO DE APLICACION RECTOR JORGE E SCHNE,Municipal DAEM,Urbano,13,131,13101,Santiago,670,24.0033586864669,201,61,82,326
8492,1,LICEO MANUEL BARROS BORGONO,Municipal DAEM,Urbano,13,131,13101,Santiago,436,25.6110575453423,143,39,35,219
8494,8,LICEO A-1 VALENTIN LETELIER,Municipal DAEM,Urbano,13,131,13127,Recoleta,548,32.6754220054774,103,17,19,409
8495,6,LICEO CONFEDERACION SUIZA,Municipal DAEM,Urbano,13,131,13101,Santiago,321,35.8141054547957,45,12,12,252
8496,4,LICEO JOSÉ DE SAN MARTIN,Municipal DAEM,Urbano,13,131,13101,Santiago,435,33.8814267573467,55,14,19,347
8497,2,LICEO GABRIELA MISTRAL,Municipal DAEM,Urbano,13,131,13108,Independencia,293,34.3670453855395,43,11,11,228
8498,0,LICEO DARIO SALAS,Municipal DAEM,Urbano,13,131,13101,Santiago,411,35.6513119030403,43,16,15,337
8499,9,INTERNADO NACIONAL BARROS ARANA,Municipal DAEM,Urbano,13,131,13101,Santiago,714,22.3796097739229,259,65,72,318
8500,6,LICEO INDUSTRIAL ELIODORO GARCIA ZEGERS,Municipal DAEM,Urbano,13,131,13101,Santiago,760,34.6859151298311,84,33,40,603
8501,4,LICEO POLITEC. PDTE. GABRIEL GONZALEZ VIDELA,Municipal DAEM,Urbano,13,131,13101,Santiago,505,38.5554426778708,29,11,13,452
8502,2,LICEO COMERCIAL LUIS CORREA PRIETO,Administración Delegada (C. P. 3166),Urbano,13,131,13127,Recoleta,647,25.7343967410652,164,59,60,364
8503,0,INST.SUP.DE COMERCIO EDUARDO FREI M.,Municipal DAEM,Urbano,13,131,13101,Santiago,1113,23.8905282414905,468,89,78,478
8504,9,LICEO TECNICO A N° 27 CLELIA CLAVEL DINAT,Administración Delegada (C. P. 3166),Urbano,13,131,13101,Santiago,704,25.7312210340442,199,71,63,371
8505,7,LICEO POLIVALENTE A-28 EMILIA TORO DE BAL,Administración Delegada (C. P. 3166),Urbano,13,131,13101,Santiago,794,24.0476792737155,304,61,54,375
8506,5,INSTITUTO COMERCIAL ELIODORO DOMINGUEZ DOMINGUEZ,Administración Delegada (C. P. 3166),Urbano,13,131,13101,Santiago,922,27.8457981589663,227,70,75,550
8507,3,LICEO COMERCIAL JOAQUIN VERA MORALES,Administración Delegada (C. P. 3166),Urbano,13,131,13101,Santiago,1100,24.2789307176482,401,89,81,529
8508,1,LICEO POLIVALENTE JUAN A.RIOS,Municipal DAEM,Urbano,13,131,13126,Quinta Normal,520,39.4771471784237,35,10,12,463
8510,3,LICEO PAULA JARAQUEMADA,Municipal DAEM,Urbano,13,131,13127,Recoleta,430,27.901440460757,129,27,27,247
8511,1,LICEO EXPERIMENTAL ARTISTICO B-65,Administración Delegada (C. P. 3166),Urbano,13,131,13119,Maipú,219,20.8479903608631,92,19,21,87
8514,6,LICEO MULTIGENERO DOCTORA ELOISA DIAZ INZUNZA,Municipal DAEM,Urbano,13,131,13108,Independencia,443,26.8271100068405,166,21,23,233
8518,9,LICEO ESTACION CENTRAL,Servicio Local de Educación(SLE),Urbano,13,131,13106,Estación Central,300,37.047943996948,27,6,6,261
8535,9,LICEO REPUBLICA DE BRASIL,Municipal DAEM,Urbano,13,131,13101,Santiago,145,27.7155989699872,37,9,9,90
8542,1,LICEO SAN FRANCISCO DE QUITO,Municipal DAEM,Urbano,13,131,13108,Independencia,253,26.8705383275442,77,18,17,141
8589,8,LICEO MIGUEL RAFAEL PRADO,Particular Subvencionado,Urbano,13,131,13108,Independencia,540,16.8170886378599,381,39,29,91
8592,8,LICEO JOSE MIGUEL INFANTE,Particular Subvencionado,Urbano,13,131,13101,Santiago,334,18.9534809743383,184,49,23,78
8598,7,COLEGIO ALTO PALENA,Particular Subvencionado,Urbano,13,131,13101,Santiago,408,21.217934523659,190,48,25,145
8601,0,COLEGIO WUNMAN,Particular Subvencionado,Urbano,13,131,13101,Santiago,115,18.7374211147565,69,11,5,30
8603,7,CENTRO EDUCATIVO SALESIANOS ALAMEDA,Particular Subvencionado,Urbano,13,131,13101,Santiago,1402,19.3320477488927,735,147,131,389
8604,5,COLEGIO SANTA CRUZ,Particular Subvencionado,Urbano,13,131,13101,Santiago,299,17.1815029153923,208,21,24,46
8611,8,COLEGIO NUESTRA SENORA DE ANDACOLLO,Particular Subvencionado,Urbano,13,131,13101,Santiago,354,18.5956993222418,196,46,34,78
8613,4,COLEGIO FRANCISCANO MARIA REINA,Particular Subvencionado,Urbano,13,131,13106,Estación Central,139,19.9729077252113,78,13,9,39
8614,2,COLEGIO MARIA TERESA CANCINO AGUILAR,Particular Subvencionado,Urbano,13,131,13127,Recoleta,310,16.6690700019252,202,29,26,53
8616,9,COLEGIO POLIVALENTE PLUS ULTRA,Particular Subvencionado,Urbano,13,131,13108,Independencia,835,34.0216497270498,117,43,35,640
8617,7,LICEO POLIT. SARA BLINDER DARGOLTZ,Particular Subvencionado,Urbano,13,131,13101,Santiago,762,24.8067813824238,276,61,44,381
8620,7,COLEGIO SAN SEBASTIAN,Particular Subvencionado,Urbano,13,131,13101,Santiago,144,27.9495816987889,32,15,11,86
8625,8,CENTRO EDUC. CASA TALLERES SAN VICENTE DE PAU,Particular Subvencionado,Urbano,13,131,13101,Santiago,597,30.6213855762019,139,33,32,393
8627,4,COLEGIO SANTA MARIA DE SANTIAGO,Particular Subvencionado,Urbano,13,131,13101,Santiago,631,25.9953205104365,192,49,60,330
8629,0,COLEGIO POLITÉCNICO SANTA ANA,Particular Subvencionado,Urbano,13,131,13126,Quinta Normal,325,19.7689759055308,188,19,21,97
8631,2,COLEGIO ECHAURREN,Particular Subvencionado,Urbano,13,131,13106,Estación Central,171,21.9320907890199,84,11,12,64
8632,0,LICEO POLIVALENTE SANTA JULIANA,Particular Subvencionado,Urbano,13,131,13127,Recoleta,452,22.8623190856507,141,49,57,205
8634,7,LICEO RUIZ TAGLE,Particular Subvencionado,Urbano,13,131,13106,Estación Central,287,17.5067171006098,168,39,33,47
8636,3,LICEO LEONARDO MURIALDO,Particular Subvencionado,Urbano,13,131,13127,Recoleta,538,16.1267300548327,377,39,47,75
8639,8,LICEO Y COLEGIO NUEVO HISPANO CHILENO,Particular Subvencionado,Urbano,13,131,13101,Santiago,242,21.7648158394757,96,31,25,90
8643,6,INSTITUTO COMERCIAL BLAS CANAS,Particular Subvencionado,Urbano,13,131,13101,Santiago,609,33.1798847220875,116,26,24,443
8644,4,COLEGIO INDUSTRIAL VASCO NUNEZ DE BALBOA,Particular Subvencionado,Urbano,13,131,13101,Santiago,286,27.2684159859078,81,17,18,170
8645,2,LICEO JOSE DOMINGO CANAS,Particular Subvencionado,Urbano,13,131,13125,Quilicura,537,20.1635054931697,269,50,43,175
8649,5,COLEGIO LORENZO SAZIE,Particular Subvencionado,Urbano,13,131,13101,Santiago,163,23.4698665761256,73,12,11,67
8650,9,COLEGIO SAN BENILDO,Particular Subvencionado,Urbano,13,131,13127,Recoleta,354,20.8119535683873,181,24,20,129
8652,5,COLEGIO SAN ANTONIO,Particular Subvencionado,Urbano,13,131,13101,Santiago,294,19.4037878223022,169,27,19,79
8654,1,COLEGIO POLITECNICO AVDA. INDEPENDENCIA,Particular Subvencionado,Urbano,13,131,13108,Independencia,440,36.6124076064947,33,13,17,377
8657,6,COLEGIO SAN ALBERTO,Particular Subvencionado,Urbano,13,131,13106,Estación Central,313,36.3418760864607,33,7,11,262
8658,4,COLEGIO FRANCISCO ARRIARAN,Particular Subvencionado,Urbano,13,131,13101,Santiago,333,28.9422550042951,94,24,19,196
8663,0,INSTITUTO HERMANOS MATTE,Particular Subvencionado,Urbano,13,131,13101,Santiago,530,21.2968201621753,246,47,53,184
8666,5,COLEGIO SANTA ISABEL,Particular Subvencionado,Urbano,13,131,13101,Santiago,148,23.5104713008498,59,11,11,67
8671,1,COLEGIO BICENTENARIO VICTORIA PRIETO,Particular Subvencionado,Urbano,13,131,13101,Santiago,147,19.3699893155149,89,13,4,41
8675,4,COLEGIO SANTA TERESITA DEL NINO JESUS,Particular Subvencionado,Urbano,13,131,13101,Santiago,256,20.0182324653648,148,21,21,66
8676,2,ESCUELA MANUEL JOSE IRARRAZAVAL,Particular Subvencionado,Urbano,13,131,13101,Santiago,282,19.2207620089507,157,27,20,78
8680,0,COLEGIO ADVENTISTA PORVENIR,Particular Subvencionado,Urbano,13,131,13101,Santiago,267,20.8595702418893,147,13,11,96
8681,9,COLEGIO ANGLO MAIPU,Particular Subvencionado,Urbano,13,131,13119,Maipú,326,16.6138527716537,198,44,26,58
8682,7,COLEGIO RAFAEL SANHUEZA LIZARDI,Particular Subvencionado,Urbano,13,131,13127,Recoleta,361,19.4115596099736,177,48,47,89
8697,5,COLEGIO ORATORIO DON BOSCO,Particular Subvencionado,Urbano,13,131,13101,Santiago,336,18.3674828271127,208,22,25,81
8715,7,COLEGIO SAO PAULO,Particular Subvencionado,Urbano,13,131,13106,Estación Central,103,32.1554648312736,17,5,8,73
8724,6,COLEGIO SAINT JOSEPH C. THOMAS SCHOOL,Particular Subvencionado,Urbano,13,131,13110,La Florida,154,20.637523600619,67,18,16,53
8740,8,COLEGIO MARIA LUISA VILLALON,Particular Subvencionado,Urbano,13,131,13101,Santiago,257,18.4670164909599,152,27,21,57
8756,4,COLEGIO EXCELSIOR,Particular Subvencionado,Urbano,13,131,13101,Santiago,693,21.897978209581,293,71,60,269
8791,2,COLEGIO FILIPENSE,Particular Subvencionado,Urbano,13,131,13101,Santiago,300,18.2903397372063,171,42,29,58
8811,0,LICEO PROFESIONAL ABDON CIFUENTES,Particular Subvencionado,Urbano,13,131,13101,Santiago,792,24.051655235403,272,68,67,385
8812,9,LICEO INDUSTRIAL DE LA CONSTRUCCION VICTOR BEZANILLA SALINAS,Administración Delegada (C. P. 3166),Urbano,13,131,13101,Santiago,460,27.6821704501165,132,38,24,266
8813,7,LICEO BICENTENARIO TÉCNICO PROFESIONAL IGNACIO DOMEYKO,Administración Delegada (C. P. 3166),Urbano,13,131,13127,Recoleta,822,28.4937457626065,184,65,61,512
8814,5,LICEO INDUSTRIAL A-22 DE SANTIAGO,Administración Delegada (C. P. 3166),Urbano,13,131,13101,Santiago,417,32.3463093156006,75,28,21,293
8815,3,COLEGIO SAN FRANCISCO DEL ALBA,Corporación Municipal,Urbano,13,131,13114,Las Condes,295,19.8067431595112,147,24,32,92
8818,8,LICEO ALEXANDER FLEMING DE LAS CONDES,Particular Subvencionado,Urbano,13,131,13114,Las Condes,258,18.8664523268961,156,21,27,54
8819,6,LICEO RAFAEL SOTOMAYOR,Particular Subvencionado,Urbano,13,131,13114,Las Condes,264,21.8534863742166,116,27,21,100
8821,8,LICEO MUNICIPALIZADO AMANDA LABARCA,Municipal DAEM,Urbano,13,131,13132,Vitacura,418,16.2102153655467,301,28,20,69
8822,6,LICEO JUAN PABLO II DE LAS CONDES,Corporación Municipal,Urbano,13,131,13114,Las Condes,265,23.7388386044084,97,29,18,121
8825,0,COLEGIO ANTARTICA CHILENA,Municipal DAEM,Urbano,13,131,13132,Vitacura,419,21.4199054945715,182,28,44,165
8827,7,COLEGIO NTRA. SRA. DEL ROSARIO LAS CONDES,Particular Subvencionado,Urbano,13,131,13114,Las Condes,279,17.0780146416853,182,23,28,46
8828,5,LICEO BICENTENARIO SIMON BOLIVAR,Corporación Municipal,Urbano,13,131,13114,Las Condes,377,21.302506748242,172,35,28,142
8833,1,LICEO BICENTENARIO DE EXCELENCIA MARIA LUISA BOMBAL,Particular Subvencionado,Urbano,13,131,13132,Vitacura,160,15.7495166689463,112,19,12,17
8835,8,LICEO BICENTENARIO SANTA MARIA DE LAS CONDES,Corporación Municipal,Urbano,13,131,13114,Las Condes,246,24.2863737363048,77,24,26,119
8841,2,COLEGIO PARROQUIAL SANTA ROSA DE LO BARNECHEA,Particular Subvencionado,Urbano,13,131,13115,Lo Barnechea,351,20.7339013574336,163,48,31,109
8849,8,COLEGIO LA VIRGEN DE POMPEYA,Particular Subvencionado,Urbano,13,131,13114,Las Condes,288,21.7766141002293,116,30,22,120
8854,4,INSTITUTO PRESIDENTE ERRAZURIZ,Particular Subvencionado,Urbano,13,131,13114,Las Condes,177,19.4810594349878,95,20,12,50
8925,7,LICEO POLIVALENTE ARTURO ALESSANDRI P.,Corporación Municipal,Urbano,13,131,13123,Providencia,853,21.8606356068385,346,93,85,329
8926,5,LICEO Nº7 DE PROVIDENCIA LUISA SAAVEDRA,Corporación Municipal,Urbano,13,131,13123,Providencia,770,17.8802258903054,464,80,53,173
8927,3,LICEO CARMELA CARVAJAL DE PRAT,Corporación Municipal,Urbano,13,131,13123,Providencia,1037,16.9545771806117,709,96,80,152
8928,1,LICEO JOSE VICTORINO LASTARRIA,Corporación Municipal,Urbano,13,131,13123,Providencia,1186,22.4014258122807,397,132,144,513
8930,3,LICEO B 42 TAJAMAR,Corporación Municipal,Urbano,13,131,13123,Providencia,847,21.1476116926336,385,84,83,295
8938,9,COLEGIO POLIV. PROF. GUILLERMO GONZALEZ HEIN,Particular Subvencionado,Urbano,13,131,13123,Providencia,405,24.8640340721918,134,40,30,201
8944,3,COLEGIO PARTICULAR REGINA PACIS,Particular Subvencionado,Urbano,13,131,13123,Providencia,298,24.9540185240174,101,30,20,147
8945,1,ESCUELA Y LICEO PAULINA VON MALLINCKRODT,Particular Subvencionado,Urbano,13,131,13123,Providencia,353,21.7821714491264,141,35,34,143
8954,0,COLEGIO MARIA INMACULADA,Particular Subvencionado,Urbano,13,131,13123,Providencia,350,16.7694533165769,241,21,20,68
8997,4,WEXFORD COLLEGE N 2,Particular Subvencionado,Urbano,13,131,13123,Providencia,187,19.9901572768996,90,25,19,53
9006,9,COMPLEJO EDUCACIONAL LA REINA,Corporación Municipal,Urbano,13,131,13113,La Reina,386,26.2961219194188,91,42,32,221
9007,7,LICEO EUGENIO MARÍA DE HOSTOS,Corporación Municipal,Urbano,13,131,13113,La Reina,303,24.6459149946245,101,22,29,151
9008,5,COLEGIO MUNICIPALIZADO CONFEDERAC SUIZA,Corporación Municipal,Urbano,13,131,13113,La Reina,346,25.1734714985664,104,24,28,190
9020,4,COLEGIO SANTA CATALINA LABOURÉ,Particular Subvencionado,Urbano,13,131,13113,La Reina,258,18.2702856104039,140,23,28,67
9033,6,COLEGIO STA MARIA REINA,Particular Subvencionado,Urbano,13,131,13113,La Reina,257,19.0399556419111,135,33,14,75
9058,1,INSTITUTO SUPERIOR DE COMERCIO DIEGO PORT,Administración Delegada (C. P. 3166),Urbano,13,131,13120,Ñuñoa,838,24.1012830592887,293,77,80,388
9060,3,LICEO POLITECNICO PEDRO DE VALDIVIA,Administración Delegada (C. P. 3166),Urbano,13,131,13120,Ñuñoa,515,25.2470179624143,159,42,48,266
9061,1,LICEO POLITECNICO A N° 60 PRESIDENTE MANUEL MONTT,Administración Delegada (C. P. 3166),Urbano,13,131,13120,Ñuñoa,358,28.350925926402,81,21,32,224
9063,8,LICEO INDUSTRIAL BICENTENARIO CHILENO ALEMAN,Administración Delegada (C. P. 3166),Urbano,13,131,13120,Ñuñoa,980,21.8863069401868,396,108,93,383
9064,6,LICEO TECNICO B NÕ 58 JOSE MARIA NARBONA,Administración Delegada (C. P. 3166),Urbano,13,131,13120,Ñuñoa,598,23.5076088331851,190,54,61,293
9065,4,LICEO COMERCIAL GABRIEL GONZALEZ VIDELA,Administración Delegada (C. P. 3166),Urbano,13,131,13120,Ñuñoa,597,24.7578787262822,185,60,58,294
9069,7,LICEO POLIVALENTE MERCEDES MARIN DEL SOLAR,Particular Subvencionado,Urbano,13,131,13118,Macul,121,29.2849672913474,29,7,9,76
9071,9,LICEO AUGUSTO D HALMAR,Corporación Municipal,Urbano,13,131,13120,Ñuñoa,623,18.3423831751571,373,40,48,162
9072,7,LICEO VILLA MACUL ACADEMIA EX LICEO JUANA DE IBARBOUROU A 48,Servicio Local de Educación(SLE),Urbano,13,131,13118,Macul,397,27.1186361714516,126,14,21,236
9073,5,LICEO BICENTENARIO CARMELA SILVA DONOSO,Corporación Municipal,Urbano,13,131,13120,Ñuñoa,445,22.7396751226747,148,51,48,198
9074,3,LICEO JOSE TORIBIO MEDINA,Corporación Municipal,Urbano,13,131,13120,Ñuñoa,956,24.0019083054875,313,92,106,445
9075,1,LICEO BICENTENARIO JOAQUIN EDWARDS BELLO,Servicio Local de Educación(SLE),Urbano,13,131,13118,Macul,152,27.1155121530504,36,16,12,88
9077,8,COMPLEJO EDUC.MUN. BRIGIDA  WALKER.,Corporación Municipal,Urbano,13,131,13120,Ñuñoa,726,29.4143972838768,158,48,47,473
9078,6,LICEO LENKA FRANULIC,Corporación Municipal,Urbano,13,131,13120,Ñuñoa,281,22.7457906286564,85,38,38,120
9082,4,COL TEC PROFESIONAL REPUBLICA ARGENTINA,Corporación Municipal,Urbano,13,131,13120,Ñuñoa,689,30.5505625999764,136,48,50,455
9087,5,CENTRO EDUC. VALLE HERMOSO,Corporación Municipal,Urbano,13,131,13122,Peñalolén,342,23.8141816910877,118,24,36,164
9088,3,LICEO ANTONIO HERMIDA FABRES,Corporación Municipal,Urbano,13,131,13122,Peñalolén,461,27.3904837894335,117,28,27,289
9100,6,LICEO REPUBLICA DE SIRIA,Corporación Municipal,Urbano,13,131,13120,Ñuñoa,579,17.3630405161383,365,63,45,106
9105,7,CENTRO EDUCACIONAL EDUARDO DE LA BARRA,Corporación Municipal,Urbano,13,131,13122,Peñalolén,274,24.9799303236353,95,20,19,140
9106,5,CENTRO EDUCACION MARIANO EGANA,Corporación Municipal,Urbano,13,131,13122,Peñalolén,541,27.0801075685611,139,53,39,310
9111,1,ESCUELA LUIS  ARRIETA CANAS,Corporación Municipal,Urbano,13,131,13122,Peñalolén,163,30.2979341098387,31,12,9,111
9117,0,COLEGIO BICENTENARIO MATILDE HUICI NAVAS,Corporación Municipal,Urbano,13,131,13122,Peñalolén,149,23.1265986032525,56,13,15,65
9140,5,ESCUELA PARTICULAR SANTA VICTORIA,Particular Subvencionado,Urbano,13,131,13122,Peñalolén,357,21.0904977158504,146,43,25,143
9147,2,COLEGIO PARTICULAR N 1 DE NUNOA,Particular Subvencionado,Urbano,13,131,13120,Ñuñoa,218,22.0165337115342,110,11,12,85
9150,2,ESCUELA PARTICULAR REGINA MUNDI,Particular Subvencionado,Urbano,13,131,13118,Macul,296,24.9725303397506,96,21,21,158
9151,0,COLEGIO SANTA MARGARITA DE ESCOCIA,Particular Subvencionado,Urbano,13,131,13120,Ñuñoa,87,25.7270987055803,26,4,8,49
9158,8,COLEGIO PARTICULAR SAN FERNANDO,Particular Subvencionado,Urbano,13,131,13122,Peñalolén,491,19.8589744090022,240,52,46,153
9164,2,LICEO POLITEC.PARTICULAR CARMEN ARRIARAN,Particular Subvencionado,Urbano,13,131,13122,Peñalolén,517,23.4278929580647,194,42,39,242
9168,5,COLEGIO LIBERTADOR SIMON BOLIVAR,Particular Subvencionado,Urbano,13,131,13118,Macul,288,18.7764345930326,162,23,27,76
9172,3,COLEGIO POLIV. ROCKET COLLEGE,Particular Subvencionado,Urbano,13,131,13118,Macul,98,32.0120375968467,13,5,7,73
9179,0,COLEGIO SANTA MARTA,Particular Subvencionado,Urbano,13,131,13120,Ñuñoa,265,18.2372933961185,163,16,20,66
9182,0,COLEGIO POLIVALENTE YORK,Particular Subvencionado,Urbano,13,131,13122,Peñalolén,318,26.2864500790741,87,28,20,183
9183,9,ESC.PARA SORDOS DR. OTTE GABLER,Particular Subvencionado,Urbano,13,131,13129,San Joaquín,37,23.9020219972609,16,6,1,14
9184,7,COLEGIO PRECIOSA SANGRE,Particular Subvencionado,Urbano,13,131,13120,Ñuñoa,151,18.2974743933568,92,17,4,38
9185,5,LICEO SALESIANO CAMILO ORTUZAR MONTT,Particular Subvencionado,Urbano,13,131,13118,Macul,481,17.8417447644288,285,53,48,95
9194,4,CENTRO EDUC PROFES GMO GONZALEZ HEINRICH,Particular Subvencionado,Urbano,13,131,13120,Ñuñoa,430,24.6633389984747,132,32,43,223
9200,2,COLEGIO PARTICULAR JORGE PRIETO LETELIER,Particular Subvencionado,Urbano,13,131,13122,Peñalolén,165,21.9542360459839,62,27,19,57
9208,8,COMPLEJO EDUCACIONAL ESPERANZA,Particular Subvencionado,Urbano,13,131,13118,Macul,279,32.7040020955649,33,21,12,213
9209,6,ESCUELA PARTICULAR SAN JUAN BAUTISTA,Particular Subvencionado,Urbano,13,131,13120,Ñuñoa,227,21.6152864843257,116,17,15,79
9213,4,"COLEGIO, CENTRO EDUC.AMERICO VESPUCIO",Particular Subvencionado,Urbano,13,131,13122,Peñalolén,192,26.2917306881426,62,16,15,99
9281,9,LICEO BICENTENARIO DE EXCELENCIA BENJAMIN VICUNA MACKENNA,Corporación Municipal,Urbano,13,131,13110,La Florida,411,26.6189082467082,103,31,35,242
9283,5,ESCUELA BELLAVISTA,Corporación Municipal,Urbano,13,131,13110,La Florida,357,27.8480617013039,88,25,19,225
9285,1,ESCUELA MARCELA PAZ,Corporación Municipal,Urbano,13,131,13110,La Florida,132,32.2792560372456,19,5,8,100
9288,6,LICEO NUEVO AMANECER,Corporación Municipal,Urbano,13,131,13110,La Florida,187,24.159141632078,64,16,12,95
9292,4,COMPLEJO EDUC. MUNICIPAL CARDEN.A.SAMORE,Corporación Municipal,Urbano,13,131,13110,La Florida,346,29.0891447330808,67,25,16,238
9293,2,LICEO POLIVALENTE LOS ALMENDROS,Corporación Municipal,Urbano,13,131,13110,La Florida,170,30.0034169400588,36,6,11,117
9294,0,LICEO ANDRES BELLO,Corporación Municipal,Urbano,13,131,13110,La Florida,98,26.0591418168481,26,7,5,60
9298,3,LICEO INDIRA GANDHI,Corporación Municipal,Urbano,13,131,13110,La Florida,248,27.3553907147934,65,21,24,138
9312,2,CHILEAN EAGLES COLLEGE LAS VIZCACHAS,Particular Subvencionado,Urbano,13,132,13201,Puente Alto,520,18.5570024294681,282,51,48,139
9317,3,INSTITUTO LA SALLE,Particular Subvencionado,Urbano,13,131,13110,La Florida,357,16.6990825610958,230,45,30,52
9318,1,COLEGIO MAURICIO RUGENDAS,Particular Subvencionado,Urbano,13,131,13110,La Florida,121,20.014088264531,55,17,9,40
9324,6,ESCUELA PARTICULAR MSR.DIEGO ROSALES,Particular Subvencionado,Urbano,13,131,13110,La Florida,105,17.2407106804639,74,9,2,20
9328,9,COLEGIO POLIV. SAN SEBASTIAN DE LA FLORIDA,Particular Subvencionado,Urbano,13,131,13110,La Florida,530,21.7992345887765,202,49,55,224
9332,7,COLEGIO SANTA PATRICIA DE LA FLORIDA,Particular Subvencionado,Urbano,13,131,13110,La Florida,264,23.0694718017264,99,19,29,117
9339,4,ESCUELA Y COLEGIO POLITECNICO LOS HEROES,Particular Subvencionado,Urbano,13,131,13110,La Florida,105,22.4233643595577,55,7,4,39
9340,8,COLEGIO SANTA MARIA,Particular Subvencionado,Urbano,13,131,13110,La Florida,783,18.4274862329267,462,75,78,168
9347,5,CENTRO EDUCACIONAL LA FLORIDA,Particular Subvencionado,Urbano,13,131,13110,La Florida,755,20.689113889936,318,83,74,280
9356,4,COLEGIO PARTICULAR SAN FRANCISCO DE ASIS,Particular Subvencionado,Urbano,13,131,13110,La Florida,538,21.7915743886039,181,72,51,234
9362,9,COLEGIO PARTICULAR LA CONCEPCION,Particular Subvencionado,Urbano,13,131,13110,La Florida,298,18.4529298592444,173,41,29,55
9369,6,ESCUELA PARTICULAR ROSARIO CONCHA,Particular Subvencionado,Urbano,13,131,13110,La Florida,333,19.1535536603275,169,28,38,98
9373,4,BERNADETTE COLLEGE,Particular Subvencionado,Urbano,13,131,13110,La Florida,261,16.9208732343119,158,38,25,40
9375,0,CENTRO EDUCACIONAL LONDON,Particular Subvencionado,Urbano,13,131,13110,La Florida,456,23.5782437287209,174,45,37,200
9377,7,COLEGIO POLIV. VICENTE VALDES,Particular Subvencionado,Urbano,13,131,13110,La Florida,505,19.72102403758,276,42,31,156
9385,8,COLEGIO LE MONDE,Particular Subvencionado,Urbano,13,131,13110,La Florida,337,18.3302872548316,194,35,24,84
9405,6,LICEO BETSABE HORMAZABAL DE ALARCON,Servicio Local de Educación(SLE),Urbano,13,131,13130,San Miguel,435,31.6010893915407,76,23,21,315
9406,4,LICEO ANDRES BELLO,Servicio Local de Educación(SLE),Urbano,13,131,13130,San Miguel,452,21.8096140940969,199,57,33,163
9407,2,ESCUELA DE LA INDUSTRIA GRAFICA HECTOR GO,Administración Delegada (C. P. 3166),Urbano,13,131,13130,San Miguel,785,23.4556154868687,289,70,69,357
9408,0,LICEO BICENTENARIO POLITECNICO SAN JOAQUIN,Administración Delegada (C. P. 3166),Urbano,13,131,13129,San Joaquín,440,37.6431100947173,32,10,14,384
9409,9,LICEO COMERCIAL INSTITUTO SUPERIOR DE COMERCIO DE CHILE (EX A99),Administración Delegada (C. P. 3166),Urbano,13,131,13130,San Miguel,629,23.2068833227189,276,41,37,275
9410,2,ESCUELA  CONSOLIDADA DAVILA,Servicio Local de Educación(SLE),Urbano,13,131,13121,Pedro Aguirre Cerda,210,32.6164257113793,35,14,4,157
9411,0,CENTRO EDUCACIONAL HORACIO ARAVENA A.,Servicio Local de Educación(SLE),Urbano,13,131,13129,San Joaquín,284,33.5559578530589,37,9,18,220
9419,6,LICEO MUNICIPAL ENRIQUE BACKAUSSE,Servicio Local de Educación(SLE),Urbano,13,131,13121,Pedro Aguirre Cerda,117,35.1075985065268,14,4,6,93
9422,6,ESCUELA CENTRO EDUC. REP. MEXICANA,Servicio Local de Educación(SLE),Urbano,13,131,13121,Pedro Aguirre Cerda,86,28.317679325443,12,10,6,58
9472,2,LICEO POLITECNICO SAN LUIS,Particular Subvencionado,Urbano,13,131,13130,San Miguel,1598,31.4638505620799,200,95,112,1191
9474,9,INSTIT.POLIT.SAN MIGUEL ARCANGEL,Particular Subvencionado,Urbano,13,131,13130,San Miguel,145,23.1302826283972,53,11,10,71
9484,6,COLEGIO SANTA ROSA,Particular Subvencionado,Urbano,13,131,13130,San Miguel,287,16.1947471779116,211,24,11,41
9486,2,COLEGIO ESPIRITU SANTO DEL VERBO DIVINO,Particular Subvencionado,Urbano,13,131,13129,San Joaquín,315,27.9215111028169,84,16,19,196
9487,0,ESCUELA INDUSTRIAL PART. LAUTARO,Particular Subvencionado,Urbano,13,131,13130,San Miguel,201,24.5340050586891,43,25,21,112
9489,7,LICEO COMERCIAL JAVIERA Y J L CARRERA N1,Particular Subvencionado,Urbano,13,131,13130,San Miguel,322,21.7483612522549,144,34,38,106
9500,1,COLEGIO PART. NUESTRA SRA DEL HUERTO,Particular Subvencionado,Urbano,13,131,13129,San Joaquín,134,18.9719855748752,85,11,8,30
9502,8,COLEGIO POLIV.ADVENTISTA SANTIAGO SUR,Particular Subvencionado,Urbano,13,131,13129,San Joaquín,168,21.1705236974332,74,17,20,57
9504,4,ESCUELA PARTICULAR Y COLEGIO CHILE,Particular Subvencionado,Urbano,13,131,13130,San Miguel,737,21.8231447728654,298,68,69,302
9505,2,ESCUELA PARTICULAR JOSE A.ALFONSO,Particular Subvencionado,Urbano,13,131,13121,Pedro Aguirre Cerda,347,19.7181721318912,147,46,46,108
9519,2,COLEGIO BICENTENARIO SANTO CURA DE ARS,Particular Subvencionado,Urbano,13,131,13130,San Miguel,307,16.4726215893758,222,16,23,46
9534,6,COLEGIO SAN DAMIAN,Particular Subvencionado,Urbano,13,131,13110,La Florida,432,17.9673928810745,254,53,37,88
9553,2,COLEGIO KING´S SCHOOL,Particular Subvencionado,Urbano,13,131,13130,San Miguel,152,17.5348405045038,104,14,13,21
9564,8,COLEGIO PARROQUIAL SAN MIGUEL,Particular Subvencionado,Urbano,13,131,13130,San Miguel,357,16.7477326926067,239,37,24,57
9570,2,INSTITUTO MIGUEL LEON PRADO,Particular Subvencionado,Urbano,13,131,13130,San Miguel,362,14.7750750729542,293,24,17,28
9579,6,LICEO INDUSTRIAL DE SAN MIGUEL AGUSTIN ED,Administración Delegada (C. P. 3166),Urbano,13,131,13129,San Joaquín,719,23.9684844086224,265,57,50,347
9581,8,LICEO TECNICO A-100 DE SAN MIGUEL,Administración Delegada (C. P. 3166),Urbano,13,131,13130,San Miguel,574,24.0358649255107,213,51,42,268
9582,6,LICEO BICENTENARIO FRANCISCO FRIAS VALENZUELA,Servicio Local de Educación(SLE),Urbano,13,131,13111,La Granja,345,29.6730943285172,66,22,21,236
9583,4,CENTRO EDUCACIONAL MUN.MARIANO LATORRE,Servicio Local de Educación(SLE),Urbano,13,131,13112,La Pintana,446,29.2382332079748,79,33,29,305
9584,2,LICEO COMERCIAL VATE VICENTE HUIDOBRO,Administración Delegada (C. P. 3166),Urbano,13,131,13131,San Ramón,489,25.8983776123065,114,46,47,282
9587,7,LICEO MALAQUIAS CONCHA,Servicio Local de Educación(SLE),Urbano,13,131,13111,La Granja,142,23.6945151209304,53,13,6,70
9599,0,LICEO MUNICIPAL PURKUYEN,Servicio Local de Educación(SLE),Urbano,13,131,13131,San Ramón,218,28.5564415932226,44,15,25,134
9601,6,CENTRO EDUCACIONAL MUNICIPAL SAN RAMON,Servicio Local de Educación(SLE),Urbano,13,131,13131,San Ramón,243,25.1353836144412,72,27,13,131
9608,3,CENTRO EDUCACIONAL MIRADOR,Servicio Local de Educación(SLE),Urbano,13,131,13131,San Ramón,129,26.6118466227828,29,15,13,72
9634,2,COLEGIO MARISTA MARCELINO CHAMPAGNAT,Particular Subvencionado,Urbano,13,131,13112,La Pintana,688,21.8149487050051,255,82,73,278
9637,7,COLEGIO CHRISTIAN GARDEN SCHOOL,Particular Subvencionado,Urbano,13,131,13111,La Granja,523,17.5625998845089,324,43,39,117
9638,5,COLEGIO POLIVALENTE PADRE ESTEBAN GUMUCIO VIVES,Particular Subvencionado,Urbano,13,131,13111,La Granja,151,20.654374508407,83,10,8,50
9646,6,COLEGIO POLIVALENTE FRANCISCO RAMIREZ,Particular Subvencionado,Urbano,13,131,13131,San Ramón,572,21.7255364641687,218,66,53,235
9647,4,LICEO BICENTENARIO SAN FRANCISCO,Particular Subvencionado,Urbano,13,131,13131,San Ramón,526,19.9909564440753,257,38,50,181
9655,5,ESCUELA PARTICULAR CLAUDIO MATTE,Particular Subvencionado,Urbano,13,131,13111,La Granja,336,20.4444568831533,148,45,27,116
9656,3,ESCUELA PARTICULAR PDTE.JOSE J.PRIETO,Particular Subvencionado,Urbano,13,131,13112,La Pintana,489,19.3847175014638,230,53,72,134
9659,8,ESCUELA COLEGIO ALBERTO BLEST GANA,Particular Subvencionado,Urbano,13,131,13131,San Ramón,580,22.0877495892108,272,46,42,220
9660,1,ESCUELA PARTIC PARROQUIAL DOMINGO SAVIO,Particular Subvencionado,Urbano,13,131,13131,San Ramón,461,20.2584467016746,209,61,42,149
9665,2,CENTRO EDUCACIONAL SANTA ROSA DEL SUR,Particular Subvencionado,Urbano,13,131,13112,La Pintana,379,19.5452463410033,186,38,38,117
9666,0,ESC. PART. CELESTIN FREINET,Particular Subvencionado,Urbano,13,131,13112,La Pintana,68,22.3052809466955,25,8,12,23
9668,7,COLEGIO OSCAR SALINAS,Particular Subvencionado,Urbano,13,131,13112,La Pintana,141,23.1001348303894,54,10,12,65
9673,3,ESCUELA PARTICULAR ARTURO MATTE LARRAIN,Particular Subvencionado,Urbano,13,131,13131,San Ramón,464,21.2632269281187,197,37,39,191
9684,9,COLEGIO SAN GREGORIO DE LA SALLE,Particular Subvencionado,Urbano,13,131,13111,La Granja,320,19.3693862758546,166,42,23,89
9686,5,LICEO TÉCNICO CLOTARIO BLEST RIFFO,Administración Delegada (C. P. 3166),Urbano,13,131,13121,Pedro Aguirre Cerda,339,25.1095336106957,85,38,28,188
9687,3,LICEO CHRISTA MC AULIFFE,Servicio Local de Educación(SLE),Urbano,13,131,13105,El Bosque,351,23.4300167992021,158,21,22,150
9688,1,LICEO JUAN GOMEZ MILLAS,Servicio Local de Educación(SLE),Urbano,13,131,13105,El Bosque,410,24.8813789953858,157,33,20,200
9690,3,CENTRO DUC.CARDENAL JOSE MARIA CARO,Servicio Local de Educación(SLE),Urbano,13,131,13116,Lo Espejo,159,30.3124601704332,26,8,7,118
9693,8,LICEO POLITECNICO CIENCIA Y TECNOLOGIA,Servicio Local de Educación(SLE),Urbano,13,131,13109,La Cisterna,848,24.6072523771492,253,92,81,422
9694,6,INSTITUTO COMERCIAL PADRE ALBERTO HURTADO DE PEDRO AGUIRRE CERDA,Administración Delegada (C. P. 3166),Urbano,13,131,13121,Pedro Aguirre Cerda,348,26.4040769667065,83,26,39,200
9695,4,LICEO POLIVALENTE EUGENIO PEREIRA SALAS,Servicio Local de Educación(SLE),Urbano,13,131,13121,Pedro Aguirre Cerda,216,36.6796020887655,17,8,8,183
9697,0,LICEO POLIVALENTE,Servicio Local de Educación(SLE),Urbano,13,131,13116,Lo Espejo,198,29.6159773698644,37,8,13,140
9701,2,LICEO POLIVALENTE OLOF PALME,Servicio Local de Educación(SLE),Urbano,13,131,13109,La Cisterna,147,32.0939094821374,27,9,8,103
9722,5,LICEO PORTAL DE LA CISTERNA,Servicio Local de Educación(SLE),Urbano,13,131,13109,La Cisterna,179,38.7738297894166,7,2,3,167
9726,8,LICEO TENIENTE FRANCISCO MERY AGUIRRE,Servicio Local de Educación(SLE),Urbano,13,131,13116,Lo Espejo,145,30.1459558147085,28,11,7,99
9754,3,INSTITUTO COMERCIAL PARTICULAR LA CISTERNA,Particular Subvencionado,Urbano,13,131,13109,La Cisterna,609,25.1228461847444,196,47,46,320
9757,8,CENTRO EDUCACIONAL SANTA CLARA,Particular Subvencionado,Urbano,13,131,13109,La Cisterna,286,20.8124999926985,146,27,22,91
9758,6,COLEGIO SANTA ISABEL DE HUNGRIA,Particular Subvencionado,Urbano,13,131,13109,La Cisterna,335,18.6264946740316,186,30,32,87
9759,4,LICEO LAURA VICUNA,Particular Subvencionado,Urbano,13,131,13109,La Cisterna,331,16.6564467205206,214,42,28,47
9766,7,COLEGIO SANTA MARIA DE LOS ANGELES,Particular Subvencionado,Urbano,13,131,13109,La Cisterna,175,16.7080375938825,116,15,24,20
9767,5,LICEO MADRE CECILIA LAZZERI,Particular Subvencionado,Urbano,13,131,13109,La Cisterna,338,16.5681890350158,219,40,39,40
9768,3,ESCUELA Y LICEO LIAHONA,Particular Subvencionado,Urbano,13,131,13105,El Bosque,485,15.836472817299,350,45,37,53
9771,3,CHILEAN EAGLES COLLEGE - LA CISTERNA,Particular Subvencionado,Urbano,13,131,13109,La Cisterna,333,21.5440414598988,146,40,32,115
9779,9,CENTRO EDUCACIONAL SANTA ROSA,Particular Subvencionado,Urbano,13,131,13109,La Cisterna,795,24.2148924225116,264,78,71,382
9780,2,COLEGIO TENIENTE DAGOBERTO GODOY,Particular Subvencionado,Urbano,13,131,13105,El Bosque,240,25.0548174276006,75,10,16,139
9781,0,CENTRO POLITECNICO PARTICULAR SAN RAMON,Particular Subvencionado,Urbano,13,131,13109,La Cisterna,1047,24.44804960683,325,101,103,518
9784,5,LICEO TÉCNICO INDUSTRIAL LA CISTERNA,Particular Subvencionado,Urbano,13,131,13109,La Cisterna,292,26.3857383583396,69,29,25,169
9796,9,ESC. PART.ADVENTISTA BUENAVENTURA,Particular Subvencionado,Urbano,13,131,13116,Lo Espejo,190,18.6427902910329,106,20,20,44
9797,7,COLEGIO ADVENTISTA LA CISTERNA,Particular Subvencionado,Urbano,13,131,13109,La Cisterna,176,17.2543974748462,113,15,12,36
9799,3,COMPLEJO EDUC.PART.MONSENOR LUIS A.PEREZ,Particular Subvencionado,Urbano,13,131,13121,Pedro Aguirre Cerda,596,20.256094767527,247,74,69,206
9800,0,ESCUELA BAS. ROSA ELVIRA MATTE DE PRIETO,Particular Subvencionado,Urbano,13,131,13116,Lo Espejo,355,21.1783186238195,132,49,43,131
9801,9,COLEGIO POLIV. SAINT ORLAND,Particular Subvencionado,Urbano,13,131,13109,La Cisterna,300,22.4431388742283,147,20,21,112
9810,8,LICEO POLITECNICO PART.SAGRADO CORAZON,Particular Subvencionado,Urbano,13,131,13116,Lo Espejo,268,22.253465901724,92,28,38,110
9824,8,COMPLEJO EDUCACIONAL STELLA MARIS,Particular Subvencionado,Urbano,13,131,13105,El Bosque,321,18.131303944385,182,28,30,81
9827,2,COLEGIO IDOP LIMITADA,Particular Subvencionado,Urbano,13,131,13109,La Cisterna,651,20.1457697444166,311,73,62,205
9828,0,COLEGIO SOL DE CHILE,Particular Subvencionado,Urbano,13,131,13116,Lo Espejo,124,24.6119154388083,30,15,10,69
9829,9,COLEGIO BICENTENARIO DE EXCELENCIA MIGUEL DE CERVANTES,Particular Subvencionado,Urbano,13,131,13109,La Cisterna,554,20.2891926273954,279,42,51,182
9834,5,COLEGIO POLITEC. MARIA GRISELDA VALLE S.,Particular Subvencionado,Urbano,13,131,13105,El Bosque,845,26.7967358317047,179,63,72,531
9844,2,COLEGIO EL ALMENDRO,Particular Subvencionado,Urbano,13,131,13105,El Bosque,313,20.6255233319021,134,37,32,110
9845,0,COLEGIO GRACE SCHOOL,Particular Subvencionado,Urbano,13,131,13121,Pedro Aguirre Cerda,301,18.437352434045,161,31,32,77
9852,3,ESCUELA PARTICULAR VILLA EL SOL,Particular Subvencionado,Urbano,13,131,13105,El Bosque,460,15.9450456015276,320,39,30,71
9853,1,COLEGIO POLIV. SAINT TRINITY COLLEGE,Particular Subvencionado,Urbano,13,131,13116,Lo Espejo,267,25.6839566077753,67,22,30,148
9860,4,LICEO BICENTENARIO INDUSTRIAL DE ELECTROTECNIA RAMON B,Administración Delegada (C. P. 3166),Urbano,13,131,13109,La Cisterna,753,23.2709515224423,241,85,66,361
9861,2,CENTRO EDUC.MUNIC. DR. AMADOR NEGHME RODRIGUEZ,Servicio Local de Educación(SLE),Urbano,13,131,13106,Estación Central,301,36.0006939816906,28,8,7,258
9862,0,LICEO BICENTENARIO POLIVALENTE A N°71 GUILLERMO FELIU CRUZ,Servicio Local de Educación(SLE),Urbano,13,131,13106,Estación Central,674,33.2648174440022,88,24,41,521
9863,9,LICEO SANTIAGO BUERAS Y AVARIA,Servicio Local de Educación(SLE),Urbano,13,131,13119,Maipú,404,28.4591069276965,95,22,32,255
9864,7,LICEO JOSE IGNACIO ZENTENO,Servicio Local de Educación(SLE),Urbano,13,131,13119,Maipú,266,26.0991652400507,83,16,16,151
9865,5,LICEO POLIVALENTE DR. LUIS VARGAS SALCEDO,Servicio Local de Educación(SLE),Urbano,13,131,13102,Cerrillos,281,32.5280963706848,49,14,11,207
9866,3,LICEO COMERCIAL B-72,Administración Delegada (C. P. 3166),Urbano,13,131,13106,Estación Central,743,31.3859900897039,158,38,42,505
9867,1,CENTRO DE EDUC. TECN.PROFESIONAL CODEDUC,Servicio Local de Educación(SLE),Urbano,13,131,13119,Maipú,587,26.4160785582394,179,34,44,330
9887,6,LICEO EL LLANO DE MAIPU,Servicio Local de Educación(SLE),Urbano,13,131,13119,Maipú,166,32.5686711289761,22,7,6,131
9889,2,LICEO REINO DE DINAMARCA,Servicio Local de Educación(SLE),Urbano,13,131,13119,Maipú,267,26.4334825437189,67,25,12,163
9896,5,LICEO MAIPÚ DE LAS ARTES Y LA TECNOLOGÍA,Servicio Local de Educación(SLE),Urbano,13,131,13119,Maipú,463,25.1923671295479,118,40,42,263
9897,3,LICEO BICENTENARIO DE EXCELENCIA POLITÉCNICO HANNOVER,Particular Subvencionado,Urbano,13,131,13119,Maipú,1296,24.6019383086146,403,106,107,680
9900,7,COLEGIO BICENTENARIO DE EXCELENCIA POLITECNICO ALEMAN ALBERT EINSTEIN,Particular Subvencionado,Urbano,13,131,13102,Cerrillos,1040,29.3456782816739,194,64,84,698
9903,1,COLEGIO LOS CONQUISTADORES,Particular Subvencionado,Urbano,13,131,13102,Cerrillos,377,18.159535318177,230,37,34,76
9905,8,LICEO SAN PEDRO POVEDA,Particular Subvencionado,Urbano,13,131,13119,Maipú,339,15.2904663672939,251,31,17,40
9906,6,COLEGIO INSTITUTO AMERICA,Particular Subvencionado,Urbano,13,131,13119,Maipú,392,22.1523512406054,129,48,40,175
9907,4,COLEGIO POLIVALENTE CAMILO HENRIQUEZ,Particular Subvencionado,Urbano,13,131,13119,Maipú,318,17.253636206458,189,34,40,55
9909,0,CENTRO EDUCACIONAL PIAMARTINO CAROLINA LLONA DE CUEVAS,Particular Subvencionado,Urbano,13,131,13119,Maipú,915,22.2764342117305,380,76,88,371
9910,4,COLEGIO PARTICULAR SAN FELIX,Particular Subvencionado,Urbano,13,131,13119,Maipú,149,19.6361231712218,71,19,16,43
9911,2,COLEGIO DE LA PROVIDENCIA C.LARRAIN DE I,Particular Subvencionado,Urbano,13,131,13119,Maipú,332,18.1464031340239,194,27,14,97
9912,0,COLEGIO PART. ASCENSION NICOL,Particular Subvencionado,Urbano,13,131,13106,Estación Central,289,23.0440576276662,135,19,17,118
9917,1,COLEGIO POLIVALENTE PATRICIO MEKIS,Particular Subvencionado,Urbano,13,131,13119,Maipú,816,24.0903774731446,262,78,65,411
9919,8,COLEGIO PARTICULAR MATER DEI,Particular Subvencionado,Urbano,13,131,13102,Cerrillos,239,16.7408388651291,161,26,17,35
9924,4,COLEGIO ALBERTO PEREZ,Particular Subvencionado,Urbano,13,131,13119,Maipú,399,17.3002156284344,248,43,35,73
9926,0,COLEGIO SOFIA INFANTE HURTADO,Particular Subvencionado,Urbano,13,131,13119,Maipú,174,19.4437884076858,88,16,24,46
9930,9,ESCUELA PARTICULAR JOSE ANTONIO LECAROS,Particular Subvencionado,Urbano,13,131,13106,Estación Central,162,23.7626881015024,58,19,12,73
9937,6,LICEO MATER PURISSIMA,Particular Subvencionado,Urbano,13,131,13119,Maipú,256,15.889041932182,187,16,14,39
9940,6,ESCUELA LICEO MADRE VICENCIA,Particular Subvencionado,Urbano,13,131,13106,Estación Central,357,16.6250248460697,246,30,28,53
9942,2,"ESCUELA, COLEGIO POLITEC.H.DE MAGALLANES",Particular Subvencionado,Urbano,13,131,13106,Estación Central,158,35.1878599985693,15,9,8,126
9945,7,COLEGIO ELLEN COLLEGE,Particular Subvencionado,Urbano,13,131,13119,Maipú,149,26.3946039219297,36,13,7,93
9947,3,COLEGIO INDUSTRIAL PART. DON ORIONE,Particular Subvencionado,Urbano,13,131,13102,Cerrillos,624,19.6938081404136,282,84,73,185
9950,3,COLEGIO EL REDENTOR,Particular Subvencionado,Urbano,13,131,13119,Maipú,208,23.4181033035799,62,27,17,102
9955,4,COLEGIO ROSITA SANCHEZ,Particular Subvencionado,Urbano,13,131,13119,Maipú,157,21.8540174897786,66,13,5,73
9957,0,LICEO INDUSTRIAL ALBERTO WIDMER,Particular Subvencionado,Urbano,13,131,13119,Maipú,853,22.0116765623739,278,95,107,373
9959,7,COMPLEJO EDUCACIONAL MAIPU,Particular Subvencionado,Urbano,13,131,13119,Maipú,902,20.5016378842754,437,84,70,311
9960,0,ESCUELA PARTICULAR VILLA ESPANA,Particular Subvencionado,Urbano,13,131,13106,Estación Central,143,14.9650070232266,113,9,8,13
9967,8,ESCUELA PARTICULAR RUBEN DARIO,Particular Subvencionado,Urbano,13,131,13119,Maipú,225,13.9354026928399,188,17,11,9
9972,4,COLEGIO SAINT MAURICE S,Particular Subvencionado,Urbano,13,131,13102,Cerrillos,166,17.6882229609504,108,13,10,35
9973,2,COLEGIO SANTA URSULA,Particular Subvencionado,Urbano,13,131,13119,Maipú,158,14.2628039173473,139,11,4,4
9979,1,COLEGIO PETER COLLEGE,Particular Subvencionado,Urbano,13,131,13102,Cerrillos,101,15.3596472353863,77,8,6,10
9981,3,LICEO INDUSTRIAL DOMINGO MATTE PEREZ,Administración Delegada (C. P. 3166),Urbano,13,131,13119,Maipú,492,22.9630637047921,153,55,47,237
9982,1,LICEO COMERCIAL MOLINA LAVIN,Administración Delegada (C. P. 3166),Urbano,13,131,13126,Quinta Normal,950,25.8178162009119,279,77,77,517
9985,6,LICEO GUILLERMO LABARCA HUBERTSON,Corporación Municipal,Urbano,13,131,13126,Quinta Normal,457,30.2492798709964,100,29,20,308
9986,4,LICEO POLITECNICO CAPITAN DE CORBETA INFANTE DE MARINA PEDRO GONZÁLEZ PACHECO,Corporación Municipal,Urbano,13,131,13126,Quinta Normal,490,34.2757041015111,78,10,23,379
10023,4,LICEO ALBERTO HURTADO,Particular Subvencionado,Urbano,13,131,13126,Quinta Normal,423,25.0430065092432,169,18,14,222
10030,7,LICEO POLIV.SAN JOSE DE LA PRECIOSA SANG,Particular Subvencionado,Urbano,13,131,13126,Quinta Normal,582,19.6043541790885,277,75,63,167
10042,0,COLEGIO BICENTENARIO ELVIRA HURTADO DE MATTE DE SANTIAGO,Particular Subvencionado,Urbano,13,131,13126,Quinta Normal,358,18.2223205561887,193,54,36,75
10044,7,CENTRO EDUCACIONAL ALBERTO HURTADO,Particular Subvencionado,Urbano,13,131,13126,Quinta Normal,761,25.4467928986136,280,54,43,384
10052,8,LICEO POLITECNICO SAN FRANCISCO SOLANO,Particular Subvencionado,Urbano,13,131,13103,Cerro Navia,528,27.4966444951107,104,44,46,334
10058,7,COLEGIO POLIVALENTE PRINCIPE DE GALES,Particular Subvencionado,Urbano,13,131,13106,Estación Central,335,30.9159764008713,75,21,18,221
10069,2,COLEGIO MARQUEL,Particular Subvencionado,Urbano,13,131,13126,Quinta Normal,406,22.0890906214232,164,48,46,148
10073,0,LICEO BICENTENARIO INDUSTRIAL VICENTE PEREZ ROSALES,Administración Delegada (C. P. 3166),Urbano,13,131,13126,Quinta Normal,723,25.5579619839198,189,57,79,398
10075,7,LICEO POLIVALENTE LOS HEROES DE LA CONCEPCIÓN,Servicio Local de Educación(SLE),Urbano,13,131,13103,Cerro Navia,421,25.5606174586018,139,27,35,220
10076,5,COMPLEJO EDUCACIONAL PEDRO PRADO,Servicio Local de Educación(SLE),Urbano,13,131,13117,Lo Prado,690,28.8697853728257,156,50,49,435
10077,3,LICEO MUN. CENTRO EDUCACIONAL PUDAHUEL,Servicio Local de Educación(SLE),Urbano,13,131,13124,Pudahuel,452,29.253903744242,106,23,26,297
10087,0,LICEO REPUBLICA DE CROACIA,Servicio Local de Educación(SLE),Urbano,13,131,13103,Cerro Navia,256,28.1937467039545,70,18,15,153
10091,9,LICEO PROFESORA GLADYS VALENZUELA,Servicio Local de Educación(SLE),Urbano,13,131,13117,Lo Prado,259,31.6780513995154,53,10,11,185
10106,0,LICEO BICENTENARIO POETA PABLO NERUDA,Servicio Local de Educación(SLE),Urbano,13,131,13117,Lo Prado,247,29.8829375403866,52,16,19,160
10126,5,COMPLEJO EDUCACIONAL CERRO NAVIA,Servicio Local de Educación(SLE),Urbano,13,131,13103,Cerro Navia,198,27.3442707218515,45,17,16,120
10130,3,LICEO CIUDAD DE BRASILIA,Servicio Local de Educación(SLE),Rural,13,131,13124,Pudahuel,130,19.831508614765,54,17,21,38
10140,0,ESCUELA PARTICULAR FRINGS COLLEGE,Particular Subvencionado,Urbano,13,131,13117,Lo Prado,134,18.8445319134811,82,13,11,28
10158,3,COLEGIO BICENTENARIO SAN DAMIAN DE MOLOKAI,Particular Subvencionado,Urbano,13,131,13103,Cerro Navia,319,19.5027125531626,177,27,27,88
10162,1,LICEO TENIENTE DAGOBERTO GODOY NO.3,Particular Subvencionado,Urbano,13,131,13117,Lo Prado,266,23.9871145301962,107,27,21,111
10164,8,COLEGIO SAN FRANCISCO JAVIER,Particular Subvencionado,Urbano,13,131,13103,Cerro Navia,217,21.3257854109105,96,19,21,81
10187,7,COLEGIO BICENTENARIO MADRE ANA EUGENIA,Particular Subvencionado,Urbano,13,131,13124,Pudahuel,449,19.336582923548,239,44,49,117
10193,1,COLEGIO POLIV. SAINT ORLAND N 3,Particular Subvencionado,Urbano,13,131,13103,Cerro Navia,56,19.3336933884451,29,5,4,18
10196,6,LICEO INDUSTRIAL BICENTENARIO BENJAMIN DAVILA LARRAIN,Administración Delegada (C. P. 3166),Urbano,13,131,13128,Renca,803,21.550994376999,341,77,74,311
10199,0,LICEO POLIVALENTE A80 PRESIDENTE JOSE MANUEL BALMACEDA,Municipal DAEM,Urbano,13,131,13108,Independencia,334,32.6238068937493,64,14,6,250
10210,5,LICEO GENERAL ALEJANDRO GOROSTIAGA ORREGO,Corporación Municipal,Urbano,13,131,13128,Renca,93,31.4036460380777,9,3,5,76
10220,2,COLEGIO PRESIDENTE ALESSANDRI,Particular Subvencionado,Urbano,13,131,13108,Independencia,339,22.9889237134836,138,37,20,144
10223,7,LICEO SANTA TERESITA,Particular Subvencionado,Urbano,13,131,13108,Independencia,722,23.5316047216419,302,69,50,301
10224,5,COLEGIO ARTURO TORO AMOR,Particular Subvencionado,Urbano,13,131,13108,Independencia,360,20.334328520103,182,50,33,95
10232,6,COLEG. POLIV. SANTA MARIA DE LA PROVIDENCIA,Particular Subvencionado,Urbano,13,131,13128,Renca,319,17.6670789180053,203,29,30,57
10240,7,ESCUELA LUIS CRUZ MARTINEZ,Servicio Local de Educación(SLE),Urbano,13,131,13125,Quilicura,454,26.1514065912928,132,28,40,254
10246,6,COLEGIO POLIV. SANTA MARIA,Particular Subvencionado,Urbano,13,131,13125,Quilicura,617,19.9476248262076,299,64,63,191
10248,2,LICEO INSTITUTO TECNOLOGICO Y COMERCIAL RECOLETA-INTECO,Administración Delegada (C. P. 3166),Urbano,13,131,13127,Recoleta,756,26.9229162108167,195,65,67,429
10250,4,CENTRO EDUCACIONAL BICENTENARIO DE EXCELENCIA DE HUECHURABA,Municipal DAEM,Urbano,13,131,13107,Huechuraba,422,24.9090491989634,148,27,31,216
10251,2,LICEO POETA FEDERICO GARCIA LORCA,Servicio Local de Educación(SLE),Urbano,13,131,13104,Conchalí,376,29.3522952976389,109,21,19,227
10252,0,LICEO ARTURO PEREZ CANTO,Municipal DAEM,Urbano,13,131,13127,Recoleta,301,34.3643106096966,29,19,14,239
10253,9,LICEO POLIV. ABDON CIFUENTES,Servicio Local de Educación(SLE),Urbano,13,131,13104,Conchalí,571,27.1317573293785,129,45,44,353
10254,7,CENTRO EDUCACIONAL JOSE MIGUEL CARRERA,Municipal DAEM,Urbano,13,131,13127,Recoleta,343,36.8366912093042,22,8,11,302
10255,5,COMPLEJO EDUCACIONAL JUANITA FERNANDEZ SOLAR,Municipal DAEM,Urbano,13,131,13127,Recoleta,718,26.0803760601021,248,48,35,387
10259,8,LICEO ALBERTO BLEST GANA,Servicio Local de Educación(SLE),Urbano,13,131,13104,Conchalí,294,32.5737920076662,48,10,15,221
10269,5,LICEO MUNC.ALMIRANTE GALVARINO RIVEROS,Servicio Local de Educación(SLE),Urbano,13,131,13104,Conchalí,159,30.3565967023478,29,2,9,119
10313,6,COLEGIO POLIV. ALEJANDRO FLORES,Particular Subvencionado,Urbano,13,131,13127,Recoleta,352,26.0955641970492,113,29,29,181
10315,2,COLEGIO CRISTOBAL COLON,Particular Subvencionado,Urbano,13,131,13104,Conchalí,292,19.4783443748649,146,32,24,90
10320,9,LICEO AVENIDA RECOLETA,Particular Subvencionado,Urbano,13,131,13127,Recoleta,528,27.2522014020282,145,44,29,310
10329,2,COLEGIO LIBERTADOR SAN MARTIN,Particular Subvencionado,Urbano,13,131,13104,Conchalí,364,33.797893493094,49,13,14,288
10337,3,COLEGIO MATER DOLOROSA,Particular Subvencionado,Urbano,13,131,13107,Huechuraba,157,19.1160509403809,81,17,18,41
10344,6,COLEGIO HELLEN´S COLLEGE,Particular Subvencionado,Urbano,13,131,13104,Conchalí,319,19.7952098651323,157,38,37,87
10350,0,COLEGIO ELENA BETTINI,Particular Subvencionado,Urbano,13,131,13108,Independencia,274,18.6418556201601,163,21,21,69
10352,7,LICEO BICENTENARIO NUEVA AURORA DE CHILE,Particular Subvencionado,Urbano,13,131,13127,Recoleta,167,22.6856901287133,72,14,13,68
10377,2,LICEO POLIVALENTE SAINT ANDREWS,Particular Subvencionado,Urbano,13,133,13302,Lampa,144,20.8068445758105,65,15,12,52
10385,3,ESCUELA PART. ADVENTISTA SANTIAGO NORTE,Particular Subvencionado,Urbano,13,131,13104,Conchalí,163,20.3297410096449,87,16,7,53
10396,9,LICEO POLIVALENTE RAFAEL DONOSO CARRASCO,Administración Delegada (C. P. 3166),Urbano,13,131,13127,Recoleta,634,27.7416227404739,132,58,57,387
10397,7,LICEO INDUSTRIAL DE RECOLETA,Administración Delegada (C. P. 3166),Urbano,13,131,13127,Recoleta,406,31.2223277609733,66,21,29,290
10399,3,LICEO POLIVALENTE RIGOBERTO FONTT I.,Corporación Municipal,Urbano,13,133,13301,Colina,1072,25.2162101735725,389,84,60,539
10401,9,ESCUELA BASICA SANTA TERESA DEL CARMELO,Corporación Municipal,Urbano,13,133,13301,Colina,272,20.0763399287137,143,30,21,78
10405,1,LICEO ESMERALDA,Corporación Municipal,Urbano,13,133,13301,Colina,530,28.1873787281711,105,50,48,327
10408,6,LICEO PELDEHUE,Corporación Municipal,Rural,13,133,13301,Colina,535,25.2096816442762,173,48,41,273
10415,9,ESCUELA PARTICULAR DESIREE,Particular Subvencionado,Urbano,13,133,13301,Colina,673,18.6599197334427,375,66,58,174
10419,1,LICEO BICENTENARIO MANUEL PLAZA REYES DE LAMPA,Corporación Municipal,Urbano,13,133,13302,Lampa,1097,21.0918392403834,525,108,94,370
10432,9,LICEO POLIVALENTE MANUEL RODRIGUEZ,Corporación Municipal,Urbano,13,133,13303,Tiltil,463,22.3565750995887,191,48,23,201
10433,7,LICEO HUERTOS FAMILIARES,Corporación Municipal,Rural,13,133,13303,Tiltil,234,20.7229079994655,113,27,25,69
10450,7,ESCUELA CONSOLIDADA,Corporación Municipal,Urbano,13,132,13201,Puente Alto,577,25.6033320186553,174,58,41,304
10452,3,LICEO PUENTE ALTO,Corporación Municipal,Urbano,13,132,13201,Puente Alto,265,29.5878884071298,57,16,13,179
10453,1,LICEO IND. MUNICIPALIZADO A N_ 116,Corporación Municipal,Urbano,13,132,13201,Puente Alto,653,24.9424861989939,182,55,51,365
10455,8,LICEO SAN GERONIMO,Corporación Municipal,Urbano,13,132,13201,Puente Alto,161,24.7113070077817,48,14,8,91
10456,6,LICEO COMERCIAL DE PUENTE ALTO,Corporación Municipal,Urbano,13,132,13201,Puente Alto,490,24.4547498522657,164,42,37,247
10457,4,COLEGIO MAIPO,Corporación Municipal,Urbano,13,132,13201,Puente Alto,292,26.9141389806357,60,26,23,183
10470,1,LICEO MUNIC.ING.MILITAR JUAN MACKENA O.,Corporación Municipal,Urbano,13,132,13201,Puente Alto,410,24.4880208382076,143,30,38,199
10479,5,COLEGIO ESTELA SEGURA,Particular Subvencionado,Urbano,13,132,13201,Puente Alto,263,19.1679480095817,122,33,33,75
10482,5,COLEGIO ARTURO PRAT,Particular Subvencionado,Urbano,13,132,13201,Puente Alto,167,27.8148561190811,35,13,18,101
10484,1,COLEGIO CORDILLERA,Particular Subvencionado,Urbano,13,132,13201,Puente Alto,236,17.3459436851612,159,22,18,37
10487,6,COLEGIO POLIVALENTE DOMINGO MATTE MESIAS,Particular Subvencionado,Urbano,13,132,13201,Puente Alto,1072,18.6577217277075,551,121,124,276
10489,2,LICEO NUESTRA SENORA DE LAS MERCEDES,Particular Subvencionado,Urbano,13,132,13201,Puente Alto,310,16.0854458757092,219,24,26,41
10491,4,ESCUELA SANTA JOAQUINA DE VEDRUNA,Particular Subvencionado,Urbano,13,132,13201,Puente Alto,273,16.4417937511486,190,22,18,43
10492,2,COLEGIO CRISTIANO BELEN,Particular Subvencionado,Urbano,13,132,13201,Puente Alto,131,16.7673942038729,92,6,10,23
10493,0,COLEGIO INGLES SAN LUIS GONZAGA II,Particular Subvencionado,Urbano,13,132,13201,Puente Alto,518,20.799773510172,209,57,60,192
10496,5,ESCUELA INDUSTRIAL LAS NIEVES,Particular Subvencionado,Rural,13,132,13201,Puente Alto,681,25.3537694651423,161,60,58,402
10500,7,COLEGIO POLIV. EL ALBORADA,Particular Subvencionado,Urbano,13,132,13201,Puente Alto,404,22.880437736806,118,41,48,197
10501,5,COLEGIO POLIV. PROFESOR ILDEFONSO CALDERON,Particular Subvencionado,Urbano,13,132,13201,Puente Alto,231,24.8983744183297,54,28,21,128
10503,1,COLEGIO EDUC.PART. COMP.DE MARIA P. ALTO,Particular Subvencionado,Urbano,13,132,13201,Puente Alto,330,16.8760083980855,213,43,25,49
10505,8,LICEO POLIVALENTE MARIA REINA,Particular Subvencionado,Urbano,13,132,13201,Puente Alto,285,20.2573028075896,122,27,36,100
10506,6,COLEGIO SENDA DEL SABER,Particular Subvencionado,Urbano,13,132,13201,Puente Alto,255,24.837810155223,68,32,23,132
10507,4,LICEO BICENTENARIO TÉCNICO LAS NIEVES,Particular Subvencionado,Rural,13,132,13201,Puente Alto,742,23.4280658469482,272,65,70,335
10515,5,ESCUELA DOMINGO FAUSTINO SARMIENTO,Particular Subvencionado,Urbano,13,132,13201,Puente Alto,132,19.2487188813573,73,11,11,37
10516,3,LICEO MUNIC. TEC. PROF. EL LLANO,Corporación Municipal,Urbano,13,132,13202,Pirque,244,23.4075015320179,84,26,23,111
10520,1,LICEO  EL PRINCIPAL,Corporación Municipal,Rural,13,132,13202,Pirque,274,18.0698597483232,169,28,16,61
10526,0,LICEO POLIVALENTE SAN JOSE DE MAIPO,Corporación Municipal,Urbano,13,132,13203,San José de Maipo,360,24.6648928192255,106,21,34,199
10540,6,COLEGIO RAFAEL EYZAGUIRRE,Particular Subvencionado,Urbano,13,132,13203,San José de Maipo,176,16.3690797488678,124,17,9,26
10541,4,LICEO COMERCIAL DE SAN BERNARDO,Administración Delegada (C. P. 3166),Urbano,13,134,13401,San Bernardo,1140,23.8913138106667,364,110,88,578
10542,2,CENTRO EDUCACIONAL BALDOMERO LILLO,Servicio Local de Educación(SLE),Urbano,13,134,13401,San Bernardo,402,29.8856676931424,93,21,23,265
10543,0,LICEO POLIVALENTE A-127 FIDEL PINOCHET LE-BRUN,Servicio Local de Educación(SLE),Urbano,13,134,13401,San Bernardo,431,22.4758612371709,169,41,43,178
10544,9,LICEO ELVIRA BRADY MALDONADO-SN.BERNARDO,Servicio Local de Educación(SLE),Urbano,13,134,13401,San Bernardo,895,25.4066513930669,250,66,76,503
10545,7,LICEO IND. MIGUEL AYLWIN GAJARDO,Servicio Local de Educación(SLE),Urbano,13,134,13401,San Bernardo,414,27.0420956167796,94,33,31,256
10551,1,LICEO POLIV. LUCILA GODOY ALCAYAGA,Servicio Local de Educación(SLE),Urbano,13,134,13401,San Bernardo,282,22.4906976267533,93,36,35,118
10573,2,CENTRO EDUCACIONAL MATIAS COUSINO,Servicio Local de Educación(SLE),Urbano,13,131,13105,El Bosque,161,23.9977880951211,47,19,12,83
10588,0,LICEO CARDENAL ANTONIO SAMORE,Servicio Local de Educación(SLE),Urbano,13,134,13401,San Bernardo,182,27.0240635548793,58,16,5,103
10592,9,LICEO CLARA SOLOVERA,Servicio Local de Educación(SLE),Urbano,13,134,13401,San Bernardo,219,23.8806095276917,59,33,24,103
10594,5,COLEGIO SAINT ARIELI,Particular Subvencionado,Urbano,13,134,13401,San Bernardo,155,19.4618239818344,70,15,18,52
10600,3,COLEGIO MONTESSORI,Particular Subvencionado,Urbano,13,134,13401,San Bernardo,369,17.9954537037189,212,41,25,91
10604,6,COLEGIO VILLA SANTA MARIA,Particular Subvencionado,Urbano,13,131,13105,El Bosque,143,20.7907072695192,60,12,19,52
10606,2,COLEGIO GETSEMANI,Particular Subvencionado,Urbano,13,134,13401,San Bernardo,144,14.1940907612534,119,13,4,8
10607,0,COLEGIO DOMINGO EYZAGUIRRE,Particular Subvencionado,Urbano,13,134,13401,San Bernardo,270,23.5778502616334,80,38,22,130
10608,9,COLEGIO SUPERIOR DEL MAIPO,Particular Subvencionado,Urbano,13,134,13401,San Bernardo,708,18.4224541284733,375,78,87,168
10610,0,COLEGIO SAN JOSE,Particular Subvencionado,Urbano,13,134,13401,San Bernardo,354,16.6998365282352,231,49,25,49
10618,6,INSTITUTO SAN PABLO MISIONERO,Particular Subvencionado,Urbano,13,134,13401,San Bernardo,799,16.6609023080882,533,66,64,136
10626,7,COLEGIO JUAN BAUTISTA DURAN,Particular Subvencionado,Urbano,13,131,13105,El Bosque,127,19.0138446382472,67,12,11,37
10628,3,COLEGIO ARAGON,Particular Subvencionado,Urbano,13,134,13401,San Bernardo,151,21.56662589837,58,21,15,57
10632,1,CENTRO EDUC. DENVER COLORADO SCHOOL,Particular Subvencionado,Urbano,13,131,13105,El Bosque,359,23.6151697958908,113,35,35,176
10638,0,LICEO 131,Corporación Municipal,Urbano,13,134,13402,Buin,942,23.2237606234383,354,92,75,421
10640,2,COLEGIO DE MAIPO,Corporación Municipal,Urbano,13,134,13402,Buin,236,26.4672162633413,59,20,25,132
10641,0,LICEO ALTO JAHUEL,Corporación Municipal,Urbano,13,134,13402,Buin,305,19.9219624636144,149,27,24,105
10642,9,LICEO POLIVALENTE LOS GUINDOS,Corporación Municipal,Urbano,13,134,13402,Buin,405,21.1593731713877,153,46,46,160
10645,3,LICEO FRANCISCO JAVIER KRUGGER ALVARADO,Corporación Municipal,Urbano,13,134,13402,Buin,264,18.459773147656,152,28,16,68
10658,5,LICEO POLIVALENTE MODERNO CARDENAL CARO,Particular Subvencionado,Urbano,13,134,13402,Buin,1224,18.7359348497927,664,143,100,317
10662,3,COLEGIO SAINT MARY COLLEGE,Particular Subvencionado,Urbano,13,134,13402,Buin,134,19.4968368368329,58,22,16,38
10663,1,CENTRO EDUC. ENRIQUE BERNSTEIN CARABANTE,Municipal DAEM,Urbano,13,134,13404,Paine,832,24.6836066820981,238,63,88,443
10666,6,LICEO POLIVALENTE GREGORIO MORALES MIRANDA,Municipal DAEM,Urbano,13,134,13404,Paine,462,19.0984504219963,258,45,32,127
10667,4,LICEO  MARIA CARVAJAL FUENZALIDA,Municipal DAEM,Rural,13,134,13404,Paine,253,22.4430729786344,89,21,29,114
10669,0,ESCUELA  BARBARA KAST RIST,Municipal DAEM,Rural,13,134,13404,Paine,168,21.9023359764496,65,22,18,63
10685,2,COLEGIO PART. MARIA ANA MOGAS,Particular Subvencionado,Urbano,13,134,13404,Paine,340,17.6168535098201,196,43,30,71
10686,0,LICEO MUNICIPAL POETISA GABRIELA MISTRAL,Servicio Local de Educación(SLE),Rural,13,134,13403,Calera de Tango,325,19.1479985808931,185,24,24,92
10696,8,LICEO TALAGANTE,Corporación Municipal,Urbano,13,136,13601,Talagante,388,17.3374177581084,243,41,31,73
10697,6,LICEO POLITECNICO DE TALAGANTE,Corporación Municipal,Urbano,13,136,13601,Talagante,838,23.3002545776817,327,65,74,372
10699,2,LICEO REPUBLICA DE GRECIA,Corporación Municipal,Urbano,13,136,13601,Talagante,309,17.4907211335788,193,33,25,58
10710,7,COLEGIO ALCANTARA DE TALAGANTE,Particular Subvencionado,Urbano,13,136,13601,Talagante,266,12.2557845597222,247,10,4,5
10711,5,LICEO COMERCIAL TALAGANTE,Particular Subvencionado,Urbano,13,136,13601,Talagante,808,19.0796267145682,414,101,67,226
10713,1,COLEGIO NINO JESUS,Particular Subvencionado,Urbano,13,136,13601,Talagante,300,17.8459461547536,184,31,36,49
10715,8,INSTITUTO SUBTTE.LUIS CRUZ MARTINEZ,Particular Subvencionado,Urbano,13,136,13601,Talagante,357,20.3023973186161,145,49,46,117
10717,4,ESCUELA TECNICA SANTA MARIA MICAELA,Particular Subvencionado,Urbano,13,136,13601,Talagante,362,20.6223677871269,166,30,37,129
10721,2,ENGLISH COLLEGE,Particular Subvencionado,Urbano,13,136,13601,Talagante,501,21.7626945377104,211,48,46,196
10723,9,COLEGIO PARTICULAR INTEGRAL ARTURO PRAT,Particular Subvencionado,Urbano,13,136,13601,Talagante,109,14.7709278565218,83,7,10,9
10725,5,LICEO BICENTENARIO ISLA DE MAIPO,Corporación Municipal,Urbano,13,136,13603,Isla de Maipo,481,22.3057544573501,162,53,53,213
10726,3,LICEO BICENTENARIO MARIO BERTERO CEVASCO,Corporación Municipal,Urbano,13,136,13603,Isla de Maipo,351,19.2534947317992,167,38,44,102
10727,1,LICEO REPUBLICA DE ITALIA,Corporación Municipal,Urbano,13,136,13603,Isla de Maipo,171,23.5214166721079,72,6,10,83
10734,4,CENTRO EDUC. PART. MARIA REINA INMACULADA,Particular Subvencionado,Urbano,13,136,13603,Isla de Maipo,446,19.7485919983141,217,41,45,143
10735,2,LICEO POLIV. LUIS HUMBERTO ACOSTA GAY,Municipal DAEM,Urbano,13,136,13602,El Monte,228,24.9570579049857,74,20,16,118
10746,8,LICEO MUNICIPALIZADO PENAFLOR,Municipal DAEM,Urbano,13,136,13605,Peñaflor,359,21.3873106285088,175,25,29,130
10749,2,LICEO BICENTENARIO DE EXCELENCIA PAUL HARRIS,Municipal DAEM,Urbano,13,136,13604,Padre Hurtado,442,23.1689442990181,155,48,44,195
10751,4,LICEO COMERCIAL REPUBLICA DE BRASIL,Municipal DAEM,Urbano,13,136,13605,Peñaflor,287,24.8626221812537,94,25,19,149
10757,3,COLEGIO ALBERTO HURTADO CRUCHAGA,Particular Subvencionado,Urbano,13,136,13604,Padre Hurtado,317,20.725111563191,157,32,21,107
10772,7,COL.PART.INMAC.CONC. DE NTRA.SRA. DE LOURDES,Particular Subvencionado,Urbano,13,136,13605,Peñaflor,319,15.3360982215812,230,30,21,38
10773,5,COMPLEJO EDUC.PART. LUIS PASTEUR,Particular Subvencionado,Urbano,13,136,13604,Padre Hurtado,703,22.9737285415162,241,61,71,330
10780,8,LICEO POLIV. HNOS. SOTOMAYOR BAEZA,Corporación Municipal,Urbano,13,135,13501,Melipilla,1108,21.9246264135998,479,97,100,432
10781,6,LICEO POLITECNICO MUNICIPAL MELIPILLA,Corporación Municipal,Urbano,13,135,13501,Melipilla,667,27.914619378541,130,48,61,428
10783,2,LICEO GABRIELA MISTRAL DE MELIPILLA,Corporación Municipal,Urbano,13,135,13501,Melipilla,273,26.5926984737707,77,25,24,147
10792,1,LICEO POLIV. EL BOLLENAR,Corporación Municipal,Urbano,13,135,13501,Melipilla,245,17.0882603860189,153,22,16,54
10828,6,COLEGIO PARTICULAR ALONSO DE ERCILLA,Particular Subvencionado,Urbano,13,135,13501,Melipilla,357,18.5652452509656,183,42,42,90
10829,4,ESC. BAS. NUESTRA SEÑORA Y MADRE DEL CARMEN,Particular Subvencionado,Urbano,13,135,13501,Melipilla,280,23.0510193172744,110,22,29,119
10830,8,COLEGIO POLITEC.NTRA.SRA.DE LA PRESENTAC,Particular Subvencionado,Urbano,13,135,13501,Melipilla,541,22.97151977214,201,52,56,232
10831,6,COLEGIO PARTICULAR MELIPILLA,Particular Subvencionado,Urbano,13,135,13501,Melipilla,484,19.1464351280375,239,60,54,131
10832,4,COLEGIO POLIVALENTE SAN AGUSTIN,Particular Subvencionado,Urbano,13,135,13501,Melipilla,1400,21.6751101619048,526,158,146,570
10833,2,CENTRO EDUCACIONAL MENESIANO,Particular Subvencionado,Rural,13,135,13501,Melipilla,377,16.7219388882239,244,41,26,66
10845,6,LICEO BICENTENARIO PRESIDENTE BALMACEDA,Municipal DAEM,Urbano,13,135,13503,Curacaví,937,22.2748872004824,395,83,56,403
10851,0,COLEGIO INSTITUTO SAN LUIS DE CURACAVI,Particular Subvencionado,Urbano,13,135,13503,Curacaví,144,18.2642837321003,84,11,12,37
10854,5,LICEO MUNICIPAL DE SAN PEDRO,Municipal DAEM,Rural,13,135,13505,San Pedro,398,24.580418910888,156,34,21,187
10873,1,LICEO MUNICIPAL SARA TRONCOSO TRONCOSO,Municipal DAEM,Urbano,13,135,13502,Alhué,330,20.3919816600344,175,31,18,106
10892,8,NORTH AMERICAN COLLEGE,Particular Subvencionado,Urbano,15,151,15101,Arica,855,17.4220974932104,561,66,63,165
10901,0,COLEGIO SAN MARTIN,Particular Subvencionado,Urbano,1,11,1101,Iquique,141,23.2020620806152,57,19,11,54
10906,1,COLEGIO FORD COLLEGE,Particular Subvencionado,Urbano,15,151,15101,Arica,138,12.1364768905344,128,4,1,5
10911,8,LICEO BICENTENARIO PABLO NERUDA,Servicio Local de Educación(SLE),Urbano,15,151,15101,Arica,718,22.3423334837451,302,67,58,291
10915,0,COLEGIO CARDENAL ANTONIO SAMORE,Particular Subvencionado,Urbano,15,151,15101,Arica,470,14.3685028725399,379,35,22,34
10917,7,LICEO S.S JUAN PABLO SEGUNDO,Servicio Local de Educación(SLE),Urbano,1,11,1107,Alto Hospicio,805,16.7330883852465,565,89,56,95
10962,2,COLEGIO JUAN PABLO II,Particular Subvencionado,Urbano,2,22,2201,Calama,446,15.4722828998576,332,42,28,44
10967,3,LICEO ELEUTERIO RAMIREZ MOLINA,Servicio Local de Educación(SLE),Urbano,2,22,2201,Calama,614,24.5607046790161,225,68,47,274
10968,1,LICEO MAYOR GRAL.(E) OSCAR BONILLA,Corporación Municipal,Urbano,2,21,2101,Antofagasta,932,25.3626127698778,315,71,70,476
10970,3,LICEO TECNICO PROFESIONAL JORGE ALESSANDRI RODRIGUEZ,Servicio Local de Educación(SLE),Urbano,2,22,2201,Calama,1132,28.4784179567429,290,69,73,700
11034,5,LICEO JORGE ALESSANDRI RODRÍGUEZ,Servicio Local de Educación(SLE),Urbano,3,31,3103,Tierra Amarilla,533,22.1149864578673,196,54,52,231
11038,8,LICEO GENERAL RAMÓN FREIRE,Servicio Local de Educación(SLE),Urbano,3,33,3303,Freirina,385,17.7032309289787,224,40,37,84
11105,8,LICEO BICENTENARIO DE EXCELENCIA COLEGIO PARTICULAR MIGUEL DE CERVANTES,Particular Subvencionado,Urbano,4,41,4102,Coquimbo,315,20.4863985047865,132,40,30,113
11106,6,COLEGIO PARTICULAR SANTA MARIA,Particular Subvencionado,Urbano,4,43,4301,Ovalle,452,16.105468288603,319,49,32,52
11110,4,LICEO JORGE IRIBARREN CHARLIN DE HURTADO,Municipal DAEM,Rural,4,43,4305,Río Hurtado,44,17.4627312724645,27,8,5,4
11111,2,LICEO ALBERTO GALLARDO LORCA,Municipal DAEM,Urbano,4,43,4304,Punitaqui,466,21.032899393725,205,39,46,176
11130,9,COLEGIO SAN IGNACIO DE LOYOLA,Particular Subvencionado,Urbano,4,42,4201,Illapel,182,16.8889777827952,124,16,17,25
11133,3,COLEGIO PARTICULAR SAN GABRIEL,Particular Subvencionado,Urbano,4,41,4102,Coquimbo,102,18.5612776989516,57,12,12,21
11139,2,LICEO FERNANDO BINVIGNAT MARIN,Servicio Local de Educación(SLE),Urbano,4,41,4102,Coquimbo,650,23.5156363093788,263,60,54,273
11144,9,ESCUELA DIEGO DE ALMEYDA,Particular Subvencionado,Urbano,4,41,4102,Coquimbo,352,20.9731720005801,162,34,34,122
11145,7,COLEGIO PARTICULAR CALASANZ,Particular Subvencionado,Urbano,4,41,4102,Coquimbo,179,19.3634310350926,81,28,26,44
11155,4,LICEO JORGE ALESSANDRI RODRIGUEZ,Corporación Municipal,Urbano,4,41,4101,La Serena,638,24.9491417083723,167,52,59,360
11157,0,COLEGIO LIBERTADOR SIMON BOLIVAR,Particular Subvencionado,Urbano,4,41,4101,La Serena,144,19.0860563079706,75,11,14,44
11177,5,COLEGIO PARROQUIAL SAN NICOLAS,Particular Subvencionado,Urbano,5,55,5503,Hijuelas,330,16.5768582251638,218,32,33,47
11199,6,COLEGIO LUIS CRUZ MARTINEZ,Municipal DAEM,Urbano,5,54,5401,La Ligua,274,18.2483584695051,159,19,22,74
11209,7,COLEGIO GALILEO GALILEI,Particular Subvencionado,Urbano,5,58,5804,Villa Alemana,135,17.9730319429795,77,18,13,27
11217,8,COLEGIO SAINT THOMAS,Particular Subvencionado,Urbano,5,51,5101,Valparaíso,107,24.1382429440464,26,11,10,60
11240,2,ESCUELA SAN GABRIEL DE LA RIVERA,Particular Subvencionado,Urbano,5,55,5502,Calera,215,16.9324852077048,129,33,22,31
11248,8,ESC. ADRIANA ARANGUIZ CERDA,Corporación Municipal,Rural,6,61,6117,San Vicente,113,18.4657794174084,72,6,5,30
11256,9,COLEGIO PARTICULAR SUBV.DON BOSCO,Particular Subvencionado,Urbano,6,61,6101,Rancagua,327,15.5157128628418,243,32,18,34
11265,8,COLEGIO ENA BELLEMANS MONTTI,Particular Subvencionado,Urbano,6,61,6101,Rancagua,583,22.5783124698587,263,32,46,242
11287,9,LICEO BERTA ZAMORANO LIZANA,Municipal DAEM,Urbano,6,61,6104,Coltauco,440,23.5655699398391,131,42,44,223
11336,0,COLEGIO PARTICULAR NOBEL SCHOOL,Particular Subvencionado,Urbano,7,74,7404,Parral,171,15.5643828233971,124,14,14,19
11348,4,COLEGIO DE MARIA,Particular Subvencionado,Urbano,7,71,7101,Talca,270,18.407244109917,176,11,18,65
11397,2,COLEGIO ADVENTISTA,Particular Subvencionado,Urbano,8,81,8106,Lota,179,17.2714751713879,113,15,16,35
11400,6,LICEO TRAPAQUEANTE,Municipal DAEM,Urbano,8,82,8207,Tirúa,343,17.8279581761911,209,29,32,73
11430,8,COLEGIO TERESIANO PADRE ENRIQUE,Particular Subvencionado,Urbano,8,83,8306,Nacimiento,360,14.8234075684031,260,38,32,30
11498,7,COMPLEJO EDUCACIONAL PRINCIPE DE GALES,Particular Subvencionado,Urbano,9,91,9111,Nueva Imperial,439,20.3506502314118,183,53,52,151
11527,4,LICEO POLITECNICO METODISTA LA GRANJA,Particular Subvencionado,Rural,9,91,9111,Nueva Imperial,253,19.9210030388093,121,17,34,81
11591,6,INSTITUTO TECNICO PROFESIONAL LLIFEN,Municipal DAEM,Rural,14,142,14202,Futrono,227,18.1367417864637,127,20,22,58
11608,4,LICEO TECNICO PROFESIONAL JUAN PABLO II,Particular Subvencionado,Urbano,11,111,11101,Coyhaique,514,21.5907296811905,206,51,52,205
11678,5,LICEO ADVENTISTA,Particular Subvencionado,Urbano,12,121,12101,Punta Arenas,163,18.6412832213651,90,18,13,42
11680,7,COLEGIO CHARLES DARWIN,Particular Subvencionado,Urbano,12,121,12101,Punta Arenas,187,16.2373269904414,131,20,16,20
11706,4,LICEO PARTICULAR LOS ANDES,Particular Subvencionado,Urbano,8,81,8108,San Pedro de la Paz,224,20.6112389954685,107,17,24,76
11709,9,COLEGIO ALERCE,Particular Subvencionado,Urbano,8,81,8101,Concepción,137,22.6827363499757,57,7,10,63
11712,9,ESCUELA PARTICULAR GASPAR CABRALES,Particular Subvencionado,Rural,8,82,8206,Los Álamos,253,15.7679096376068,187,23,18,25
11716,1,COLEGIO MARÍA INMACULADA DE LOS ÁNGELES,Particular Subvencionado,Urbano,8,83,8301,Los Ángeles,156,22.3874304266197,69,13,8,66
11805,2,COLEGIO POLIVALENTE INGLES,Particular Subvencionado,Urbano,13,131,13112,La Pintana,157,19.1354159650528,89,13,8,47
11812,5,COLEGIO TOMAS MORO,Particular Subvencionado,Urbano,13,131,13130,San Miguel,509,28.9586969526431,122,34,30,323
11818,4,COMPLEJO EDUC.PARTICULAR DE LAS ACACIAS,Particular Subvencionado,Urbano,13,131,13105,El Bosque,324,25.6918207039708,90,29,24,181
11831,1,LICEO INDUSTRIAL BENJAMIN FRANKLIN,Corporación Municipal,Urbano,13,131,13126,Quinta Normal,824,28.842450899643,198,56,50,520
11843,5,MASTER COLLEGE,Particular Subvencionado,Urbano,13,134,13401,San Bernardo,234,18.7237812830745,120,18,23,73
11851,6,COLEGIO JOSE MANUEL BALMACEDA,Particular Subvencionado,Urbano,13,136,13605,Peñaflor,427,17.3201861207769,271,41,24,91
11867,2,COLEGIO UNIVERSAL SAN FRANCISCO,Particular Subvencionado,Urbano,13,136,13601,Talagante,136,19.6835297969771,67,11,8,50
11883,4,LICEO MUNICIPAL POLIVALENTE MARIA PINTO,Corporación Municipal,Urbano,13,135,13504,María Pinto,654,21.4389777931863,259,63,70,262
11918,0,FROILAN YAÑEZ DE LA BARRA,Particular Subvencionado,Urbano,13,131,13109,La Cisterna,293,18.8683328239899,174,23,18,78
11931,8,CENTRO EDUC.PART.ORDEN DE SAN JORGE,Particular Subvencionado,Urbano,13,134,13401,San Bernardo,248,22.4868684654018,75,35,28,110
11936,9,COLEGIO JACQUES COUSTEAU,Particular Subvencionado,Urbano,13,131,13119,Maipú,323,27.6852477491422,90,15,22,196
11950,4,COLEGIO MONTEVERDE,Particular Subvencionado,Urbano,13,131,13122,Peñalolén,351,21.1719675367252,135,38,39,139
11965,2,CENTRO EDUCACIONAL SAN LORENZO,Particular Subvencionado,Urbano,13,131,13127,Recoleta,289,19.4332378882627,140,29,28,92
11977,6,SAINT CHRISTIAN COLLEGE,Particular Subvencionado,Urbano,13,131,13111,La Granja,128,18.0678207072197,73,14,12,29
11993,8,ESCUELA BASICA JUAN PABLO DUARTE,Corporación Municipal,Urbano,13,131,13123,Providencia,278,24.5896504097103,93,25,21,139
11994,6,LICEO POLIVALENTE BAHIA DARWIN,Particular Subvencionado,Urbano,13,131,13111,La Granja,236,24.6009043675031,63,26,24,123
12001,4,COLEGIO PARTICULAR EVANGÉLICO BETANIA,Particular Subvencionado,Urbano,16,161,16101,Chillán,182,22.6331154207589,65,17,23,77
12004,9,LICEO POLITECNICO CURANILAHUE,Particular Subvencionado,Urbano,8,82,8205,Curanilahue,292,16.7639433355204,198,24,21,49
12005,7,COLEGIO DON ORIONE,Particular Subvencionado,Urbano,8,83,8301,Los Ángeles,778,21.8063814942877,262,97,99,320
12006,5,LICEO AGRICOLA SAN CARLOS,Servicio Local de Educación(SLE),Rural,16,163,16301,San Carlos,58,22.5395831129906,27,4,6,21
12027,8,COLEGIO BICENTENARIO DE EXCELENCIA EL ÁRBOL DE LA VIDA,Particular Subvencionado,Urbano,16,163,16301,San Carlos,392,15.8599428183262,273,23,14,82
12031,6,COLEGIO SAN DIEGO DE ALCALÁ,Particular Subvencionado,Urbano,8,83,8312,Tucapel,179,14.3908241625201,138,13,18,10
12032,4,COLEGIO CHOLGUAN,Particular Subvencionado,Rural,16,161,16109,Yungay,152,13.6810297211756,131,8,4,9
12033,2,LICEO INDUSTRIAL METODISTA DE CORONEL,Particular Subvencionado,Urbano,8,81,8102,Coronel,747,22.5904372561597,241,69,94,343
12037,5,LICEO POLIVALENTE HERMANAS MAESTRAS DE LA SANTA CRUZ,Particular Subvencionado,Urbano,8,83,8304,Laja,204,18.882780640674,108,21,21,54
12046,4,COLEGIO LORENZO MONDANELLI,Particular Subvencionado,Urbano,16,163,16302,Coihueco,138,17.5403409451241,83,15,17,23
12050,2,COLEGIO POLIVALENTE DARIO SALAS,Particular Subvencionado,Urbano,16,161,16101,Chillán,215,24.6561486313808,62,15,19,119
12059,6,COLEGIO AGRÍCOLA LOS MAYOS,Particular Subvencionado,Rural,8,83,8311,Santa Bárbara,196,19.0501671181557,106,15,17,58
12062,6,LICEO MAURICIO HOCHSCHILD,Particular Subvencionado,Urbano,8,81,8108,San Pedro de la Paz,928,22.1521429644441,327,89,96,416
12077,4,COLEGIO SAN MIGUEL DE LOS ANDES,Particular Subvencionado,Urbano,13,132,13201,Puente Alto,320,19.4620046851718,165,31,36,88
12085,5,COLEGIO CRISTIANO EMMANUEL,Particular Subvencionado,Urbano,13,131,13110,La Florida,131,20.0902712464383,58,19,10,44
12111,8,COLEGIO POLIV. PDTE. JOSE MANUEL BALMACEDA,Particular Subvencionado,Urbano,13,134,13401,San Bernardo,295,22.1418025320294,114,39,24,118
12115,0,CENTRO EDUCACIONAL FEDERICO GARCIA LORCA,Particular Subvencionado,Urbano,13,131,13128,Renca,519,26.8718501243784,153,42,34,290
12117,7,COMPLEJO EDUCACIONAL J. MIGUEL CARRERA,Servicio Local de Educación(SLE),Urbano,13,131,13125,Quilicura,752,32.3128303119749,130,34,38,550
12151,7,COLEGIO HISPANO AMERICANO,Particular Subvencionado,Urbano,5,51,5109,Viña del Mar,1186,21.5902063931837,515,115,98,458
12177,0,COLEGIO ANDRES BELLO,Particular Subvencionado,Urbano,5,54,5402,Cabildo,351,15.4006271957008,260,33,26,32
12183,5,COLEGIO SAINT THOMAS COLLEGE,Particular Subvencionado,Urbano,10,103,10301,Osorno,137,17.6596098444891,80,20,12,25
12185,1,COLEGIO BICENTENARIO HELVECIA,Particular Subvencionado,Urbano,14,141,14101,Valdivia,123,22.5825387226209,52,11,11,49
12192,4,INSTITUTO DEL MAR BICENTENARIO CAPITAN WILLIAMS,Particular Subvencionado,Urbano,10,102,10203,Chonchi,509,20.9695700487354,219,49,54,187
12217,3,CENTRO POLITECNICO PARTICULAR DE NUNOA,Particular Subvencionado,Urbano,13,131,13120,Ñuñoa,690,26.601851763847,184,56,55,395
12225,4,COLEGIO BICENTENARIO SAN ESTEBAN MARTIR,Particular Subvencionado,Urbano,13,131,13115,Lo Barnechea,301,20.7726441944962,128,33,35,105
12241,6,COLEGIO CORAZON DE JESUS,Particular Subvencionado,Urbano,13,131,13126,Quinta Normal,147,16.881093646687,107,12,6,22
12242,4,COLEGIO PUDAHUEL,Particular Subvencionado,Urbano,13,131,13124,Pudahuel,411,28.2688866805166,92,23,25,271
12244,0,COLEGIO EL SEMBRADOR,Particular Subvencionado,Urbano,13,132,13201,Puente Alto,469,19.153186092166,240,49,51,129
12260,2,COLEGIO SAN FRANCISCO DE ASIS DE BELEN,Particular Subvencionado,Urbano,13,131,13101,Santiago,162,28.8058923235289,43,1,4,114
12301,3,COLEGIO ESPAÑOL DE VIÑA DEL MAR,Particular Subvencionado,Urbano,5,51,5109,Viña del Mar,92,17.2716589993163,60,8,6,18
12305,6,COLEGIO ALEXANDER FLEMING,Particular Subvencionado,Urbano,5,58,5804,Villa Alemana,278,18.4760905211934,152,22,30,74
12309,9,COLEGIO PIRAMIDE,Particular Subvencionado,Urbano,5,57,5701,San Felipe,176,17.3159345950912,116,15,13,32
12312,9,COLEGIO REBECA FERNANDEZ,Particular Subvencionado,Urbano,5,51,5109,Viña del Mar,118,19.9957478156443,64,9,6,39
12332,3,LICEO POLITECNICO DE CON CON,Municipal DAEM,Urbano,5,51,5103,Concón,368,26.1507882084819,111,29,26,202
12336,6,LICEO BICENTENARIO TECNICO PROFESIONAL DE MINERIA,Municipal DAEM,Urbano,5,54,5402,Cabildo,487,19.3073799257026,246,49,57,135
12368,4,LICEO BICENTENARIO DE EXCELENCIA POLITÉCNICO SANTA CRUZ,Particular Subvencionado,Urbano,9,91,9103,Cunco,358,18.0601549931561,196,48,34,80
12509,1,LICEO PDTE. ANIBAL PINTO GARMENDIA.,Particular Subvencionado,Urbano,1,11,1101,Iquique,254,16.7788216723392,170,23,21,40
12515,6,COLEGIO NUSTA KORI,Particular Subvencionado,Urbano,1,11,1101,Iquique,156,21.1502999121526,75,13,12,56
12518,0,COLEGIO DIOCESANO OBISPO LABBE,Particular Subvencionado,Urbano,1,11,1101,Iquique,370,21.0630751754221,207,28,17,118
12534,2,LICEO COLEGIO METODISTA ROBERT JOHNSON,Particular Subvencionado,Rural,1,11,1107,Alto Hospicio,667,21.5270997477265,307,60,66,234
12547,4,COLEGIO SAUCACHE,Particular Subvencionado,Urbano,15,151,15101,Arica,734,18.6363231833405,432,65,48,189
12551,2,LIC.PADRE ALBERTO HURTADO CRUCHAGA,Municipal DAEM,Rural,1,14,1405,Pica,651,22.1771710599908,347,45,29,230
12566,0,COLEGIO METODISTA WILLIAM TAYLOR,Particular Subvencionado,Rural,1,11,1107,Alto Hospicio,609,22.5223142413885,265,52,44,248
12573,3,COLEGIO MARIA REINA,Particular Subvencionado,Urbano,1,11,1101,Iquique,307,19.4572183348296,161,29,30,87
12587,3,COLEGIO ARICA COLLEGE,Particular Subvencionado,Urbano,15,151,15101,Arica,321,16.0832754883842,236,20,21,44
12590,3,COLEGIO HISPANO ITALIANA,Particular Subvencionado,Urbano,1,11,1101,Iquique,224,18.4598325781787,126,25,19,54
12591,1,LICEO SAMCA ARUMANTI,Particular Subvencionado,Urbano,1,11,1101,Iquique,435,19.633324803312,235,35,32,133
12594,6,COLEGIO ANTAMARA,Particular Subvencionado,Urbano,1,11,1101,Iquique,227,18.2254351263688,150,16,11,50
12602,0,ESC. BASICA Y PARV. KRONOS SCHOOL,Particular Subvencionado,Urbano,1,11,1107,Alto Hospicio,369,30.8931322886835,67,27,19,256
12603,9,LICEO LOS CONDORES,Particular Subvencionado,Urbano,1,11,1107,Alto Hospicio,432,15.8006411201348,326,31,14,61
12604,7,ESCUELA BASICA CORONA SCHOOL,Particular Subvencionado,Urbano,1,11,1101,Iquique,285,17.7482808400625,180,22,22,61
12605,5,ACADEMIA HOSPICIO,Particular Subvencionado,Urbano,1,11,1107,Alto Hospicio,441,19.4542005836336,220,68,40,113
12610,1,LICEO INSTITUTO COMERCIAL DE ARICA,Servicio Local de Educación(SLE),Urbano,15,151,15101,Arica,372,22.1129937542347,185,22,19,146
12630,6,COLEGIO LEONARDO DA VINCI,Particular Subvencionado,Urbano,15,151,15101,Arica,310,28.1931603903402,71,28,24,187
12631,4,COLEGIO INGLES,Particular Subvencionado,Urbano,1,11,1101,Iquique,523,17.3164873373292,335,61,36,91
12632,2,COLEGIO SIMON BOLIVAR,Servicio Local de Educación(SLE),Urbano,1,11,1107,Alto Hospicio,687,30.849091451822,128,31,35,493
12649,7,LICEO SUPERIOR DIEGO PORTALES,Particular Subvencionado,Urbano,1,11,1107,Alto Hospicio,483,21.856238535206,217,39,36,191
12650,0,COLEGIO SAGRADO CORAZON DE JESUS,Particular Subvencionado,Urbano,1,11,1107,Alto Hospicio,1110,22.374588313802,481,104,80,445
12652,7,COLEGIO SANTO DOMINGO SAVIO,Particular Subvencionado,Urbano,1,11,1107,Alto Hospicio,563,20.4733710950551,303,50,43,167
12655,1,COLEGIO SAN PEDRO,Particular Subvencionado,Urbano,1,11,1107,Alto Hospicio,298,27.8931787460201,75,19,31,173
12658,6,LICEO AGR. TEC. PROF. PADRE FRANCISCO NAPOLITANO,Particular Subvencionado,Rural,15,151,15101,Arica,118,25.374071382713,34,14,10,60
12667,5,COLEGIO HUMBERSTONE,Particular Subvencionado,Urbano,1,11,1101,Iquique,520,14.6479942021197,415,33,30,42
12672,1,COLEGIO SALESIANO DE IQUIQUE,Particular Subvencionado,Urbano,1,11,1101,Iquique,309,16.6619314328822,213,25,24,47
12686,1,LICEO ACADEMIA NACIONAL,Particular Subvencionado,Urbano,1,11,1107,Alto Hospicio,354,23.8750469955902,128,27,28,171
12712,4,COLEGIO CHILE NORTE,Particular Subvencionado,Urbano,15,151,15101,Arica,237,21.9829179213423,103,25,25,84
12713,2,LICEO BICENTENARIO COLEGIO CARDENAL RAUL SILVA HENRIQUEZ,Particular Subvencionado,Urbano,15,151,15101,Arica,275,20.0384443670647,116,33,32,94
12716,7,COLEGIO BICENTENARIO MIRAMAR DE EXCELENCIA,Particular Subvencionado,Urbano,15,151,15101,Arica,627,23.2599295214022,233,75,65,254
12719,1,LICEO PABLO NERUDA,Particular Subvencionado,Urbano,1,11,1107,Alto Hospicio,206,29.0907272578298,43,9,15,139
12720,5,COLEGIO ADOLFO BEYZAGA OVANDO,Particular Subvencionado,Urbano,15,151,15101,Arica,159,18.7433847962261,92,16,16,35
12741,8,COLEGIO LATIONOAMERICANO LAS PARINAS,Particular Subvencionado,Urbano,1,11,1101,Iquique,99,21.0915969416609,48,6,6,39
12747,7,COLEGIO RUPANIC SCHOOL,Particular Subvencionado,Urbano,1,11,1107,Alto Hospicio,363,25.5865506182303,141,25,24,173
12749,3,COLEGIO MARISTA HERMANO FERNANDO,Particular Subvencionado,Urbano,1,11,1107,Alto Hospicio,355,23.8490062145728,149,23,23,160
12759,0,LICEO CAMIÑA,Municipal DAEM,Rural,1,14,1402,Camiña,98,17.9663183946969,68,7,5,18
12762,0,IQRA ARABIAN BRITISH SCHOOL,Particular Subvencionado,Rural,1,11,1101,Iquique,131,17.0031800199162,89,10,9,23
12767,1,COLEGIO INGLÉS THE SOWER SCHOOL,Particular Subvencionado,Urbano,8,83,8313,Yumbel,145,15.8282675999186,103,11,16,15
12775,2,INSTITUTO  DOMINGO  EYZAGUIRRE,Particular Subvencionado,Urbano,13,134,13401,San Bernardo,237,20.8498108184678,95,34,27,81
12779,5,COLEGIO ALTOS DEL CERRO GRANDE,Particular Subvencionado,Urbano,4,41,4101,La Serena,121,16.3969816380267,85,12,10,14
12800,7,COLEGIO BAUTISTA LOIS HART,Particular Subvencionado,Urbano,2,21,2101,Antofagasta,172,17.2271351313695,110,22,14,26
12802,3,FUND.EDUC.COL.FEMENINO MADRE DEL ROSARIO,Particular Subvencionado,Urbano,2,21,2101,Antofagasta,154,18.0715683541624,90,16,16,32
12823,6,COLEGIO CALAMA,Particular Subvencionado,Urbano,2,22,2201,Calama,302,24.0164567868521,136,21,13,132
12830,9,LICEO DE ESTUDIOS CONTABLES Y ADMINISTR.,Particular Subvencionado,Urbano,2,21,2101,Antofagasta,759,20.3142372829721,367,84,70,238
12836,8,LICEO BICENTENARIO COLEGIO RÍO LOA,Particular Subvencionado,Urbano,2,22,2201,Calama,363,27.778260852364,102,30,28,203
12837,6,COLEGIO PARTICULAR BET- EL,Particular Subvencionado,Urbano,2,21,2101,Antofagasta,219,18.4059469918074,114,30,21,54
12838,4,COLEGIO ECOLOGICO MONTESSORI,Particular Subvencionado,Urbano,2,22,2201,Calama,289,19.5351139797763,149,31,28,81
12842,2,LICEO BICENTENARIO AGROPECUARIO LIKAN ANTAI,Servicio Local de Educación(SLE),Urbano,2,22,2203,San Pedro de Atacama,453,23.5362649513962,212,33,24,184
12851,1,COLEGIO PADRE ALBERTO HURTADO,Particular Subvencionado,Urbano,2,22,2201,Calama,179,14.4308445730369,148,7,12,12
12853,8,COLEGIO PARTICULAR SAN NICOLAS,Particular Subvencionado,Urbano,2,22,2201,Calama,263,14.3685314244016,203,19,16,25
12855,4,LICEO COMERCIAL COMPUTACIONAL STA SARA,Particular Subvencionado,Urbano,2,21,2101,Antofagasta,280,22.8883300982935,98,28,30,124
12868,6,COLEGIO EBEN EZER,Particular Subvencionado,Urbano,2,21,2101,Antofagasta,315,17.7495292337712,191,39,20,65
12885,6,COLEGIO SAN AGUSTIN,Particular Subvencionado,Urbano,2,21,2101,Antofagasta,469,15.0260516809154,363,37,26,43
12891,0,NEW HEAVEN HIGH SCHOOL,Particular Subvencionado,Urbano,2,21,2101,Antofagasta,498,18.3799920842954,283,51,51,113
12935,6,COLEGIO PROVIDENCIA,Particular Subvencionado,Urbano,2,21,2101,Antofagasta,311,21.5465710531919,126,29,31,125
12943,7,COLEGIO TECNICO INDUSTRIAL DON BOSCO,Particular Subvencionado,Urbano,2,21,2101,Antofagasta,826,20.9695827113807,317,107,96,306
12958,5,THE GIANT SCHOOL ANTOFAGASTA,Particular Subvencionado,Urbano,2,21,2101,Antofagasta,210,17.2815179891479,133,24,20,33
12961,5,LICEO RADOMIRO TOMIC ROMERO,Servicio Local de Educación(SLE),Urbano,2,22,2201,Calama,303,34.039815623501,32,5,13,253
12963,1,THE ANTOFAGASTA BAPTIST COLLEGE,Particular Subvencionado,Urbano,2,21,2101,Antofagasta,494,18.7074844196837,251,63,65,115
12970,4,NORTH COLLEGE,Particular Subvencionado,Urbano,2,21,2101,Antofagasta,292,17.4021252491804,187,34,23,48
12977,1,HARVEST CHRISTIAN SCHOOL,Particular Subvencionado,Urbano,2,21,2101,Antofagasta,466,19.4717497916308,224,58,50,134
12980,1,LICEO BICENTENARIO DIEGO PORTALES PALAZUELOS,Servicio Local de Educación(SLE),Urbano,2,22,2201,Calama,288,17.8856350694648,170,29,34,55
13103,2,COLEGIO PARTICULAR CALDERA,Particular Subvencionado,Urbano,3,31,3102,Caldera,166,17.68666547044,100,20,14,32
13112,1,COLEGIO SAN AGUSTÍN DE ATACAMA,Particular Subvencionado,Urbano,3,31,3101,Copiapó,514,19.5701575776485,240,60,49,165
13145,8,LICEO TECNOLÓGICO DE COPIAPÓ,Servicio Local de Educación(SLE),Urbano,3,31,3101,Copiapó,956,24.363493322855,314,81,84,477
13146,6,ESCUELA INDUSTRIAL SALESIANOS COPIAPÓ,Particular Subvencionado,Urbano,3,31,3101,Copiapó,800,24.2705883844444,218,94,85,403
13156,3,COLEGIO HÉROES DE ATACAMA,Particular Subvencionado,Urbano,3,31,3101,Copiapó,492,19.8951442554614,230,57,44,161
13168,7,LICEO EL PALOMAR,Servicio Local de Educación(SLE),Urbano,3,31,3101,Copiapó,529,24.9448717652822,193,43,33,260
13178,4,COLEGIO HISPANO AMÉRICA,Particular Subvencionado,Urbano,3,32,3201,Chañaral,71,17.3482001252291,47,6,11,7
13185,7,LICEO INSTITUTO TÉCNICO DE SERVICIOS PROFESIONALES,Servicio Local de Educación(SLE),Urbano,3,33,3301,Vallenar,752,20.6664434904151,349,78,64,261
13188,1,COLEGIO CERVANTINO,Particular Subvencionado,Urbano,3,31,3101,Copiapó,431,16.5342925419701,295,41,28,67
13202,0,LICEO BICENTENARIO DE VALLENAR,Servicio Local de Educación(SLE),Urbano,3,33,3301,Vallenar,335,14.0002871272286,286,20,15,14
13215,2,COLEGIO HOSPITALARIO  CLINICA INDISA,Particular Subvencionado,Urbano,13,131,13123,Providencia,349,20.1420515710423,1,0,2,0
13220,9,COLEGIO LICARAYEN,Particular Subvencionado,Urbano,13,131,13110,La Florida,471,20.7521289085667,220,48,43,160
13305,1,COLEGIO TRINITY,Particular Subvencionado,Urbano,4,41,4101,La Serena,96,16.5659403007065,67,8,9,12
13313,2,COLEGIO FRANCIS SCHOOL,Particular Subvencionado,Urbano,4,41,4102,Coquimbo,586,16.4753870854815,400,57,45,84
13314,0,COLEGIO CRISTOBAL COLON,Particular Subvencionado,Urbano,4,41,4102,Coquimbo,284,17.9878644374464,173,26,31,54
13324,8,COLEGIO SANTA MARIA DE BELEN N_ 162,Particular Subvencionado,Urbano,4,41,4102,Coquimbo,249,19.2978891107127,132,21,19,77
13330,2,COLEGIO PARTICULAR PIERROT,Particular Subvencionado,Urbano,4,41,4101,La Serena,82,20.2007736271838,41,5,6,30
13333,7,ESC. FAMILIAR AGRICOLA VALLE DEL ELQUI,Particular Subvencionado,Rural,4,41,4101,La Serena,214,18.5343153162634,118,21,21,54
13341,8,COLEGIO PART. KOMVUX - COQUIMBO,Particular Subvencionado,Urbano,4,41,4102,Coquimbo,91,22.9097659401454,36,14,4,37
13344,2,COLEGIO AMERICANO,Particular Subvencionado,Urbano,4,41,4101,La Serena,279,18.4486253373884,146,44,37,52
13352,3,LICEO POLIV.PADRE JOSE HERDE P-LHER,Municipal DAEM,Urbano,4,42,4202,Canela,392,17.118050410887,252,38,26,76
13356,6,COLEGIO ALBERT EINSTEIN,Particular Subvencionado,Urbano,4,41,4101,La Serena,287,16.4809130071977,195,27,28,37
13360,4,COLEGIO SAN NICOLAS,Particular Subvencionado,Urbano,4,41,4101,La Serena,202,15.631983802641,150,16,10,26
13361,2,KID´S WORLD SCHOOL,Particular Subvencionado,Urbano,4,41,4102,Coquimbo,290,19.3627527581439,144,27,30,89
13372,8,COLEGIO FRANCISCO PALAU,Particular Subvencionado,Urbano,4,41,4101,La Serena,159,15.872622449241,118,8,10,23
13373,6,COLEGIO PARTICULAR LEONARDO DA VINCI,Particular Subvencionado,Urbano,4,41,4102,Coquimbo,273,17.8956249928773,156,33,31,53
13383,3,COLEGIO CAMBRIDGE SCHOOL,Particular Subvencionado,Urbano,4,42,4204,Salamanca,164,16.9996094552695,118,13,6,27
13384,1,SAINT JOHN´S SCHOOL,Particular Subvencionado,Urbano,4,41,4101,La Serena,314,17.9731725566053,174,37,34,69
13387,6,COLEGIO DE ARTES ELISEO VIDELA JORQUERA,Municipal DAEM,Urbano,4,43,4301,Ovalle,234,19.1016930415068,119,28,30,57
13388,4,COLEGIO SANTO TOMAS LA SERENA,Particular Subvencionado,Urbano,4,41,4101,La Serena,294,17.6795230449905,168,35,31,60
13394,9,CORAZON DE JESUS,Particular Subvencionado,Urbano,4,42,4204,Salamanca,135,17.4389097711774,87,9,6,33
13416,3,COLEGIO ARTISTICO CULTURAL FORM-ARTE,Particular Subvencionado,Urbano,4,41,4101,La Serena,111,17.1363895733944,80,8,8,15
13417,1,COLEGIO ELQUI,Particular Subvencionado,Urbano,4,41,4101,La Serena,119,17.2710333911165,75,13,8,23
13420,1,COLEGIO NUESTRA SENORA DE ANDACOLLO,Particular Subvencionado,Urbano,4,41,4101,La Serena,534,17.5147698689012,322,57,47,108
13426,0,COLEGIO SAN LUCAS,Particular Subvencionado,Urbano,4,41,4101,La Serena,87,16.940452321781,59,12,4,12
13427,9,COLEGIO LOS CONQUISTADORES,Particular Subvencionado,Rural,4,43,4303,Monte Patria,289,19.591561084217,123,40,26,100
13439,2,COLEGIO PUCARA,Particular Subvencionado,Urbano,4,43,4301,Ovalle,169,14.1971792783564,149,9,5,6
13442,2,COLEGIO SANTA FAMILIA,Particular Subvencionado,Urbano,4,41,4102,Coquimbo,324,17.8385049430212,183,38,29,74
13445,7,COLEGIO ESPANOL,Particular Subvencionado,Urbano,4,41,4102,Coquimbo,184,18.8061869270268,109,9,14,52
13446,5,MARIA EDUCA,Particular Subvencionado,Urbano,4,41,4101,La Serena,280,16.2559543756291,204,24,11,41
13461,9,LICEO CARMEN AURORA RODRIGUEZ HENRIQUEZ,Servicio Local de Educación(SLE),Urbano,4,41,4102,Coquimbo,345,19.0074574532171,192,35,27,91
13462,7,COLEGIO CERRO GUAYAQUIL,Municipal DAEM,Urbano,4,43,4303,Monte Patria,95,19.9028984168441,45,5,12,33
13475,9,COLEGIO SAN MARTIN DE PORRES,Particular Subvencionado,Urbano,4,41,4101,La Serena,269,22.2368064639381,103,24,25,117
13486,4,COLEGIO SAN FRANCISCO JAVIER,Particular Subvencionado,Urbano,4,42,4203,Los Vilos,640,19.5149366877923,334,76,51,179
13489,9,COLEGIO MARIA EDUCA,Particular Subvencionado,Urbano,4,41,4102,Coquimbo,282,17.9134444253922,169,32,28,53
13491,0,COLEGIO ALTAZOR,Particular Subvencionado,Urbano,4,41,4102,Coquimbo,298,20.7705119906455,146,31,19,102
13503,8,COLEGIO VALENTIN LETELIER,Particular Subvencionado,Urbano,4,41,4101,La Serena,223,17.687930644047,146,20,16,41
13504,6,COLEGIO SAN LORENZO,Particular Subvencionado,Urbano,4,41,4102,Coquimbo,296,20.2436026463988,128,30,33,105
13513,5,COLEGIO DALMACIA,Particular Subvencionado,Urbano,4,43,4301,Ovalle,198,19.1631655831388,107,14,22,55
13535,6,COLEGIO CERRO GRANDE,Particular Subvencionado,Urbano,4,41,4101,La Serena,204,19.129659044849,94,21,28,61
13542,9,COLEGIO IRMA SALAS SILVA,Particular Subvencionado,Urbano,4,43,4304,Punitaqui,139,19.1266724503959,59,23,22,35
13545,3,ESCUELA BASICA SAN FRANCISCO DE BORJA,Particular Subvencionado,Urbano,4,43,4302,Combarbalá,76,17.1680344734231,48,5,10,13
13551,8,COLEGIO MANANTIAL,Particular Subvencionado,Urbano,4,43,4301,Ovalle,260,19.2007752931993,147,19,24,70
13553,4,COLEGIO SANTA HELENA COLLEGE,Particular Subvencionado,Urbano,4,41,4102,Coquimbo,120,18.4948738662964,65,20,10,25
13558,5,INSTITUTO DE ADM. Y COMERCIO ESTADO DE ISRAEL,Servicio Local de Educación(SLE),Urbano,4,41,4102,Coquimbo,426,19.480677721288,224,36,41,125
13561,5,LIC.DE CIENC.Y HUM.SAN JOSEMARIA ESCRIVA,Servicio Local de Educación(SLE),Urbano,4,41,4102,Coquimbo,399,20.5315421180919,185,43,38,133
13565,8,COLEGIO MANANTIALES DE ELQUI,Particular Subvencionado,Urbano,4,41,4101,La Serena,158,17.2036454481032,91,21,13,33
13573,9,COLEGIO TAMELCURA,Particular Subvencionado,Urbano,4,43,4301,Ovalle,172,14.8716974787005,135,12,15,10
13576,3,LICEO TECNICO PROFESIONAL EDUCADOR JUAN BAUTISTA DE LA SALLE,Corporación Municipal,Urbano,4,41,4101,La Serena,409,22.0936910880045,168,48,32,161
13582,8,COLEGIO TECNICO PROFESIONAL FLORENCIA NIGHTIN,Particular Subvencionado,Urbano,4,41,4101,La Serena,417,19.4889894042165,224,39,43,111
13586,0,COLEGIO CHRIST SCHOOL,Particular Subvencionado,Urbano,4,41,4101,La Serena,474,21.2023992171111,222,56,29,167
13590,9,COLEGIO DE ADMINISTRACION Y COMERCIO EL INGENIO,Municipal DAEM,Urbano,4,43,4301,Ovalle,177,24.7431238702141,57,15,8,97
13604,2,COLEGIO RAKIDUAM,Particular Subvencionado,Urbano,4,41,4102,Coquimbo,217,19.5104948331505,98,34,21,64
13606,9,COLEGIO LEONARDO DA VINCI - VICUÑA,Particular Subvencionado,Urbano,4,41,4106,Vicuña,346,18.6579294790025,199,36,23,88
13610,7,COLEGIO INTERCULTURAL,Particular Subvencionado,Rural,4,41,4101,La Serena,107,13.8837205823994,90,6,2,9
13621,2,COLEGIO DISCOVERY,Particular Subvencionado,Urbano,4,41,4102,Coquimbo,147,15.8395363147305,105,9,9,24
13626,3,COLEGIO SAN LUIS,Particular Subvencionado,Urbano,4,41,4102,Coquimbo,122,23.4028229823701,48,15,6,53
13627,1,COLEGIO SAN SEBASTIÁN,Particular Subvencionado,Urbano,4,42,4204,Salamanca,176,18.8788704825119,102,16,11,47
13633,6,ESCUELA SAN MARINO COLLEGE,Particular Subvencionado,Urbano,4,41,4102,Coquimbo,151,17.925064901607,87,16,11,37
14202,6,LICEO BICENTENARIO COLEGIO PANQUEHUE,Municipal DAEM,Urbano,5,57,5704,Panquehue,215,18.3513605094738,128,5,18,64
14206,9,LICEO AGRICOLA DE QUILLOTA,Municipal DAEM,Urbano,5,55,5501,Quillota,118,23.1283422278161,49,12,11,46
14210,7,COLEGIO BECARB II,Particular Subvencionado,Urbano,5,55,5502,Calera,532,19.3142808527461,287,41,45,159
14211,5,AMERICAN COLLEGE,Particular Subvencionado,Urbano,5,58,5804,Villa Alemana,160,16.938335611437,104,13,18,25
14232,8,COLEGIO BORDEMAR,Particular Subvencionado,Urbano,5,51,5101,Valparaíso,139,20.1879785331992,62,19,12,46
14233,6,COLEGIO SANTA TERESA,Particular Subvencionado,Urbano,5,58,5801,Quilpué,115,16.9630683731467,78,11,10,16
14237,9,COL.NUESTRA SRA.DE LAS MERCEDES,Particular Subvencionado,Urbano,5,58,5801,Quilpué,101,19.984499645833,49,10,9,33
14265,4,ESCUELA SAINT BENEDICT COLLEGE,Particular Subvencionado,Urbano,5,51,5109,Viña del Mar,116,13.442094696732,101,7,1,7
14266,2,COLEGIO NAZCA BELEN,Particular Subvencionado,Urbano,5,58,5801,Quilpué,122,22.916478973311,46,6,14,56
14270,0,COLEGIO GOBERNADOR CONCHA Y SALVATIERRA,Particular Subvencionado,Urbano,5,55,5501,Quillota,143,15.2263158900127,120,8,7,8
14284,0,LICEO RENE DESCARTES,Particular Subvencionado,Urbano,5,51,5109,Viña del Mar,371,19.4918578491904,199,43,25,104
14288,3,COLEGIO NUEVA PROVIDENCIA,Particular Subvencionado,Urbano,5,56,5601,San Antonio,166,16.8895350442615,103,25,19,19
14299,9,COLEGIO ADVENTISTA,Particular Subvencionado,Urbano,5,58,5801,Quilpué,164,18.9598815342923,92,13,14,45
14313,8,COLEGIO NUEVA ESPERANZA,Particular Subvencionado,Urbano,5,58,5804,Villa Alemana,167,16.3937157865691,119,13,8,27
14314,6,COLEGIO THOMAS ALVA EDISON,Particular Subvencionado,Urbano,5,58,5801,Quilpué,124,15.3210480047504,94,13,9,8
14315,4,COLEGIO VICTOR ANTONIO,Particular Subvencionado,Urbano,5,51,5101,Valparaíso,84,19.036500351854,43,10,11,20
14316,2,COLEGIO EMANUEL,Particular Subvencionado,Urbano,5,51,5109,Viña del Mar,112,19.2946469958321,58,11,15,28
14332,4,COLEGIO PEHUEN,Particular Subvencionado,Urbano,5,54,5402,Cabildo,69,14.1890625766832,52,4,7,6
14336,7,LICEO TECN. PROF. OBISPO RAFAEL LIRA INFANTE,Particular Subvencionado,Urbano,5,58,5801,Quilpué,130,21.1695903256638,48,18,7,57
14348,0,COLEGIO ESPIRITU SANTO,Particular Subvencionado,Urbano,5,56,5601,San Antonio,295,16.6091257244347,202,32,14,47
14359,6,COLEGIO LOS REYES,Particular Subvencionado,Urbano,5,58,5801,Quilpué,613,15.2025563093864,457,51,42,63
14363,4,COLEGIO HISPANO,Particular Subvencionado,Urbano,5,58,5804,Villa Alemana,493,16.2957790126403,346,40,34,73
14365,0,COLEGIO CHARLES DICKENS,Particular Subvencionado,Urbano,5,58,5801,Quilpué,136,22.262428904109,58,10,13,55
14373,1,COLEGIO JOSE LUIS NORRIS,Particular Subvencionado,Urbano,5,56,5601,San Antonio,168,20.3302568657038,86,18,21,43
14375,8,COLEGIO DIVINA MAESTRA,Particular Subvencionado,Urbano,5,58,5804,Villa Alemana,322,21.0826589264269,136,24,35,127
14381,2,COLEGIO EL VALLE DE CASABLANCA,Particular Subvencionado,Urbano,5,51,5102,Casablanca,108,15.11857591535,87,7,6,8
14387,1,COLEGIO SAN NICOLAS EL OLIVAR,Particular Subvencionado,Urbano,5,51,5109,Viña del Mar,126,25.7527532030159,37,11,9,69
14397,9,COLEGIO CRISTIANO DE QUILLOTA,Particular Subvencionado,Urbano,5,55,5501,Quillota,111,24.2966097955182,41,7,9,54
14413,4,COLEGIO SANTA CLARA,Particular Subvencionado,Urbano,5,51,5101,Valparaíso,169,15.7510129999919,127,9,16,17
14416,9,COLEGIO DOMINGO ORTIZ DE ROZAS,Particular Subvencionado,Urbano,5,54,5401,La Ligua,356,16.3175852622222,231,43,27,55
14418,5,COLEGIO PANAL,Particular Subvencionado,Urbano,5,58,5801,Quilpué,137,21.3139353787028,61,10,9,57
14420,7,COLEGIO EL ALBA,Particular Subvencionado,Urbano,5,56,5604,El Quisco,96,15.6247505920945,65,11,5,15
14453,3,COLEGIO LOS LIBERTADORES,Particular Subvencionado,Urbano,5,58,5801,Quilpué,144,15.7939269580334,108,6,9,21
14470,3,LICEO POLITÉCNICO MARGA MARGA,Corporación Municipal,Urbano,5,58,5801,Quilpué,333,22.1452345514248,129,44,32,128
14487,8,COLEGIO MAESE DA VINCI,Particular Subvencionado,Urbano,5,54,5401,La Ligua,247,18.8775493607454,131,29,22,65
14490,8,COLEGIO MANANTIAL,Particular Subvencionado,Urbano,5,51,5109,Viña del Mar,307,23.4070977877573,114,25,24,144
14494,0,COLEGIO EVANGELICO LABRANZA DE DIOS,Particular Subvencionado,Urbano,5,51,5109,Viña del Mar,96,15.6657192936644,69,9,5,13
14504,1,COLEGIO CRISTIANO CON-CON,Particular Subvencionado,Urbano,5,51,5103,Concón,141,22.2837809662671,61,12,8,60
14506,8,COLEGIO APUMANQUE,Particular Subvencionado,Urbano,5,55,5502,Calera,318,16.3497874545605,213,30,15,60
14510,6,COLEGIO NACIONAL,Particular Subvencionado,Urbano,5,58,5802,Limache,231,15.12526154123,174,18,20,19
14511,4,COLEGIO SANTA BARBARA DE LA REINA,Particular Subvencionado,Urbano,5,51,5102,Casablanca,117,19.2844158714043,57,11,14,35
14514,9,COLEGIO EL ARRAYAN,Particular Subvencionado,Urbano,5,51,5102,Casablanca,375,16.6019266108856,256,33,31,55
14516,5,ESCUELA ESPECIAL CANEC,Particular Subvencionado,Urbano,5,51,5109,Viña del Mar,47,21.7358443200589,15,3,0,29
14523,8,LIONS SCHOOL,Particular Subvencionado,Urbano,5,56,5603,Cartagena,357,16.3424285001243,241,35,24,57
14526,2,COLEGIO ALONSO DE QUINTERO,Particular Subvencionado,Urbano,5,51,5107,Quintero,299,17.2982262385477,179,32,29,59
14527,0,KING EDWARD´S SCHOOL 2,Particular Subvencionado,Urbano,5,58,5801,Quilpué,252,21.1170604417105,106,25,15,106
14534,3,COLEGIO AMANCAY LIMACHE,Particular Subvencionado,Urbano,5,58,5802,Limache,134,18.0418124776522,79,16,12,27
14537,8,COLEGIO ADONAY PUKALAN,Particular Subvencionado,Urbano,5,54,5401,La Ligua,264,17.9341156304366,163,16,27,58
14538,6,COL.SANTO DOMINGO DE GUZMAN,Particular Subvencionado,Urbano,5,51,5101,Valparaíso,254,13.2883439079075,207,18,10,19
14541,6,COLEGIO PATRICIO LYNCH,Particular Subvencionado,Urbano,5,51,5101,Valparaíso,133,17.3673673224565,78,17,16,22
14552,1,COLEGIO SAN NICOLAS DE CANAL CHACAO,Particular Subvencionado,Urbano,5,58,5801,Quilpué,213,20.0749440006293,111,20,14,68
14565,3,VERDOYHAM SCHOOL,Particular Subvencionado,Urbano,5,57,5703,Llayllay,137,17.9576928494996,74,14,12,37
14568,8,COLEGIO CRISTO REY SALVADOR,Particular Subvencionado,Urbano,5,56,5601,San Antonio,121,19.100923723916,59,19,13,30
14580,7,COLEGIO BOSTON,Particular Subvencionado,Urbano,5,58,5804,Villa Alemana,103,18.1647293198471,58,10,12,23
14594,7,COLEGIO QUILLOTA TERRANOVA,Particular Subvencionado,Urbano,5,55,5501,Quillota,138,15.5882490483407,105,11,9,13
14599,8,COLEGIO POETA DANIEL DE LA VEGA,Particular Subvencionado,Urbano,5,58,5801,Quilpué,114,18.868991165439,68,10,8,28
14605,6,COLEGIO VILLA ACONCAGUA,Particular Subvencionado,Urbano,5,51,5103,Concón,296,18.5835692536172,172,26,22,76
14606,4,COLEGIO PUERTO PAZ,Particular Subvencionado,Urbano,5,51,5101,Valparaíso,102,19.0207811349911,48,14,13,27
14608,0,COLEGIO JUANITA FERNANDEZ,Particular Subvencionado,Urbano,5,51,5109,Viña del Mar,323,20.2423128504395,169,29,27,98
14614,5,COLEGIO VEDRUNA,Particular Subvencionado,Urbano,5,57,5701,San Felipe,241,17.1956146417855,137,45,19,40
14616,1,COLEGIO LOS PRINCIPES,Particular Subvencionado,Urbano,5,51,5109,Viña del Mar,217,19.8457765670799,104,23,17,73
14622,6,COLEGIO SAN AGUSTIN,Particular Subvencionado,Urbano,5,58,5804,Villa Alemana,114,18.2974914024637,66,14,8,26
14626,9,COLEGIO ARAUCARIAS,Particular Subvencionado,Urbano,5,56,5601,San Antonio,132,18.9319155042931,68,12,20,32
14629,3,COLEGIO CASTELIANO,Particular Subvencionado,Urbano,5,51,5109,Viña del Mar,418,20.5363385829473,192,42,44,140
14641,2,COLEGIO PAULA VIVANCO,Particular Subvencionado,Urbano,5,58,5802,Limache,163,19.5236920950112,82,21,16,44
14642,0,COLEGIO CRISTIANO EMBAJADORES DEL REY,Particular Subvencionado,Urbano,5,58,5801,Quilpué,113,19.7997356557143,54,22,4,33
14643,9,CASABLANCA BILINGUAL SCHOOL,Particular Subvencionado,Urbano,5,51,5102,Casablanca,106,21.3997739738054,45,12,9,40
14659,5,COLEGIO NAHUEN DE QUILPUÉ,Particular Subvencionado,Urbano,5,58,5801,Quilpué,89,16.1564842542072,64,8,5,12
14670,6,COLEGIO SAN SEBASTIAN,Particular Subvencionado,Urbano,5,53,5301,Los Andes,282,16.8711564566881,190,31,22,39
14671,4,COLEGIO TIERRA DEL FUEGO,Particular Subvencionado,Urbano,5,55,5501,Quillota,278,18.1613242303948,162,29,26,61
14673,0,COLEGIO NUEVA ERA SIGLO XXI QUILLOTA,Particular Subvencionado,Urbano,5,55,5501,Quillota,165,21.3260562967951,61,19,17,68
14674,9,COLEGIO NUEVO MILENIO,Particular Subvencionado,Urbano,5,58,5804,Villa Alemana,287,18.0420919444197,166,32,17,72
14675,7,COLEGIO SAN SEBASTIAN DE AKIVI,Particular Subvencionado,Urbano,5,52,5201,Isla de Pascua,69,19.4205441961938,41,4,6,18
14676,5,COLEGIO CANEC VALPARAISO,Particular Subvencionado,Urbano,5,51,5101,Valparaíso,24,24.6503402619852,6,1,1,16
14677,3,COLEGIO CAPITAN ARTURO PRAT CHACON,Particular Subvencionado,Urbano,5,58,5801,Quilpué,76,18.9129242769299,45,3,6,22
14687,0,COLEGIO GEA,Particular Subvencionado,Urbano,5,58,5801,Quilpué,143,16.7956239338086,99,13,13,18
14697,8,LICEO BICENTENARIO CORDILLERA DE SAN FELIPE,Municipal DAEM,Urbano,5,57,5701,San Felipe,316,19.0072533962847,171,39,29,77
14699,4,COLEGIO FENIX,Particular Subvencionado,Urbano,5,56,5601,San Antonio,180,15.3751241728666,137,22,8,13
14703,6,THE KINGSTOWN SCHOOL,Particular Subvencionado,Urbano,5,51,5109,Viña del Mar,323,14.8902947493638,251,20,18,34
14716,8,PAN AMERICAN COLLEGE VINA DEL MAR,Particular Subvencionado,Urbano,5,51,5109,Viña del Mar,194,16.2696941184084,131,17,16,30
14717,6,COLEGIO LAS AMERICAS,Particular Subvencionado,Urbano,5,58,5801,Quilpué,168,19.6889684922865,92,13,16,47
14720,6,LICEO GASTRONOMIA Y TURISMO,Corporación Municipal,Urbano,5,58,5801,Quilpué,347,23.9409316054448,105,32,36,174
14750,8,COLEGIO GREENLAND SAN FELIPE,Particular Subvencionado,Urbano,5,57,5701,San Felipe,104,12.3100745582804,98,3,3,0
14751,6,COLEGIO EL ROBLE DE SANTO DOMINGO,Particular Subvencionado,Urbano,5,56,5606,Santo Domingo,102,16.3281001267132,74,9,10,9
14770,2,COL.PRECURSOR FRANCISCO DE MIRANDA,Particular Subvencionado,Urbano,5,55,5501,Quillota,313,19.9400518698879,117,47,53,96
14773,7,COLEGIO GUARDIAMARINA RIQUELME,Particular Subvencionado,Urbano,5,51,5101,Valparaíso,128,15.1643458973476,99,15,5,9
14775,3,COLEGIO MONTESOL 2,Particular Subvencionado,Urbano,5,58,5801,Quilpué,119,16.1586368622206,80,13,9,17
14778,8,COLEGIO SAN NICOLAS,Particular Subvencionado,Urbano,5,58,5804,Villa Alemana,143,22.3709624495952,56,10,12,65
14779,6,COLEGIO MAR ABIERTO,Particular Subvencionado,Urbano,5,51,5109,Viña del Mar,108,16.4189868198332,74,13,4,17
14782,6,COLEGIO ANTUMAPU,Particular Subvencionado,Urbano,5,55,5502,Calera,154,16.0650899607024,101,18,13,22
14783,4,COLEGIO NUEVA ERA SIGLO XXI,Particular Subvencionado,Urbano,5,51,5101,Valparaíso,341,15.7228066365642,252,21,15,53
14788,5,COLEGIO PAPA JUAN PABLO II,Particular Subvencionado,Urbano,5,56,5601,San Antonio,162,21.2077470190745,69,15,10,68
14790,7,COLEGIO SAINT-LAWRENCE,Particular Subvencionado,Urbano,5,58,5801,Quilpué,234,17.5038939764839,152,16,15,51
14818,0,COLEGIO NUMANCIA,Particular Subvencionado,Urbano,5,51,5101,Valparaíso,204,17.0988250614049,126,25,17,36
14819,9,COLEGIO CERVANTINO,Particular Subvencionado,Urbano,5,57,5705,Putaendo,96,15.4000918019344,75,6,7,8
14820,2,COLEGIO SANTA MARIA COLLEGE,Particular Subvencionado,Urbano,5,57,5706,Santa María,87,23.0175000509637,35,5,6,41
14822,9,COLEGIO ALBORADA DEL MAR,Particular Subvencionado,Urbano,5,51,5103,Concón,296,19.5182848269967,163,35,22,76
14823,7,COLEGIO ANTONIO ZANOLETTI,Particular Subvencionado,Urbano,5,54,5403,Papudo,79,15.7804644309058,59,5,5,10
14825,3,NUEVO COLEGIO PART. DE CARTAGENA,Particular Subvencionado,Urbano,5,56,5603,Cartagena,147,20.7992647154284,69,14,7,57
14856,3,SUNNYLAND SCHOOL,Particular Subvencionado,Urbano,5,57,5701,San Felipe,280,17.93050214952,161,34,22,63
14860,1,COLEGIO HERMANO EUGENIO EYRAUD,Particular Subvencionado,Urbano,5,52,5201,Isla de Pascua,95,20.2445139951728,44,12,10,29
14865,2,COLEGIO TECNICO ALIANZA EDUCACIONAL,Particular Subvencionado,Urbano,5,58,5802,Limache,115,19.5765699826072,53,14,9,39
14866,0,COLEGIO ALTAZOR,Particular Subvencionado,Urbano,5,51,5103,Concón,319,14.5118601884775,253,23,18,25
14868,7,LICEO TECNICO AGRICOLA OBISPO RAFAEL LIRA INF,Particular Subvencionado,Urbano,5,55,5504,La Cruz,149,23.4121979969813,46,21,17,65
14870,9,COLEGIO ENTRE VALLES,Particular Subvencionado,Urbano,5,58,5804,Villa Alemana,111,21.3325004340294,35,15,12,49
14877,6,LICEO SAN ESTEBAN,Municipal DAEM,Urbano,5,53,5304,San Esteban,298,20.6933352406847,130,35,31,102
14879,2,"LICEO PART, MIXTO SAN FELIPE",Particular Subvencionado,Urbano,5,57,5701,San Felipe,821,17.6923457085883,554,48,37,182
14881,4,LICEO ALDEA EDUCATIVA RAPA NUI,Municipal DAEM,Urbano,5,52,5201,Isla de Pascua,295,18.3135566893247,166,35,30,64
14885,7,COLEGIO LEONARDO DA VINCI,Particular Subvencionado,Urbano,5,57,5703,Llayllay,74,16.0238536146002,50,9,5,10
14901,2,COLEGIO SIMON BOLIVAR,Particular Subvencionado,Urbano,5,55,5501,Quillota,279,16.9356881149818,176,38,21,44
14912,8,COLEGIO SAN ANTONIO DE VILLA ALEMANA,Particular Subvencionado,Urbano,5,58,5804,Villa Alemana,360,16.4493931494423,245,29,32,54
14913,6,COLEGIO GALILEO,Particular Subvencionado,Urbano,5,55,5501,Quillota,135,16.0001947668912,100,11,11,13
14922,5,COLEGIO LAS ACACIAS,Particular Subvencionado,Urbano,5,51,5101,Valparaíso,195,21.2816997469242,91,23,12,69
14923,3,COLEGIO WINTERHILL VIÑA DEL MAR,Particular Subvencionado,Urbano,5,51,5109,Viña del Mar,160,17.2440674189976,103,16,11,30
14953,5,COLEGIO PEUMAYÉN,Particular Subvencionado,Urbano,5,56,5603,Cartagena,125,14.2088953399663,102,11,4,8
15502,0,INSTITUTO MONSENOR LECAROS,Particular Subvencionado,Urbano,6,61,6104,Coltauco,312,19.0095742718661,159,32,32,89
15522,5,CHARLY SCHOOL,Particular Subvencionado,Urbano,6,62,6201,Pichilemu,118,16.6178130330952,78,7,11,22
15544,6,COLEGIO CRIPTOCARYA ALBA,Particular Subvencionado,Urbano,6,61,6112,Peumo,140,16.7157836159476,99,16,13,12
15554,3,EL PEQUENO MOZART,Particular Subvencionado,Urbano,6,61,6108,Machalí,260,16.9558513422063,174,21,20,45
15583,7,LICEO TECNICO PROFESIONAL EL TAMBO,Corporación Municipal,Rural,6,61,6117,San Vicente,419,20.9591582728096,184,45,41,149
15589,6,COLEGIO ALCALDE PEDRO URBINA,Particular Subvencionado,Urbano,6,61,6112,Peumo,121,19.1443698456255,61,16,14,30
15596,9,INSTITUTO SAN VICENTE DE TAGUA TAGUA,Corporación Municipal,Urbano,6,61,6117,San Vicente,120,23.6606451854,49,11,9,51
15600,0,ALBERTO HURTADO CRUCHAGA,Particular Subvencionado,Urbano,6,61,6105,Doñihue,245,16.3893422094762,161,22,23,39
15601,9,COLEGIO ANTILEN,Particular Subvencionado,Urbano,6,61,6115,Rengo,334,16.3109379628791,230,36,30,38
15610,8,"COLEGIO PARTIC, SAN JOSE DE LA MONTANA",Particular Subvencionado,Urbano,6,63,6303,Chimbarongo,252,15.1504998543518,189,12,12,39
15621,3,COLEGIO PARTICULAR EL REAL,Particular Subvencionado,Urbano,6,63,6301,San Fernando,139,14.2887888322889,115,7,4,13
15624,8,COLEGIO MISTRAL,Particular Subvencionado,Urbano,6,61,6107,Las Cabras,405,17.6684359356007,241,51,28,85
15627,2,COLEGIO SAN FRANCISCO,Particular Subvencionado,Rural,6,61,6108,Machalí,213,19.5517374497816,109,26,20,58
15633,7,BRITISH COLLEGE L.T.D.,Particular Subvencionado,Urbano,6,63,6301,San Fernando,188,19.5565406684906,91,20,20,57
15643,4,INSTITUTO CRISTIANO EDUMASTER COLLEGE,Particular Subvencionado,Urbano,6,61,6101,Rancagua,112,25.8373187448593,39,9,4,60
15646,9,INSTITUTO SANTA TERESA DE LOS ANDES,Particular Subvencionado,Urbano,6,61,6106,Graneros,876,18.0986541484193,562,83,55,176
15657,4,COLEGIO NEHUEN,Particular Subvencionado,Urbano,6,61,6117,San Vicente,299,17.5016929388001,174,38,25,62
15662,0,INSTITUTO SAN LORENZO,Particular Subvencionado,Urbano,6,61,6101,Rancagua,455,17.2530806688103,275,64,43,73
15664,7,COLEGIO MANQUEMAVIDA,Particular Subvencionado,Urbano,6,63,6310,Santa Cruz,435,15.4910657344527,315,44,22,54
15676,0,COLEGIO HISPANO CHILENO EL PILAR,Particular Subvencionado,Urbano,6,61,6101,Rancagua,362,20.0000834694744,157,54,38,113
15682,5,COLEGIO MAGISTER,Particular Subvencionado,Urbano,6,61,6101,Rancagua,99,17.7021383922532,58,12,10,19
15683,3,COLEGIO EVELYN S SCHOOL,Particular Subvencionado,Urbano,6,63,6310,Santa Cruz,194,16.0778480761464,130,17,22,25
15684,1,INSTITUTO HANS CHRISTIAN ANDERSEN,Particular Subvencionado,Urbano,6,63,6301,San Fernando,137,14.2838939136547,115,10,4,8
15690,6,COLEGIO LOS CIPRESES,Particular Subvencionado,Urbano,6,61,6105,Doñihue,264,15.8889747324358,181,23,26,34
15700,7,COLEGIO LA REPUBLICA,Particular Subvencionado,Urbano,6,61,6101,Rancagua,283,16.8318997763303,186,31,23,43
15719,8,COLEGIO FRAY ANDRES,Particular Subvencionado,Urbano,6,61,6101,Rancagua,77,18.4412020339909,47,3,5,22
15720,1,LICEO MUNICIPAL ZOILA ROSA CARRENO,Municipal DAEM,Rural,6,61,6109,Malloa,279,22.8769657533129,106,32,23,118
15722,8,LICEO PARTICULAR CARDENAL RAUL SILVA HENRIQUE,Particular Subvencionado,Urbano,6,63,6305,Nancagua,180,14.846571159611,141,15,10,14
15731,7,COLEGIO ESPANA,Particular Subvencionado,Urbano,6,61,6117,San Vicente,124,19.1746026926153,60,16,14,34
15739,2,COLEGIO CHIMBARONGO,Particular Subvencionado,Urbano,6,63,6303,Chimbarongo,285,15.9089412464657,195,33,19,38
15744,9,COLEGIO ALMENAR,Particular Subvencionado,Urbano,6,61,6117,San Vicente,192,18.6391122566449,106,17,20,49
15745,7,COLEGIO VALLE DE COLCHAGUA,Particular Subvencionado,Urbano,6,63,6301,San Fernando,188,21.1642980841089,89,23,16,60
15746,5,SAINT MORITZ COLLEGE,Particular Subvencionado,Urbano,6,61,6101,Rancagua,123,22.7017396432424,55,7,8,53
15750,3,COLEGIO LAS AMERICAS,Particular Subvencionado,Urbano,6,61,6101,Rancagua,176,19.1906054658433,108,15,11,42
15758,9,COLEGIO CHRISTIAN COLLEGE,Particular Subvencionado,Urbano,6,63,6301,San Fernando,109,15.6619107560711,80,6,9,14
15759,7,LICEO MACHALI,Municipal DAEM,Urbano,6,61,6108,Machalí,403,21.0584882709264,194,42,24,143
15767,8,COLEGIO DIEGO PORTALES,Particular Subvencionado,Urbano,6,61,6108,Machalí,189,20.6350214693279,88,15,22,64
15769,4,LICEO TÉCNICO SANTA CRUZ DE TRIANA,Corporación Municipal,Urbano,6,61,6101,Rancagua,315,28.6375499217162,74,21,22,198
15770,8,ESCUELA DIVINO MAESTRO,Municipal DAEM,Urbano,6,62,6201,Pichilemu,71,20.4621165778077,33,3,10,25
15774,0,ESCUELA AGRICOLA DON GREGORIO,Particular Subvencionado,Rural,6,63,6303,Chimbarongo,92,25.3473812142328,17,5,6,64
15775,9,LICEO TECNICO PROFESIONAL SANTA ROSA,Particular Subvencionado,Urbano,6,61,6101,Rancagua,171,20.1802291873003,96,14,15,46
15781,3,LICEO MUNICIPAL DE CODEGUA,Municipal DAEM,Urbano,6,61,6102,Codegua,352,17.4353219927259,219,36,27,70
15787,2,COMPLEJO EDUCACIONAL LAS ARAUCARIAS,Particular Subvencionado,Urbano,6,63,6301,San Fernando,204,17.7829403759042,127,23,13,41
15792,9,COLEGIO REAL DE CAREN,Particular Subvencionado,Urbano,6,61,6108,Machalí,166,19.0429030793363,96,12,9,49
15793,7,COLEGIO INTERAMERICANO,Particular Subvencionado,Urbano,6,61,6101,Rancagua,182,18.400204264889,108,17,14,43
15808,9,LICEO MIRELLA CATALAN URZUA,Municipal DAEM,Urbano,6,62,6206,Paredones,245,18.6753955755696,124,36,29,56
15809,7,OLIVAR COLLEGE,Particular Subvencionado,Urbano,6,61,6111,Olivar,300,16.8175460866504,180,40,35,45
15817,8,COLEGIO NAHUELCURA,Particular Subvencionado,Urbano,6,61,6108,Machalí,429,14.935778109474,336,26,15,52
15820,8,COLEGIO ALEMAN SAN MIGUEL,Particular Subvencionado,Urbano,6,61,6117,San Vicente,245,17.2177575255206,153,18,32,42
15832,1,COLEGIO BOSQUES DE CHILE,Particular Subvencionado,Urbano,6,61,6117,San Vicente,75,23.0208769599366,31,9,4,31
15840,2,COLEGIO TECNOLÓGICO PULMAHUE,Particular Subvencionado,Urbano,6,61,6101,Rancagua,298,19.2460374190025,176,22,25,75
15843,7,LICEO INDUSTRIAL ESTEBAN LEYTON SOTO,Municipal DAEM,Urbano,6,61,6115,Rengo,633,21.484024034097,273,62,55,243
16410,0,COLEGIO ABATE MOLINA,Particular Subvencionado,Urbano,7,74,7403,Longaví,254,19.8448199208595,105,43,21,85
16415,1,COLEGIO RAUQUEN,Particular Subvencionado,Urbano,7,73,7301,Curicó,470,15.5201010666969,364,30,28,48
16417,8,COLEGIO BICENTENARIO POLITECNICO SAN JOSE DE CURICO,Particular Subvencionado,Urbano,7,73,7301,Curicó,831,17.3358342813325,534,87,53,157
16424,0,LICEO BICENTENARIO DE MOLINA MARIA DEL TRÁNSITO DE LA CRUZ,Municipal DAEM,Urbano,7,73,7304,Molina,278,14.715385822921,216,18,13,31
16427,5,COLEGIO ESMERALDA,Particular Subvencionado,Urbano,7,71,7101,Talca,274,18.0941179708184,162,33,19,60
16432,1,LICEO AGRIC.PADRE ALBERTO HURTADO,Particular Subvencionado,Rural,7,73,7304,Molina,136,19.9506536529951,67,16,14,39
16434,8,CENTRO EDUCACIONAL LUIS RUTTEN,Particular Subvencionado,Urbano,7,71,7101,Talca,379,23.0230807896911,143,32,39,165
16441,0,LICEO BICENTENARIO DE EXCELENCIA SANTA MARTA,Particular Subvencionado,Urbano,7,71,7101,Talca,527,15.2996673104764,404,48,33,42
16443,7,CENTRO INTEGRAL EDUCACION TALCA,Particular Subvencionado,Urbano,7,71,7101,Talca,705,22.9626360387876,275,71,54,305
16446,1,COLEGIO JUAN PIAMARTA,Particular Subvencionado,Urbano,7,71,7101,Talca,493,21.4778080554141,255,39,37,162
16448,8,INSTITUTO SANTA MARTA,Particular Subvencionado,Urbano,7,73,7301,Curicó,506,15.6481057341533,378,45,24,59
16452,6,LICEO POLITECNICO DE CURICO,Municipal DAEM,Urbano,7,73,7301,Curicó,531,22.1183048578359,230,38,56,207
16459,3,INSTITUTO TECNICO SUPERIOR CONSTITUCION,Particular Subvencionado,Rural,7,71,7102,Constitución,158,18.9474817659933,75,19,24,40
16461,5,COLEGIO LYON´S SCHOOL,Particular Subvencionado,Urbano,7,71,7101,Talca,64,35.2900652211131,9,0,3,52
16462,3,LICEO MONSEÑOR CARLOS GONZÁLEZ CRUCHAGA,Particular Subvencionado,Urbano,7,71,7101,Talca,99,22.5006436830294,32,11,14,42
16467,4,LICEO PABLO NERUDA DE TALCA,Particular Subvencionado,Urbano,7,71,7101,Talca,258,18.7518132996434,158,15,18,67
16469,0,COLEGIO PABLO NERUDA,Municipal DAEM,Urbano,7,74,7404,Parral,320,20.635641949098,118,43,42,117
16476,3,COLEGIO BOSQUES DE GAIA,Particular Subvencionado,Urbano,7,71,7102,Constitución,112,13.8423674396121,96,4,5,7
16477,1,COLEGIO AQUELARRE,Particular Subvencionado,Urbano,7,73,7308,Teno,138,14.0747212824214,116,3,12,7
16485,2,COLEGIO GARDEN COLLEGE,Particular Subvencionado,Urbano,7,72,7201,Cauquenes,183,14.2348319057412,153,11,9,10
16488,7,COLEGIO ADVENTISTA MARANATA,Particular Subvencionado,Urbano,7,71,7101,Talca,178,14.0441645640321,152,8,4,14
16489,5,COLEGIO BALTAZAR,Particular Subvencionado,Urbano,7,71,7101,Talca,106,16.7630926830123,73,7,4,22
16494,1,COLEGIO CRISTIANO DE CURICO,Particular Subvencionado,Urbano,7,73,7301,Curicó,146,18.4738164325525,91,8,12,35
16502,6,COLEGIO CORDILLERA,Particular Subvencionado,Urbano,7,73,7304,Molina,269,14.6245049901117,206,25,15,23
16507,7,JUAN SALVADOR COLLEGE,Particular Subvencionado,Urbano,7,74,7406,San Javier,146,13.3862643027384,126,12,5,3
16508,5,COLEGIO HISPANOCHILENO EL PILAR,Particular Subvencionado,Urbano,7,73,7301,Curicó,311,16.5577452438262,204,33,22,52
16509,3,COLEGIO CENTRO EDUCACIONAL VYGOTSKY,Particular Subvencionado,Rural,7,73,7301,Curicó,145,15.9991642055685,104,10,6,25
16512,3,COLEGIO DIEGO THOMPSON,Particular Subvencionado,Urbano,7,73,7301,Curicó,164,17.0170266502751,116,9,13,26
16520,4,COLEGIO KAIROS,Particular Subvencionado,Urbano,7,73,7301,Curicó,112,16.8512443350676,74,13,9,16
16535,2,COLEGIO SAN MARCOS,Particular Subvencionado,Urbano,7,73,7301,Curicó,267,14.1899249513265,206,34,9,18
16541,7,CENTRO EDUCATIVO PEUMAYEN,Particular Subvencionado,Urbano,7,73,7301,Curicó,315,19.7893401649963,186,18,26,85
16549,2,COLEGIO PALENCIA SC.,Particular Subvencionado,Urbano,7,73,7301,Curicó,254,20.0420885835478,147,15,25,67
16551,4,LICEO BICENTENARIO POLIVALENTE DE RAUCO,Municipal DAEM,Rural,7,73,7305,Rauco,201,20.3475747007484,89,31,15,66
16564,6,LICEO BICENTENARIO TP SIMON BOLIVAR,Particular Subvencionado,Rural,7,73,7301,Curicó,207,18.0838004015381,126,20,14,47
16570,0,ESCUELA DE LENGUAJE RAYENCO,Particular Subvencionado,Urbano,7,73,7306,Romeral,191,16.0801053148333,142,19,9,21
16582,4,TECNOLOGICO NUEVO HORIZONTE,Particular Subvencionado,Urbano,7,73,7301,Curicó,498,20.9541002241815,244,55,35,164
16583,2,ESCUELA DE ADMINISTRACION Y COMERCIO,Particular Subvencionado,Urbano,7,73,7301,Curicó,425,20.0342065894563,223,33,35,134
16587,5,LICEO POLIVALENTE SAGRADA FAMILIA,Municipal DAEM,Urbano,7,73,7307,Sagrada Familia,589,19.7569209600114,318,45,58,168
16588,3,COLEGIO SAN ALFONSO DE EL BOLDO,Particular Subvencionado,Urbano,7,73,7301,Curicó,286,19.3425843303548,160,27,24,75
16600,6,COLEGIO ALTA CUMBRE,Particular Subvencionado,Urbano,7,73,7301,Curicó,349,15.562257700846,258,31,25,35
16604,9,INSTITUTO LATINOAMERICANO-EUROPEO DE,Particular Subvencionado,Urbano,7,71,7101,Talca,116,20.7298228400232,50,14,11,41
16608,1,COLEGIO ANTILHUE,Particular Subvencionado,Urbano,7,73,7304,Molina,206,21.2512463377365,100,18,23,65
16625,1,COLEGIO PABLO DE ROKHA,Particular Subvencionado,Rural,7,74,7406,San Javier,55,16.4910216548754,42,8,0,5
16627,8,COLEGIO SAN IGNACIO DE TALCA,Particular Subvencionado,Urbano,7,71,7101,Talca,717,17.8670736431938,413,98,63,143
16634,0,COLEGIO POLITECNICO AQUELARRE,Particular Subvencionado,Urbano,7,73,7308,Teno,884,17.2079057926092,543,95,79,167
16642,1,COLEGIO ANTAMARO,Particular Subvencionado,Urbano,7,74,7401,Linares,105,18.5801117678379,61,11,9,24
16644,8,COLEGIO LEONARDO DA VINCI,Particular Subvencionado,Urbano,7,74,7406,San Javier,540,16.3809208572741,359,54,48,79
16652,9,CENTRO EDUCATIVO MACHU PICCHU,Particular Subvencionado,Urbano,7,73,7301,Curicó,97,19.1349456446771,62,3,4,28
16676,6,LICEO COMPLEJO EDUCACIONAL JAVIERA CARRERA,Municipal DAEM,Urbano,7,71,7101,Talca,224,26.0683485640602,73,16,13,122
16678,2,COLEGIO LOS AGUSTINOS EDUCA Y DEPORTE,Particular Subvencionado,Urbano,7,71,7101,Talca,311,19.0181701505482,172,24,38,77
16685,5,COLEGIO HENRI CETTY,Particular Subvencionado,Urbano,7,73,7304,Molina,138,17.1073170551921,94,10,11,23
16696,0,ESCUELA HOSPITAL LINARES,Particular Subvencionado,Urbano,7,74,7401,Linares,349,26.8183872813668,1,1,0,1
16697,9,COLEGIO INITEC DE INNOVACION TECNOLOGICA,Particular Subvencionado,Urbano,7,73,7301,Curicó,654,19.6198114489731,347,68,63,176
16716,9,LICEO BICENTENARIO ZAPALLAR DE CURICO,Municipal DAEM,Urbano,7,73,7301,Curicó,706,18.5450814947389,409,61,60,176
16728,2,COLEGIO SANTO TOMAS DE TALCA,Particular Subvencionado,Urbano,7,71,7105,Maule,307,15.8154015254099,215,27,27,38
16729,0,INSTITUTO INGLES,Municipal DAEM,Urbano,7,73,7301,Curicó,309,22.8409203917618,146,19,16,128
16730,7,LICEO BICENTENARIO ADMINISTRACION Y COMERCIO HC,Particular Subvencionado,Urbano,7,73,7301,Curicó,182,15.3175886812051,142,11,9,20
16744,4,COLEGIO SAN ESTEBAN DE TALCA,Particular Subvencionado,Rural,7,71,7105,Maule,216,15.2897657358902,169,17,9,21
16748,7,LICEO BICENTENARIO ORIENTE DE TALCA,Municipal DAEM,Urbano,7,71,7101,Talca,254,16.2054290165224,179,20,15,40
16749,5,COLEGIO JUAN IGNACIO MOLINA DE LA FLORIDA,Particular Subvencionado,Urbano,7,71,7101,Talca,255,19.7623002320748,147,16,19,73
16751,7,LICEO BICENTENARIO DE CAUQUENES,Servicio Local de Educación(SLE),Urbano,7,72,7201,Cauquenes,403,16.4550074215565,261,54,39,49
16754,1,LICEO ARTURO ALESSANDRI PALMA,Municipal DAEM,Urbano,7,73,7306,Romeral,313,19.013815295684,179,28,15,91
16756,8,COLEGIO LOS AGUSTINOS,Particular Subvencionado,Urbano,7,71,7105,Maule,147,15.4349666581144,113,9,8,17
16757,6,COLEGIO JUAN IGNACIO MOLINA DE LICANTEN,Particular Subvencionado,Urbano,7,73,7303,Licantén,123,14.1028850155906,103,5,3,12
16780,0,COLEGIO ALTO LAUQUÉN,Particular Subvencionado,Urbano,8,83,8301,Los Ángeles,141,15.6526844590524,105,12,5,19
16783,5,COLEGIO HOSPITALARIO HOSPITAL DEL  PINO,Particular Subvencionado,Urbano,13,134,13401,San Bernardo,349,21.0438414885565,5,0,2,4
16793,2,LICEO TECNICO PROFESIONAL LA ARAUCANA,Particular Subvencionado,Urbano,8,81,8101,Concepción,408,19.5547496780105,209,48,29,122
16798,3,COLEGIO NEW BUCKINGHAM,Particular Subvencionado,Urbano,5,58,5804,Villa Alemana,111,17.2720747861908,71,8,9,23
16807,6,COLEGIO LOS  ALERCES  DE  TALAGANTE,Particular Subvencionado,Urbano,13,136,13601,Talagante,212,19.3606663409612,105,18,23,66
16825,4,ESCUELA  BASICA  N°200 COLEGIO  INTEGRAL TRABUNCO,Particular Subvencionado,Urbano,13,136,13605,Peñaflor,147,18.1645121380837,77,16,15,39
16830,0,RIELJAN COLLEGE,Particular Subvencionado,Urbano,13,134,13403,Calera de Tango,134,20.2571294766346,65,21,14,34
16843,2,LICEO BICENTENARIO DE EXELENCIA TECNICO PROFESIONAL PEOPLE HELP PEOPLE DE PANGUIPULLI,Particular Subvencionado,Urbano,14,141,14108,Panguipulli,605,17.5411651217706,381,66,44,114
16844,0,LICEO TECNICO PROFESIONAL PEOPLE HELP PEOPLE PULLINQUE,Particular Subvencionado,Rural,14,141,14108,Panguipulli,497,19.4590903420017,234,61,48,154
16851,3,INSTITUTO BICENTENARIO JAVIERA CARRERA VERDUGO,Municipal DAEM,Urbano,5,56,5601,San Antonio,273,16.1694773655712,187,27,25,34
16856,4,COLEGIO MELIAN,Particular Subvencionado,Urbano,7,71,7105,Maule,144,15.0783034500948,108,13,8,15
16886,6,COLEGIO VALLES DEL MAIPO,Particular Subvencionado,Urbano,13,134,13401,San Bernardo,330,18.8216292374246,201,24,23,82
16919,6,COLEGIO CUMBRES DE COIHUECO,Particular Subvencionado,Urbano,16,163,16302,Coihueco,134,16.5978160420978,100,10,7,17
16923,4,THE BRITISH SCHOOL PATAGONIA,Particular Subvencionado,Urbano,10,101,10101,Puerto Montt,266,15.3817718676845,207,19,14,26
16932,3,COLEGIO ESCUELA PREMILITAR LAUTARO,Particular Subvencionado,Urbano,6,61,6111,Olivar,158,18.4250641514108,88,17,14,39
16942,0,COMPLEJO EDUCACIONAL CRISTO REY,Particular Subvencionado,Urbano,9,91,9117,Teodoro Schmidt,175,19.3410797006017,87,19,16,53
16945,5,COLEGIO NUEVO HORIZONTE,Particular Subvencionado,Urbano,5,55,5501,Quillota,128,24.1050967571538,46,13,12,57
16955,2,ESCUELA BASICA COLEGIO SAN JUAN DE LAMPA,Particular Subvencionado,Urbano,13,133,13302,Lampa,333,18.0654102595277,187,33,36,77
16958,7,COLEGIO  ARTISTICO SOL DEL  ILLIMANI,Corporación Municipal,Urbano,13,131,13110,La Florida,132,19.4759524182897,72,11,11,38
16970,6,EDUCERE COLLEGE,Particular Subvencionado,Urbano,9,91,9114,Pitrufquén,99,13.1134439220482,85,6,3,5
16985,4,LICEO BICENTENARIO PAULO FREIRE,Servicio Local de Educación(SLE),Urbano,10,102,10208,Quellón,244,17.4315063080407,145,23,25,51
16997,8,COLEGIO AMERICAN SCHOOL,Particular Subvencionado,Urbano,13,136,13605,Peñaflor,100,16.2011730815091,77,2,4,17
17600,1,COLEGIO SAN GABRIEL ARCANGEL,Particular Subvencionado,Urbano,8,83,8301,Los Ángeles,718,14.9978462049731,557,50,45,66
17605,2,COLEGIO INGLÉS WOODLAND,Particular Subvencionado,Urbano,8,83,8301,Los Ángeles,322,15.9029770711882,228,28,25,41
17607,9,COLEGIO INGLÉS BRITISH ROYAL SCHOOL,Particular Subvencionado,Urbano,8,81,8101,Concepción,219,18.6820227038457,110,30,27,52
17635,4,COLEGIO CONCEPCION LOS ACACIOS,Particular Subvencionado,Urbano,8,81,8101,Concepción,512,17.0059914912893,326,56,55,75
17643,5,LICEO AGRICOLA DE NEGRETE,Particular Subvencionado,Rural,8,83,8307,Negrete,129,18.2423920817791,82,4,10,33
17652,4,COLEGIO RAIQUEN,Particular Subvencionado,Urbano,8,83,8313,Yumbel,182,13.7660718025707,149,13,12,8
17657,5,INSTITUTO DE HUMANIDADES ANTONIO MORENO CASAMITJANA,Particular Subvencionado,Urbano,8,81,8102,Coronel,358,18.7087451401228,191,41,40,86
17660,5,SCUOLA ITALIANA DI CONCEPCION,Particular Subvencionado,Urbano,8,81,8102,Coronel,120,16.2391653123608,83,14,2,21
17662,1,LICEO BICENTENARIO CLAUDIO ARRAU LEÓN,Servicio Local de Educación(SLE),Urbano,16,163,16302,Coihueco,582,22.5935295599141,215,66,54,247
17687,7,COLEGIO TERESIANO LOS ANGELES,Particular Subvencionado,Urbano,8,83,8301,Los Ángeles,339,14.8451881120184,265,28,20,26
17703,2,COLEGIO ESPIRITU SANTO,Particular Subvencionado,Urbano,8,81,8110,Talcahuano,312,16.7220483575772,196,35,31,50
17708,3,COLEGIO SAN CRISTOBAL,Particular Subvencionado,Urbano,8,81,8110,Talcahuano,122,14.8794813101404,94,7,9,12
17719,9,COLEGIO PARTICULAR CONTINENTAL,Particular Subvencionado,Urbano,8,82,8205,Curanilahue,164,12.1627565088381,147,9,4,4
17725,3,COLEGIO SAN ESTEBAN DE BULNES,Particular Subvencionado,Urbano,16,161,16102,Bulnes,255,16.0909660892193,176,29,10,40
17728,8,COLEGIO EL BOSQUE,Particular Subvencionado,Urbano,8,82,8202,Arauco,140,14.8002780982096,111,10,4,15
17734,2,COLEGIO DA VINCI,Particular Subvencionado,Urbano,16,161,16101,Chillán,120,16.2199429521177,81,10,10,19
17735,0,COLEGIO BICENTENARIO DE EXCELENCIA DARIO SALAS CHILLAN VIEJO,Particular Subvencionado,Urbano,16,161,16103,Chillán Viejo,439,20.9337862104208,178,43,47,171
17736,9,COLEGIO SAN IGNACIO,Particular Subvencionado,Urbano,8,83,8301,Los Ángeles,392,19.8581794442431,182,46,32,132
17737,7,COLEGIO PARROQUIAL SAN JOSE,Particular Subvencionado,Urbano,16,161,16101,Chillán,88,21.4900094894279,39,10,9,30
17746,6,COLEGIO OLIMPIA GUZMAN BELLO,Particular Subvencionado,Urbano,8,81,8103,Chiguayante,64,24.0457561720406,19,6,7,32
17750,4,COLEGIO SALESIANO DE CONCEPCION,Particular Subvencionado,Urbano,8,81,8101,Concepción,899,19.5551406055086,439,83,93,284
17765,2,COLEGIO MADRE PAULINA,Particular Subvencionado,Urbano,8,81,8103,Chiguayante,333,20.1519017810695,140,42,41,110
17772,5,LICEO POLITECNICO CANETE,Particular Subvencionado,Urbano,8,82,8203,Cañete,615,17.1253866373758,384,81,58,92
17778,4,COLEGIO SAN JUAN DE DIOS,Particular Subvencionado,Urbano,8,83,8306,Nacimiento,377,15.5996665497518,278,30,24,45
17779,2,COLEGIO PACIFIC SCHOOL,Particular Subvencionado,Urbano,8,81,8103,Chiguayante,149,16.4721774177784,97,11,21,20
17782,2,LICEO RIOS DE CHILE,Municipal DAEM,Urbano,8,81,8107,Penco,234,17.1435994747707,154,25,12,43
17788,1,COLEGIO AMANECER,Particular Subvencionado,Urbano,8,81,8102,Coronel,406,16.3253594299893,274,39,29,64
17790,3,LICEO BICENTENARIO DE EXCELENCIA NUEVO MUNDO,Municipal DAEM,Urbano,8,83,8305,Mulchén,442,20.5342626898951,220,44,49,129
17793,8,COLEGIO CONCEPCION DE SAN CARLOS,Particular Subvencionado,Urbano,16,163,16301,San Carlos,301,17.5723051382136,187,28,21,65
17794,6,COLEGIO CONCEPCION DE CHILLAN,Particular Subvencionado,Urbano,16,161,16101,Chillán,717,16.3897934051043,481,78,63,95
17800,4,COLEGIO SYDNEY COLLEGE,Particular Subvencionado,Urbano,16,161,16101,Chillán,303,15.4407669079562,221,30,21,31
17812,8,COLEGIO CONCEPCION CHIGUAYANTE,Particular Subvencionado,Urbano,8,81,8103,Chiguayante,357,16.6319836774219,239,33,29,56
17817,9,COLEGIO PARTICULAR FRANCYS,Particular Subvencionado,Urbano,8,82,8202,Arauco,137,15.5958424186262,95,17,7,18
17818,7,LICEO TECNICO PROFESIONAL DE LA MADERA,Particular Subvencionado,Urbano,8,81,8102,Coronel,594,18.7374989766256,331,58,48,157
17833,0,COLEGIO ETCHEGOYEN TALCAHUANO,Particular Subvencionado,Urbano,8,81,8110,Talcahuano,894,16.2173903886934,627,82,67,118
17838,1,COLEGIO TECNOLOGICO DARIO SALAS,Particular Subvencionado,Urbano,16,161,16103,Chillán Viejo,216,19.6010954136514,105,26,19,66
17843,8,COLEGIO AURORA DE CHILE CHIGUAYANTE,Particular Subvencionado,Urbano,8,81,8103,Chiguayante,635,19.1748213178638,314,78,68,175
17848,9,YIRE LICEO POLITECNICO DE COIHUECO,Particular Subvencionado,Urbano,16,163,16302,Coihueco,146,17.8961636933262,84,17,16,29
17850,0,COLEGIO BICENTENARIO PADRE MANUEL D`ALZON,Particular Subvencionado,Urbano,8,81,8106,Lota,508,15.59745113134,362,48,41,57
17854,3,COLEGIO VILLA NONGUEN,Particular Subvencionado,Urbano,8,81,8101,Concepción,140,18.4425802194001,80,15,9,36
17855,1,COLEGIO INMACULADA CONCEPCION,Particular Subvencionado,Urbano,8,81,8101,Concepción,311,16.6111149770819,216,24,24,47
17857,8,LICEO OBISPO SAN MIGUEL,Particular Subvencionado,Urbano,8,81,8103,Chiguayante,362,15.9803425882841,241,38,46,37
17858,6,COLEGIO MIXTO INMACULADA CONCEPCION,Particular Subvencionado,Urbano,8,81,8110,Talcahuano,252,17.8592119062048,144,23,22,63
17859,4,COLEGIO ALMONDALE,Particular Subvencionado,Urbano,8,81,8108,San Pedro de la Paz,450,14.4722569508625,362,32,26,30
17860,8,COLEGIO SAN LUIS,Particular Subvencionado,Urbano,8,81,8110,Talcahuano,240,19.0022021642021,130,28,17,65
17876,4,AMERICAN JUNIOR COLLEGE,Particular Subvencionado,Urbano,8,81,8102,Coronel,282,16.9959167074448,180,29,26,47
17877,2,COLEGIO PADRE ALBERTO HURTADO LOS ANGELES,Particular Subvencionado,Urbano,8,83,8301,Los Ángeles,363,16.7972746935505,243,32,32,56
17885,3,CENTRO EDUCACIONAL BICENTENARIO ALTOS DE TOMÉ,Municipal DAEM,Urbano,8,81,8111,Tomé,858,16.5803656155161,583,79,76,120
17892,6,LICEO POLIVALENTE MARTA COLVIN ANDRADE,Municipal DAEM,Urbano,16,161,16101,Chillán,73,21.951005465394,33,5,2,33
17895,0,COLEGIO SAN FERNANDO,Particular Subvencionado,Urbano,16,161,16101,Chillán,411,16.6828338668081,279,29,36,67
17900,0,COLEGIO METODISTA CONCEPCION,Particular Subvencionado,Urbano,8,81,8101,Concepción,142,13.7604110063229,123,4,6,9
17902,7,COLEGIO TERESA DE LOS ANDES,Particular Subvencionado,Urbano,16,161,16102,Bulnes,180,16.5077534674615,129,19,8,24
17903,5,SEBASTIAN SCHOOL,Particular Subvencionado,Urbano,16,161,16101,Chillán,302,15.1435953305657,236,27,14,25
17907,8,COLEGIO CREACIÓN CHILLÁN,Particular Subvencionado,Urbano,16,161,16101,Chillán,321,17.6679220888486,183,34,33,71
17908,6,COLEGIO BICENTENARIO PADRE ALBERTO HURTADO,Particular Subvencionado,Urbano,16,161,16101,Chillán,353,16.1414597043721,243,46,23,41
17912,4,COLEGIO CREACIÓN CONCEPCIÓN,Particular Subvencionado,Urbano,8,81,8101,Concepción,317,16.8833971896873,199,33,39,46
17915,9,COLEGIO POLIVALENTE DOMINGO PARRA CORVALAN,Particular Subvencionado,Urbano,8,81,8102,Coronel,297,19.8506238515335,156,27,17,97
17918,3,COLEGIO SAINT GEORGE SCHOOL,Particular Subvencionado,Urbano,8,83,8301,Los Ángeles,362,15.4271706380591,271,22,20,49
17920,5,COLEGIO HISPANO AMERICANO RIO VIEJO,Particular Subvencionado,Urbano,16,161,16101,Chillán,307,18.2192291001579,169,40,38,60
18004,1,LICEO BICENTENARIO TÉCNICO PROFESIONAL ALONSO DE ERCILLA Y ZÚÑIGA,Municipal DAEM,Urbano,8,82,8203,Cañete,574,19.8759236599733,260,59,62,193
18017,3,LICEO TÉCNICO PROFESIONAL VIOLETA PARRA SANDOVAL,Servicio Local de Educación(SLE),Urbano,16,163,16301,San Carlos,222,18.7551264959653,127,20,13,62
18028,9,COLEGIO CIUDAD EDUCATIVA,Particular Subvencionado,Urbano,16,161,16101,Chillán,285,18.996775496476,144,36,24,81
18034,3,COLEGIO SOUTHERN COLLEGE,Particular Subvencionado,Urbano,8,83,8301,Los Ángeles,305,16.1948033321762,207,27,17,54
18035,1,COLEGIO SAN AGUSTIN,Particular Subvencionado,Urbano,16,162,16201,Quirihue,92,15.2198012528177,70,8,4,10
18037,8,LICEO RALCO,Municipal DAEM,Rural,8,83,8314,Alto Biobío,174,19.7145862308338,90,18,12,54
18049,1,COLEGIO ADVENTISTA DE CONCEPCION,Particular Subvencionado,Urbano,8,81,8110,Talcahuano,351,16.8300498948962,236,27,29,59
18050,5,COLEGIO LA FUENTE,Particular Subvencionado,Urbano,8,83,8301,Los Ángeles,144,17.2850875087648,95,17,7,25
18066,1,COLEGIO AURORA DE CHILE SUR,Particular Subvencionado,Urbano,8,81,8103,Chiguayante,595,19.2928417031351,283,70,68,174
18075,0,COLEGIO JAHVE NISI,Particular Subvencionado,Urbano,8,81,8109,Santa Juana,94,17.2143277017421,57,13,6,18
18080,7,LICEO POLITECNICO CARAMPANGUE,Municipal DAEM,Urbano,8,82,8202,Arauco,414,20.4807819352284,190,44,40,140
18087,4,DINABEC COLLEGE,Particular Subvencionado,Urbano,16,163,16301,San Carlos,173,15.6924176056402,126,22,9,16
18090,4,COLEGIO SAN LORENZO,Particular Subvencionado,Rural,8,83,8301,Los Ángeles,161,17.7315291018694,92,16,14,39
18097,1,COLEGIO ALMONDALE LOMAS,Particular Subvencionado,Urbano,8,81,8101,Concepción,478,13.5982510251324,411,21,19,27
18099,8,LICEO TOMAS LAGO,Municipal DAEM,Urbano,16,161,16103,Chillán Viejo,89,18.716371446307,47,6,12,24
18112,9,COLEGIO BICENTENARIO INES ENRIQUEZ FRODDEN,Servicio Local de Educación(SLE),Urbano,8,81,8104,Florida,127,15.7237965579387,94,6,3,24
18114,5,COLEGIO A-LAFKEN,Particular Subvencionado,Urbano,8,81,8107,Penco,123,14.0547134331913,101,16,3,3
18124,2,COLEGIO SANTA TERESITA,Particular Subvencionado,Urbano,16,162,16203,Coelemu,140,14.0392196439056,116,9,4,11
18126,9,COLEGIO PORVENIR SCHOOL,Particular Subvencionado,Urbano,8,81,8103,Chiguayante,85,21.5734898881485,29,12,8,36
18128,5,COLEGIO SANTO TOMÁS,Particular Subvencionado,Urbano,8,83,8301,Los Ángeles,231,14.0413560059156,188,21,14,8
18172,2,COLEGIO AMANECER TALCAHUANO,Particular Subvencionado,Urbano,8,81,8110,Talcahuano,323,16.1569268957336,223,41,28,31
18181,1,INSTITUTO HUMANIDADES MONSEÑOR JOSE MANUEL SANTO ASCARZA,Particular Subvencionado,Urbano,8,81,8103,Chiguayante,349,18.00932048958,197,49,35,68
18199,4,COLEGIO QUILLÓN,Particular Subvencionado,Urbano,16,161,16107,Quillón,380,19.6457964131193,159,58,48,115
18216,8,COLEGIO AMANECER,Particular Subvencionado,Urbano,16,161,16102,Bulnes,127,17.1109869723559,82,15,9,21
18218,4,COLEGIO NUEVOS HORIZONTES,Servicio Local de Educación(SLE),Urbano,8,81,8108,San Pedro de la Paz,262,22.7152181097342,113,16,19,114
18220,6,COLEGIO BICENTENARIO NUEVA ESPERANZA DE YUNGAY,Particular Subvencionado,Urbano,16,161,16109,Yungay,174,13.375732859945,156,6,4,8
18237,0,COLEGIO AMANECER SAN CARLOS,Particular Subvencionado,Urbano,8,81,8108,San Pedro de la Paz,361,17.0132614437225,231,41,32,57
18249,4,COLEGIO INSTITUTO CRISTIANO GRACIA Y PAZ,Particular Subvencionado,Urbano,8,83,8301,Los Ángeles,106,17.5867556658099,65,10,11,20
18251,6,COLEGIO ALTURAS DE CHILLÁN,Particular Subvencionado,Urbano,16,161,16101,Chillán,135,15.8871417960868,92,15,9,19
19906,0,LICEO BICENTENARIO  POLITECNICO EMA ESPINOZA CORREA,Municipal DAEM,Urbano,9,91,9108,Lautaro,831,20.2642558267608,371,100,98,262
19913,3,LICEO BICENTENARIO LOS SAUCES,Municipal DAEM,Urbano,9,92,9206,Los Sauces,373,17.5879838779652,226,45,26,76
19921,4,INSTITUTO CAMILO HENRIQUEZ,Particular Subvencionado,Urbano,9,91,9120,Villarrica,143,17.7358277614077,91,10,10,32
19925,7,LICEO PARTICULAR COMERCIAL CARAHUE,Particular Subvencionado,Urbano,9,91,9102,Carahue,290,21.4169155454465,112,33,38,107
19952,4,COLEGIO ANGOL,Particular Subvencionado,Urbano,9,92,9201,Angol,307,17.6953099150151,175,41,36,55
19953,2,ESCUELA BILINGUE AMUL KEWUN,Particular Subvencionado,Rural,9,91,9111,Nueva Imperial,61,19.1890245488666,30,9,4,18
19954,0,"COLEGIO ESPECIAL DE TRASTORNOS DE LA COMUNICACION ORAL Nº 34, DOCKSTA",Particular Subvencionado,Urbano,9,91,9102,Carahue,91,17.3778853088983,56,9,13,13
19959,1,COLEGIO JUAN XXIII,Particular Subvencionado,Urbano,9,91,9101,Temuco,98,20.6408571493339,41,13,12,32
19968,0,COLEGIO ADVENTISTA DE PITRUFQUEN,Particular Subvencionado,Urbano,9,91,9114,Pitrufquén,177,15.7803976760232,128,13,13,23
19972,9,MOZART SCHOOL,Particular Subvencionado,Urbano,9,92,9201,Angol,180,17.4711071000504,116,19,17,28
19974,5,COMPLEJO EDUCACIONAL LA FRONTERA,Particular Subvencionado,Rural,9,91,9101,Temuco,432,20.2364031305478,190,62,47,133
19981,8,COLEGIO NUEVA CONCEPCION,Particular Subvencionado,Urbano,9,91,9101,Temuco,156,11.4894897801381,152,4,0,0
19983,4,COLEGIO EMPRENDER TEMUCO,Particular Subvencionado,Urbano,9,91,9101,Temuco,325,19.0429678417654,161,39,39,86
20008,5,COLEGIO EL LABRADOR,Particular Subvencionado,Urbano,9,92,9211,Victoria,136,22.0846985943372,46,19,12,59
20016,6,COLEGIO DE APLICACION,Particular Subvencionado,Urbano,9,91,9101,Temuco,121,22.7020449014488,49,11,5,56
20025,5,ESCUELA ARTISTICA ARMANDO DUFEY BLANC,Municipal DAEM,Urbano,9,91,9101,Temuco,284,17.9147398209626,176,22,22,64
20037,9,LICEO COMERCIAL DEL DESARROLLO,Particular Subvencionado,Urbano,9,91,9101,Temuco,303,19.9248250307288,155,31,30,87
20041,7,ESCUELA PARTICULAR CLAUDIO ARRAU,Particular Subvencionado,Rural,9,91,9120,Villarrica,153,17.7959768841039,94,18,11,30
20048,4,COLEGIO SCOLE CREARE,Particular Subvencionado,Urbano,9,91,9101,Temuco,303,16.3864441607956,217,19,22,45
20052,2,COMPLEJO EDUCACIONAL VICTORIA,Particular Subvencionado,Urbano,9,92,9211,Victoria,227,20.4058714033818,95,22,27,83
20053,0,LICEO TECNICO PROFESIONAL HUALPIN,Servicio Local de Educación(SLE),Rural,9,91,9117,Teodoro Schmidt,130,19.3563546671715,67,21,14,28
20068,9,ESCUELA PARTICULAR SAINT GEORGE,Particular Subvencionado,Urbano,9,92,9201,Angol,163,12.6763747864853,149,3,7,4
20074,3,CAMBRIDGE COLLEGE PRIMAVERA,Particular Subvencionado,Urbano,9,91,9119,Vilcún,136,16.9440060944859,84,17,13,22
20085,9,COLEGIO GOLDEN SCHOOL,Particular Subvencionado,Urbano,9,91,9101,Temuco,106,21.4734714896602,41,6,8,51
20090,5,COLEGIO LEONARDO DA VINCI SCHOOL,Particular Subvencionado,Urbano,9,91,9114,Pitrufquén,131,13.6850124036446,112,12,5,2
20095,6,COLEGIO CAMILO HENRIQUEZ DE PEDREGOSO,Particular Subvencionado,Rural,9,91,9120,Villarrica,80,20.0911541324,41,6,6,27
20102,2,ESCUELA ESPECIAL HOSPITALARIA TEMUCO,Particular Subvencionado,Urbano,9,91,9101,Temuco,65,20.9744123578463,34,6,3,22
20103,0,LICEO MUNICIPAL LUMACO,Municipal DAEM,Urbano,9,92,9207,Lumaco,273,18.4540072848815,148,33,28,64
20120,0,COLEGIO JOSE GIORDANO,Particular Subvencionado,Urbano,9,91,9111,Nueva Imperial,25,14.5067825401395,20,1,3,1
20127,8,LICEO TECN. PROF. FORESTAL PEHUEN,Particular Subvencionado,Rural,9,91,9112,Padre Las Casas,123,21.2702250374117,46,16,17,44
20129,4,ESCUELA GRACIA Y PAZ,Particular Subvencionado,Urbano,9,91,9101,Temuco,219,20.7672658519379,88,23,22,86
20136,7,LICEO POLITECNICO LOS NOGALES,Particular Subvencionado,Urbano,9,92,9201,Angol,51,22.3619392118594,21,1,6,23
20137,5,COLEGIO INNOV-ARTE,Particular Subvencionado,Urbano,9,91,9101,Temuco,335,16.1951930650285,236,23,22,54
20139,1,LICEO TECNOLOGICO MONTEMARIA,Particular Subvencionado,Rural,9,91,9115,Pucón,366,20.7611838079818,151,34,28,153
20153,7,COLEGIO PUCÓN,Particular Subvencionado,Urbano,9,91,9115,Pucón,102,13.4673756434082,88,4,2,8
20158,8,COLEGIO ALTAS CUMBRES,Particular Subvencionado,Urbano,9,91,9120,Villarrica,175,15.0501390757106,132,14,8,21
20159,6,LICEO PARTICULAR JAN COMENIUS,Particular Subvencionado,Urbano,9,91,9101,Temuco,886,18.5072752633599,459,103,95,229
20164,2,LICEO AGRICOLA SAN SEBASTIAN,Particular Subvencionado,Urbano,9,91,9113,Perquenco,168,20.4319578199996,69,24,20,55
20167,7,COLEGIO LIAHONA,Particular Subvencionado,Urbano,9,91,9115,Pucón,353,16.1452697903195,248,39,28,38
20173,1,LICEO HUMANISTA CIENTIFICO BRAINSTORM,Particular Subvencionado,Urbano,9,91,9101,Temuco,338,17.9340963277449,187,43,37,71
20175,8,LICEO JUAN PABLO II,Particular Subvencionado,Urbano,9,91,9106,Galvarino,177,15.5650160002008,129,14,9,25
20181,2,COLEGIO SAINT PATRICK SCHOOL,Particular Subvencionado,Urbano,9,91,9101,Temuco,257,15.4814836030613,190,19,19,29
20184,7,LICEO SAN SEBASTIAN,Particular Subvencionado,Urbano,9,91,9112,Padre Las Casas,117,19.2045985559717,51,18,11,37
20193,6,COMPLEJO EDUCACIONAL MAQUEHUE,Particular Subvencionado,Rural,9,91,9112,Padre Las Casas,74,19.3133832695153,34,7,10,23
20194,4,COLEGIO INGLES MI MUNDO,Particular Subvencionado,Urbano,9,92,9210,Traiguén,97,11.3437154032597,91,0,4,2
20205,3,ESCUELA PARTICULAR HABIT-ART,Particular Subvencionado,Rural,9,91,9112,Padre Las Casas,153,18.7639485455527,78,13,21,41
20209,6,COLEGIO RAITRAI DE PUCON,Particular Subvencionado,Urbano,9,91,9115,Pucón,110,17.1578333719525,69,12,8,21
20213,4,COLEGIO PEDRO DE VALDIVIA DE VILLARRICA,Particular Subvencionado,Rural,9,91,9120,Villarrica,151,16.6996429387666,106,12,7,26
20219,3,COLEGIO BICENTENARIO DE EXCELENCIA ADENAUER,Particular Subvencionado,Urbano,9,91,9110,Melipeuco,162,14.9067578737136,127,13,9,13
20230,4,LICEO PARTICULAR SAN ROQUE,Particular Subvencionado,Urbano,9,91,9101,Temuco,89,19.6358320372184,44,10,6,29
20248,7,LICEO MUNICIPAL TROVOLHUE,Servicio Local de Educación(SLE),Urbano,9,91,9102,Carahue,182,17.8027988672518,110,22,13,37
20258,4,COLEGIO BICENTENARIO CUMBRES DE LABRANZA,Particular Subvencionado,Urbano,9,91,9101,Temuco,439,18.1782206202008,248,39,43,109
20260,6,COLEGIO FILADELFIA,Particular Subvencionado,Rural,9,91,9120,Villarrica,62,14.7844644398533,49,4,2,7
20266,5,LICEO BICENTENARIO DE TEMUCO,Municipal DAEM,Urbano,9,91,9101,Temuco,280,14.5129204872436,227,18,16,19
20274,6,COLEGIO FOR LIFE,Particular Subvencionado,Urbano,9,91,9101,Temuco,179,17.3117435214877,107,18,18,36
20277,0,ESCUELA ESPECIAL HOSPITALARIA SAN EXPEDITO,Particular Subvencionado,Urbano,9,91,9111,Nueva Imperial,26,18.1188493614877,15,1,3,7
20278,9,ESCUELA ESPECIAL HOSPITALARIA REVIVIR,Particular Subvencionado,Urbano,9,91,9120,Villarrica,91,21.1298099486605,43,7,3,38
20290,8,COLEGIO THE FOREST SCHOOL,Particular Subvencionado,Urbano,9,91,9114,Pitrufquén,175,17.5357761550708,108,17,13,37
20298,3,COLEGIO PUENTE MAIPO,Particular Subvencionado,Urbano,13,132,13201,Puente Alto,245,19.3314008068635,133,34,16,62
20316,5,COLEGIO ALTAZOR,Particular Subvencionado,Urbano,16,161,16101,Chillán,66,14.9517390064631,53,6,1,6
20324,6,ALTOS DEL HUERTO,Particular Subvencionado,Urbano,13,133,13303,Tiltil,169,15.8008607177303,130,11,3,25
20330,0,INSTITUTO RAILEF,Particular Subvencionado,Urbano,6,62,6201,Pichilemu,64,17.4690493956607,39,9,6,10
20348,3,NORTH CROSS SCHOOL,Particular Subvencionado,Urbano,13,135,13503,Curacaví,244,17.7409955016816,147,25,13,59
20352,1,COLEGIO BUEN PASTOR,Particular Subvencionado,Urbano,7,71,7102,Constitución,390,16.3126020359348,273,21,28,68
20364,5,COLEGIO AYELEN,Particular Subvencionado,Urbano,6,61,6101,Rancagua,355,18.1472281272455,212,39,28,76
20376,9,COLEGIO NUEVA ALERCE,Municipal DAEM,Urbano,10,101,10101,Puerto Montt,227,23.0317806507841,85,18,20,104
20409,9,ESCUELA HOSPITALARIA PUERTO MONTT,Municipal DAEM,Urbano,10,101,10101,Puerto Montt,32,26.6891593628645,5,3,4,20
20410,2,COLEGIO GENESIS,Particular Subvencionado,Urbano,10,103,10303,Purranque,110,16.8563839791921,68,9,14,19
20424,2,ESCUELA ESPECIAL DE LENGUAJE Y ESCUELA BASICA MY COLLEGE,Particular Subvencionado,Urbano,16,161,16101,Chillán,254,17.4136419485741,167,29,20,38
20436,6,COLEGIO  ALONSO  DE  CORDOVA,Particular Subvencionado,Urbano,13,131,13128,Renca,154,19.9032679002102,70,26,14,44
20440,4,LICEO DOCTOR JUAN VERDAGUER PLANAS,Municipal DAEM,Urbano,13,131,13127,Recoleta,153,29.0025100658942,41,8,12,92
20461,7,COLEGIO TECNICO PROFESIONAL SAN ESTEBAN,Particular Subvencionado,Urbano,16,161,16102,Bulnes,306,18.3714908000039,164,28,39,75
20475,7,COLEGIO ACADEMIA POLIVALENTE DE FORMACIÒN PREMILITAR GENERAL JOSE MIGUEL CARRERA,Particular Subvencionado,Urbano,13,136,13602,El Monte,97,20.0815050754664,41,15,14,27
20478,1,COLEGIO TÉCNICO INDUSTRIAL DON BOSCO - CALAMA,Particular Subvencionado,Urbano,2,22,2201,Calama,961,24.9228990511352,387,56,63,455
20484,6,AULA HOSPITALARIA SAN SEBASTIAN DE IQUIQUE,Particular Subvencionado,Urbano,1,11,1101,Iquique,59,18.7532545991598,36,4,2,17
20505,2,AULA HOSPITALARIA DE COQUIMBO,Particular Subvencionado,Urbano,4,41,4102,Coquimbo,72,22.2748653721496,33,5,2,32
20506,0,ESCUELA HOSPITALARIA DE ANCUD,Servicio Local de Educación(SLE),Urbano,10,102,10202,Ancud,349,29.0606476863021,0,1,1,4
20507,9,COLEGIO CREE CERRO NAVIA,Particular Subvencionado,Urbano,13,131,13103,Cerro Navia,117,19.5675818663895,60,13,11,33
20631,8,ESCUELA HOSPITALARIA PADRE HURTADO,Particular Subvencionado,Urbano,13,131,13131,San Ramón,349,15.6241332857617,9,0,0,3
20663,6,ESCUELA HOSPITALARIA DOCTORA ELOISA DIAZ INSUNZA,Particular Subvencionado,Urbano,13,131,13110,La Florida,349,19.8450605154718,10,1,1,5
22007,8,COLEGIO ARTISTICO SANTA CECILIA,Particular Subvencionado,Urbano,10,103,10301,Osorno,238,17.8854284999154,143,32,29,34
22012,4,LICEO PUNTA DE RIELES,Servicio Local de Educación(SLE),Urbano,10,101,10106,Los Muermos,245,23.5817072315317,84,22,14,125
22014,0,COLEGIO BAQUEDANO,Particular Subvencionado,Urbano,14,141,14101,Valdivia,135,17.5680211168108,82,17,11,25
22021,3,LICEO LAS AMERICAS,Municipal DAEM,Urbano,10,103,10304,Puyehue,301,19.2280286881136,168,32,16,85
22022,1,LICEO IGNACIO CARRERA PINTO,Servicio Local de Educación(SLE),Urbano,10,101,10105,Frutillar,425,19.5418415775789,216,39,35,135
22024,8,LICEO TECNICO PROFESIONAL RADIO 24,Particular Subvencionado,Rural,14,141,14107,Paillaco,277,20.8219666229285,121,27,32,97
22027,2,LICEO HORNOPIREN,Municipal DAEM,Rural,10,104,10403,Hualaihué,325,18.4493675488181,168,42,33,82
22050,7,LICEO BICENTENARIO DE EXCELENCIA BENJAMIN MUÑOZ GAMERO,Municipal DAEM,Urbano,10,103,10302,Puerto Octay,283,20.4913758516579,108,31,35,109
22065,5,COLEGIO SAN FRANCISCO DE ASIS,Particular Subvencionado,Urbano,10,102,10201,Castro,416,16.9137537352122,273,39,34,70
22083,3,COLEGIO ALMIRANTE JUAN JOSE LATORRE,Municipal DAEM,Rural,10,104,10401,Chaitén,149,19.4467278371606,74,13,24,38
22084,1,LICEO POLITECNICO ANTULAFKEN,Municipal DAEM,Rural,10,103,10306,San Juan de la Costa,138,18.6969721737206,77,23,9,29
22086,8,LICEO RURAL LAS QUEMAS,Municipal DAEM,Rural,10,101,10101,Puerto Montt,136,25.1329973255144,26,16,20,74
22113,9,LICEO FRAY PABLO DE ROYO,Municipal DAEM,Urbano,10,103,10307,San Pablo,252,18.6755837937848,136,28,30,58
22114,7,LICEO PREMILITAR HÉROES DE LA CONCEPCIÓN,Particular Subvencionado,Urbano,10,103,10301,Osorno,335,20.097566338013,158,30,41,106
22140,6,LICEO BICENTENARIO INGENIERO RICARDO FENNER RUEDI,Particular Subvencionado,Rural,14,142,14201,La Unión,848,18.098980443929,487,123,83,155
22155,4,COLEGIO CARPE DIEM,Particular Subvencionado,Urbano,10,102,10201,Castro,142,15.539413341678,112,11,7,12
22160,0,MARTIN LUTHER KING COLLEGE,Particular Subvencionado,Urbano,14,141,14101,Valdivia,121,17.9964637851963,73,8,14,26
22191,0,COLEGIO EMPRENDER OSORNO,Particular Subvencionado,Rural,10,103,10301,Osorno,366,17.4060661870008,230,40,32,64
22192,9,COLEGIO CATOLICO BEATO FEDERICO OZANAM,Particular Subvencionado,Urbano,10,101,10101,Puerto Montt,345,20.445307231741,166,29,42,108
22196,1,COLEGIO QUELLON,Particular Subvencionado,Rural,10,102,10208,Quellón,117,13.4954449230524,104,5,2,6
22200,3,INSTITUTO DEL PACIFICO,Particular Subvencionado,Urbano,10,101,10101,Puerto Montt,230,17.6802686437745,134,25,27,44
22210,0,CENTRO EDUCACIONAL SAN ANDRES,Particular Subvencionado,Urbano,10,102,10202,Ancud,117,14.2202963434459,92,7,9,9
22211,9,COLEGIO CAHUALA INSULAR,Particular Subvencionado,Urbano,10,102,10201,Castro,134,13.3649244383809,121,6,3,4
22218,6,COLEGIO PUFUDI,Particular Subvencionado,Rural,14,141,14106,Mariquina,107,20.7188258753649,49,10,11,37
22224,0,COLEGIO PROYECCION SIGLO XXI,Particular Subvencionado,Urbano,10,103,10301,Osorno,110,16.6030754190701,75,10,12,13
22234,8,COLEGIO SAN VICENTE DE PAUL,Particular Subvencionado,Urbano,10,103,10302,Puerto Octay,140,19.0822558450508,74,13,20,33
22236,4,BLAS PASCAL SCHOOL,Particular Subvencionado,Urbano,10,103,10301,Osorno,236,18.0179662925131,134,32,25,45
22262,3,COLEGIO SAN CRISTOBAL,Particular Subvencionado,Urbano,10,101,10106,Los Muermos,225,16.9071720387489,140,18,28,39
22271,2,COLEGIO LUIS PASTEUR,Particular Subvencionado,Urbano,10,103,10301,Osorno,366,18.3651189274138,202,36,45,83
22306,9,COLEGIO PUERTO MONTT,Particular Subvencionado,Urbano,10,101,10101,Puerto Montt,122,19.6902620872446,56,16,11,39
22309,3,COLEGIO INGLÉS MABEL CONDEMARÍN,Servicio Local de Educación(SLE),Rural,10,101,10106,Los Muermos,275,18.6071573487883,158,28,19,70
22313,1,COLEGIO CARDENAL RAUL SILVA HENRIQUEZ,Particular Subvencionado,Urbano,14,141,14107,Paillaco,72,17.3050749474929,41,8,3,20
22317,4,COLEGIO SAN ANTONIO,Particular Subvencionado,Rural,14,141,14107,Paillaco,108,19.1990699493117,48,14,14,32
22322,0,DHARMA COLLEGE,Particular Subvencionado,Urbano,10,103,10303,Purranque,130,17.010229166745,77,17,12,24
22330,1,CENTRO EDUCACIONAL SAN AGUSTIN,Particular Subvencionado,Urbano,10,102,10208,Quellón,123,15.6847099232757,87,12,8,16
22351,4,INSTITUTO INMACULADA CONCEPCION,Particular Subvencionado,Urbano,14,141,14101,Valdivia,319,15.4818276504637,248,30,18,23
22356,5,COLEGIO PAIDEIA,Particular Subvencionado,Urbano,10,101,10101,Puerto Montt,285,21.0968171679027,122,38,21,104
22358,1,COLEGIO INGLES,Particular Subvencionado,Urbano,10,103,10303,Purranque,172,16.9574307587604,112,13,16,31
22372,7,COMPLEJO EDUCACIONAL SAN CRESCENTE,Particular Subvencionado,Rural,10,102,10201,Castro,136,17.6431617762116,81,16,17,22
22374,3,INSTITUTO TECNOLOGICO DEL SUR,Particular Subvencionado,Urbano,14,141,14101,Valdivia,58,26.1021820444485,15,7,6,30
22397,2,COLEGIO TECNICO PROFESIONAL SANTA TERESA DE LOS ANDES,Particular Subvencionado,Urbano,10,103,10301,Osorno,280,17.70343684444,174,16,20,70
22398,0,COLEGIO ALIWEN,Particular Subvencionado,Urbano,14,141,14101,Valdivia,88,16.250552917893,62,5,8,13
22403,0,LICEO DE CULTURA Y DIFUSIÓN ARTÍSTICA DE CHILOE,Servicio Local de Educación(SLE),Urbano,10,102,10201,Castro,112,17.8226547142269,65,15,12,20
22410,3,COLEGIO CREACION OSORNO,Particular Subvencionado,Urbano,10,103,10301,Osorno,299,16.086245332733,205,28,29,37
22415,4,INST. SUPERIOR DE ADMINISTRACION Y TURISMO,Servicio Local de Educación(SLE),Urbano,14,141,14101,Valdivia,176,19.4143178623742,100,18,13,45
22434,0,COLEGIO DOMINGO SANTA MARIA,Particular Subvencionado,Urbano,10,101,10101,Puerto Montt,697,20.3833835723682,288,85,68,256
22436,7,THE MISSION COLLEGE,Particular Subvencionado,Urbano,10,103,10301,Osorno,502,20.1471056836372,218,74,53,157
22459,6,COLEGIO LAICO VALDIVIA,Particular Subvencionado,Urbano,14,141,14101,Valdivia,153,16.5991329316266,102,16,8,27
22461,8,COLEGIO NUEVO HORIZONTE,Particular Subvencionado,Rural,10,101,10101,Puerto Montt,221,21.8895503228955,97,15,28,81
22462,6,COLEGIO BERNARDO FELMER NIKLITSCHEK,Particular Subvencionado,Urbano,14,141,14103,Lanco,269,15.5161911770182,199,24,18,28
22464,2,LICEO BICENTENARIO DE EXCELENCIA DE DALCAHUE,Servicio Local de Educación(SLE),Urbano,10,102,10205,Dalcahue,473,20.8294594031232,200,45,46,182
22478,2,COLEGIO VENCEDOR,Particular Subvencionado,Rural,10,101,10109,Puerto Varas,527,21.4812799772809,176,58,70,223
22483,9,LICEO BICENTENARIO DE EXCELENCIA ALTAMIRA,Servicio Local de Educación(SLE),Urbano,14,141,14108,Panguipulli,539,14.3167459260155,441,46,21,31
22494,4,LICEO TECNICO PROFESIONAL AGRICOLA MARITIMO BOSQUE NATIVO,Particular Subvencionado,Urbano,10,101,10101,Puerto Montt,644,20.8805960433816,281,71,75,217
22495,2,COLEGIO PARTICULAR CARDENAL RAUL SILVA HENRIQ,Particular Subvencionado,Urbano,14,142,14204,Río Bueno,91,17.6672721373383,56,6,6,23
22496,0,CENTRO EDUCACIONAL SAN NICOLAS,Particular Subvencionado,Urbano,14,141,14101,Valdivia,72,15.5784424651448,52,4,8,8
22499,5,INSTITUTO INGLES ANTUQUENU,Particular Subvencionado,Urbano,10,101,10101,Puerto Montt,493,20.3979089521052,205,58,58,172
22504,5,LICEO FRANCISCO COLOANE,Servicio Local de Educación(SLE),Urbano,10,102,10201,Castro,253,20.8841324039068,118,28,18,89
22505,3,COLEGIO CHARLES DARWIN DE ANCUD,Particular Subvencionado,Urbano,10,102,10202,Ancud,85,18.8071972324989,47,12,4,22
22516,9,INSTITUTO CRISTIANO GRACIA Y PAZ,Particular Subvencionado,Urbano,14,141,14101,Valdivia,415,20.205055705672,190,49,43,133
22535,5,LICEO BILINGUE TERESA DE LOS ANDES,Servicio Local de Educación(SLE),Urbano,10,102,10201,Castro,103,21.1297554271745,53,5,9,36
22536,3,CENTRO EDUCACIONAL SAN SEBASTIAN DE ANCUD,Particular Subvencionado,Urbano,10,102,10202,Ancud,101,14.9407768492406,77,9,6,9
22540,1,INSTITUTO ITALIA DE VALDIVIA,Servicio Local de Educación(SLE),Urbano,14,141,14101,Valdivia,426,17.6810760472954,268,57,33,68
22542,8,COLEGIO SAN ALBERTO HURTADO,Particular Subvencionado,Urbano,10,103,10301,Osorno,162,14.7402134200064,122,14,10,16
22543,6,LICEO COMERCIAL MIRAMAR,Municipal DAEM,Urbano,10,101,10101,Puerto Montt,633,24.5039153255879,184,65,66,318
22544,4,LICEO POLIVALENTE BENJAMIN VICUÑA MACKENNA,Municipal DAEM,Urbano,10,101,10101,Puerto Montt,298,25.6274099512096,92,22,28,156
22553,3,INSTITUTO TÉCNICO FORJADORES DE ALERCE,Municipal DAEM,Urbano,10,101,10101,Puerto Montt,541,23.1913903099721,166,54,49,272
22560,6,COLEGIO COLONOS DE ALERCE,Particular Subvencionado,Urbano,10,101,10101,Puerto Montt,256,19.215485406589,123,31,27,75
22564,9,LICEO BICENTENARIO ADOLFO MATTHEI,Particular Subvencionado,Urbano,10,103,10301,Osorno,402,20.6836794623994,164,46,49,143
22597,5,LICEO TECNICO PROFESIONAL SAN JOSE,Particular Subvencionado,Urbano,10,102,10208,Quellón,291,17.448862182458,188,27,20,56
22602,5,SAINT PAUL COLLEGE,Particular Subvencionado,Urbano,10,101,10107,Llanquihue,124,15.5621103299333,93,8,12,11
22609,2,COLEGIO CHILENO NORTEAMERICANO,Particular Subvencionado,Urbano,10,101,10101,Puerto Montt,233,17.753009917065,140,27,24,42
22626,2,INSTITUTO POLITECNICO,Municipal DAEM,Urbano,10,103,10301,Osorno,325,20.2992063102958,145,33,40,107
22629,7,COLEGIO LOS CONQUISTADORES,Particular Subvencionado,Urbano,14,141,14101,Valdivia,280,17.0787472842667,178,29,30,43
22634,3,INSTITUTO PRINCIPE DE ASTURIAS,Particular Subvencionado,Urbano,14,141,14101,Valdivia,282,16.8511991471639,195,15,20,52
22641,6,COLEGIO SAGRADA FAMILIA,Particular Subvencionado,Urbano,10,104,10403,Hualaihué,114,13.8438163702542,101,6,3,4
22655,6,LICEO CARELMAPU,Municipal DAEM,Urbano,10,101,10108,Maullín,343,17.8462778088737,191,41,28,83
22664,5,LICEO POLITECNICO MIRASOL,Municipal DAEM,Urbano,10,101,10101,Puerto Montt,485,25.1913169792577,135,44,36,270
22672,6,COLEGIO ALTAS CUMBRES,Particular Subvencionado,Urbano,10,101,10109,Puerto Varas,164,19.5494742819831,95,16,10,43
22674,2,LICEO BICENTENARIO POLIVALENTE DE QUEILEN,Servicio Local de Educación(SLE),Urbano,10,102,10207,Queilén,228,17.690968196441,138,28,17,45
22691,2,LICEO FRANCISCO HERNANDEZ ORTIZ-PIZARRO,Municipal DAEM,Urbano,10,101,10102,Calbuco,499,19.390219109789,224,69,60,146
22692,0,PATAGONIA COLLEGE,Particular Subvencionado,Urbano,10,101,10101,Puerto Montt,242,16.4949354704531,165,28,20,29
22702,1,COLEGIO PATAGONIA ALERCE CORDILLERA,Particular Subvencionado,Urbano,10,101,10101,Puerto Montt,316,18.8686381262047,174,27,30,85
22707,2,COLEGIO GILGAL,Particular Subvencionado,Urbano,10,103,10301,Osorno,57,23.0344150034626,17,9,6,25
22743,9,GARDEN COLLEGE,Particular Subvencionado,Urbano,14,142,14201,La Unión,79,18.6459201368726,48,4,11,16
22752,8,LICEO BICENTENARIO DE EXCELENCIA AGRICOLA TECNOLOGICO WERNER GROB STOLZENBACH,Particular Subvencionado,Rural,14,142,14201,La Unión,534,18.9150275548644,269,64,68,133
22755,2,LICEO TECNICO PROFESIONAL DE RIO BUENO,Municipal DAEM,Urbano,14,142,14204,Río Bueno,344,20.1154552460016,155,34,41,114
22758,7,LICEO BICENTENARIO COMPLEJO EDUCACIONAL IGNAO,Municipal DAEM,Urbano,14,142,14203,Lago Ranco,208,19.4137576628474,93,32,29,54
22759,5,MASTER COLLEGE,Particular Subvencionado,Urbano,14,141,14101,Valdivia,162,18.6821599481439,85,21,18,38
24201,2,LICEO BICENTENARIO AUSTRAL LORD COCHRANE,Servicio Local de Educación(SLE),Rural,11,113,11301,Cochrane,206,19.9822979177986,103,23,18,62
24203,9,LICEO RAUL BROUSSAIN CAMPINO,Servicio Local de Educación(SLE),Urbano,11,112,11201,Aysén,223,20.8902435342663,96,19,24,84
24204,7,LICEO BICENTENARIO DE EXCELENCIA ARTURO PRAT CHACON,Servicio Local de Educación(SLE),Urbano,11,112,11202,Cisnes,192,17.9867050612374,114,24,14,40
24206,3,CENTRO INTEGRAL DE EDUCACIÓN ALBORADA,Particular Subvencionado,Urbano,11,111,11101,Coyhaique,414,17.4515286254512,255,38,42,79
24207,1,LICEO SAN JOSE U.R.,Particular Subvencionado,Urbano,11,112,11201,Aysén,306,18.3529722824994,173,32,28,73
24209,8,COLEGIO SAGRADA FAMILIA,Particular Subvencionado,Urbano,11,112,11201,Aysén,182,21.5219222139537,70,22,17,73
24212,8,COLEGIO ALIANZA AUSTRAL DE COYHAIQUE,Particular Subvencionado,Urbano,11,111,11101,Coyhaique,245,11.8663745022403,228,12,2,3
24213,6,LICEO BICENTENARIO SANTA TERESA DE LOS ANDES,Particular Subvencionado,Urbano,11,112,11201,Aysén,135,18.7754448116668,72,15,14,34
24224,1,COLEGIO ANTOINE DE SAINT EXUPERY,Particular Subvencionado,Urbano,11,111,11101,Coyhaique,289,20.8904551179473,119,35,35,100
24230,6,COLEGIO KALEM BICENTENARIO,Particular Subvencionado,Urbano,11,112,11201,Aysén,277,15.9803764059556,193,26,17,41
24231,4,COLEGIO DIEGO PORTALES,Particular Subvencionado,Urbano,11,111,11101,Coyhaique,248,20.1778189568571,113,24,31,80
24233,0,LICEO FRANCISCO XAVIER BUTINA,Particular Subvencionado,Urbano,11,111,11101,Coyhaique,101,19.6206374226471,48,11,12,30
24240,3,LICEO BICENTENARIO ALTOS DEL MACKAY,Servicio Local de Educación(SLE),Urbano,11,111,11101,Coyhaique,260,18.6800548230208,151,29,15,65
24300,0,LICEO GABRIELA MISTRAL,Servicio Local de Educación(SLE),Urbano,12,124,12401,Natales,392,22.1637128339596,175,38,31,148
24305,1,COLEGIO PIERRE FAURE,Particular Subvencionado,Urbano,12,121,12101,Punta Arenas,154,15.0825534803342,115,15,9,15
24307,8,LICEO JUAN BAUTISTA CONTARDI,Servicio Local de Educación(SLE),Urbano,12,121,12101,Punta Arenas,426,18.7256013444843,214,71,52,89
24316,7,LICEO POLITEC.CARDENAL RAUL SILVA HENRIQUEZ,Servicio Local de Educación(SLE),Urbano,12,121,12101,Punta Arenas,367,23.040115227466,126,44,34,163
24317,5,COLEGIO PUERTO NATALES,Particular Subvencionado,Urbano,12,124,12401,Natales,145,15.0090366033762,109,11,4,21
24327,2,LICEO EXPERIMENTAL UMAG,Particular Subvencionado,Urbano,12,121,12101,Punta Arenas,350,15.9494268702422,248,41,24,37
24329,9,LICEO SAN JOSE,Particular Subvencionado,Urbano,12,121,12101,Punta Arenas,429,19.8656656730539,191,49,52,137
24338,8,COLEGIO LUTERANO,Particular Subvencionado,Urbano,12,121,12101,Punta Arenas,141,16.9229434962021,94,11,10,26
24403,1,COLEGIO SIMON BOLIVAR,Servicio Local de Educación(SLE),Urbano,13,131,13112,La Pintana,167,24.6469016081297,58,16,7,86
24405,8,COLEGIO POLIVALENTE LOVAINA,Particular Subvencionado,Urbano,13,131,13110,La Florida,72,24.0201142088488,23,10,3,36
24407,4,COLEGIO SANTA TERESA DE JESUS DE LOS ANDES,Particular Subvencionado,Urbano,13,131,13107,Huechuraba,285,23.2483890306005,96,26,41,122
24410,4,COLEGIO SANTA MARIA DE LA CORDILLERA,Particular Subvencionado,Urbano,13,132,13201,Puente Alto,349,16.8734684657902,229,50,21,49
24423,6,COLEGIO SAN JUAN DIEGO,Particular Subvencionado,Urbano,13,131,13127,Recoleta,304,16.8377399431128,199,43,14,48
24426,0,ESCUELA PARTICULAR PHILIPPE COUSTEAU,Particular Subvencionado,Urbano,13,131,13110,La Florida,290,23.4366754510516,98,24,35,133
24427,9,COLEGIO SAN VIATOR,Particular Subvencionado,Urbano,13,131,13118,Macul,355,16.4303893987403,246,32,27,50
24438,4,COLEGIO MERRYLAND,Particular Subvencionado,Urbano,13,132,13201,Puente Alto,289,21.385213062992,133,35,18,103
24443,0,LICEO MUNICIPAL CHILOE,Corporación Municipal,Urbano,13,132,13201,Puente Alto,259,22.9076096691667,96,25,18,120
24444,9,LICEO INDUSTRIAL HARDWARE,Servicio Local de Educación(SLE),Urbano,13,134,13401,San Bernardo,308,28.2198532218812,65,18,17,208
24446,5,COMPLEJO EDUCACIONAL ERNESTO MULLER LOPEZ,Particular Subvencionado,Urbano,13,136,13601,Talagante,483,21.8384694706256,179,44,61,199
24448,1,COLEGIO ARTISTICO EL SALVADOR ANEXO,Particular Subvencionado,Urbano,13,131,13110,La Florida,147,20.0741438229218,63,18,21,45
24473,2,COLEGIO TEC.HOTELERIA Y GASTRONOMIA ACHIGA CO,Particular Subvencionado,Urbano,13,131,13114,Las Condes,608,26.2020273640593,127,67,57,357
24482,1,LICEO POLITECNICO PARTICULAR ANDES,Particular Subvencionado,Urbano,13,131,13128,Renca,1347,20.9026053956353,575,150,149,473
24486,4,COLEGIO POLIVALENTE SAN RAFAEL,Particular Subvencionado,Urbano,13,131,13115,Lo Barnechea,205,19.9901672697105,102,26,20,57
24496,1,COLEGIO COMERCIAL DE PENAFLOR,Particular Subvencionado,Urbano,13,136,13605,Peñaflor,307,22.5920276741921,95,46,25,141
24498,8,COLEGIO SAN JOAQUIN,Particular Subvencionado,Urbano,13,131,13128,Renca,169,16.6792291027733,108,18,20,23
24623,9,COLEGIO JORGE ALESSANDRI RODRIGUEZ,Particular Subvencionado,Urbano,13,131,13128,Renca,440,21.8247054766981,166,49,51,174
24626,3,COMPLEJO EDUCACIONAL ALBERTO WIDMER,Particular Subvencionado,Urbano,13,131,13119,Maipú,1109,19.1651570716271,558,123,115,313
24638,7,LICEO MIGUEL DE CERVANTES Y SAAVEDRA,Municipal DAEM,Urbano,13,131,13101,Santiago,370,26.8606308738126,115,30,27,198
24648,4,COLEGIO LOS NOGALES,Particular Subvencionado,Urbano,13,132,13201,Puente Alto,324,17.3381529776167,205,42,29,48
24652,2,ESCUELA AGROECOLOGICA DE PIRQUE,Particular Subvencionado,Rural,13,132,13202,Pirque,376,20.9925508826533,157,43,35,141
24675,1,COLEGIO SAN MANUEL,Particular Subvencionado,Urbano,13,135,13501,Melipilla,144,15.8767608631874,100,12,13,19
24685,9,COLEGIO PIAMARTA,Particular Subvencionado,Urbano,13,131,13106,Estación Central,1267,21.2159499072708,702,74,44,447
24686,7,LICEO POLIVALENTE SANTIAGO DE COMPOSTELA,Particular Subvencionado,Urbano,13,134,13401,San Bernardo,601,20.2106545124285,280,57,63,201
24689,1,CTRO.EDUC.CATOLICO DIDASCALIO STA. MARIA,Particular Subvencionado,Urbano,13,131,13112,La Pintana,94,22.3898066416185,33,13,7,41
24713,8,COLEGIO EL BOSQUE PROVINCIA CORDILLERA,Particular Subvencionado,Urbano,13,132,13201,Puente Alto,288,15.6109826860491,211,25,15,37
24714,6,COLEGIO SANTO TOMAS,Particular Subvencionado,Urbano,13,131,13112,La Pintana,134,21.0999541563208,63,15,8,48
24717,0,LICEO BICENTENARIO NUESTRA SEÑORA DE GUADALUPE,Particular Subvencionado,Urbano,13,131,13111,La Granja,321,14.2561237613595,268,15,12,26
24721,9,COLEGIO LEONARDO DA VINCI DE LAS CONDES,Corporación Municipal,Urbano,13,131,13114,Las Condes,145,17.2700408027916,93,15,6,31
24730,8,COLEGIO ADVENTISTA SANTIAGO PONIENTE,Particular Subvencionado,Urbano,13,131,13117,Lo Prado,154,18.0241423466552,93,9,8,44
24733,2,COLEGIO SAN ANDRES DE COLINA,Particular Subvencionado,Urbano,13,133,13301,Colina,631,21.79927161712,222,76,68,265
24756,1,COLEGIO NAZARET DE LA FLORIDA,Particular Subvencionado,Urbano,13,131,13110,La Florida,308,16.4209663990734,204,40,20,44
24759,6,ESC.NUESTRA SENORA DEL CARMEN DE CURACAV,Particular Subvencionado,Urbano,13,135,13503,Curacaví,139,18.2921551705924,70,27,12,30
24766,9,COLEGIO ALMENDRAL,Particular Subvencionado,Urbano,13,131,13110,La Florida,149,22.039023815562,57,9,18,65
24769,3,COLEGIO SAN ISAAC JOGUES,Particular Subvencionado,Urbano,13,131,13125,Quilicura,363,20.4885494404011,164,41,41,117
24790,1,COLEGIO EL PRADO,Particular Subvencionado,Urbano,13,131,13124,Pudahuel,146,18.1147906897032,88,12,13,33
24800,2,COLEGIO FLORIDA HIGH SCHOOL,Particular Subvencionado,Urbano,13,131,13110,La Florida,123,18.1283279889856,70,12,12,29
24812,6,COLEGIO POLIV. SAN JOSE DE RENCA,Particular Subvencionado,Urbano,13,131,13128,Renca,263,19.2675820958336,127,29,33,74
24828,2,LICEO POLITEC.PARTIC.EL SENOR DE RENCA,Particular Subvencionado,Urbano,13,131,13128,Renca,446,21.9113230974018,159,60,50,177
24843,6,COLEGIO POLIV. SAN LUIS BELTRAN,Particular Subvencionado,Urbano,13,131,13124,Pudahuel,278,18.5921787672955,144,33,30,71
24856,8,COLEGIO TEGUALDA,Corporación Municipal,Urbano,13,136,13601,Talagante,217,21.9962520394898,91,20,21,85
24864,9,COLEGIO SAN CRISTOBAL DE LAS CASAS,Particular Subvencionado,Urbano,13,131,13110,La Florida,266,19.916856611078,132,23,26,85
24878,9,CENTRO EDUCACIONAL FERNANDO DE ARAGON,Particular Subvencionado,Urbano,13,132,13201,Puente Alto,1287,23.5213612888326,408,121,120,638
24885,1,COLEGIO KING SCHOOL CORDILLERA,Particular Subvencionado,Urbano,13,131,13112,La Pintana,699,23.7375173240063,196,78,72,353
24889,4,LICEO BICENTENARIO MONSENOR ENRIQUE ALVEAR,Servicio Local de Educación(SLE),Urbano,13,131,13124,Pudahuel,400,23.9159471941521,171,32,18,179
24892,4,SANTA CRUZ COLLEGE,Particular Subvencionado,Urbano,13,132,13201,Puente Alto,219,31.9081074067777,44,9,14,152
24894,0,COLEGIO ARAUCARIA CORDILLERA,Particular Subvencionado,Urbano,13,132,13201,Puente Alto,171,19.4548755894995,84,24,15,48
24898,3,COLEGIO SAN FRANCISCO MISIONERO,Particular Subvencionado,Urbano,13,131,13119,Maipú,248,20.9701261219062,100,25,41,82
24903,3,COLEGIO MADRE DE JESUS,Particular Subvencionado,Urbano,13,136,13604,Padre Hurtado,272,18.13641641403,160,34,20,58
24913,0,COLEGIO NUESTRA SENORA DE LA MERCED,Particular Subvencionado,Urbano,13,135,13501,Melipilla,93,16.4331417929021,64,9,7,13
24935,1,COLEGIO POLIV. SIEMBRA,Particular Subvencionado,Urbano,13,132,13201,Puente Alto,89,24.072732926214,26,9,7,47
24946,7,COLEGIO JORGE HUNEEUS ZEGERS,Particular Subvencionado,Urbano,13,131,13112,La Pintana,966,19.495608917655,460,115,102,289
24956,4,COLEGIO TECNICO PROFESIONAL NOCEDAL,Particular Subvencionado,Urbano,13,131,13112,La Pintana,242,20.3827595581012,97,27,38,80
24963,7,COLEGIO BICENTENARIO DE SANTA MARIA DE EL MONTE,Particular Subvencionado,Rural,13,136,13602,El Monte,171,19.012632237142,96,16,12,47
24966,1,COLEGIO SAN FELIPE,Particular Subvencionado,Urbano,13,131,13124,Pudahuel,146,19.2758708193251,81,14,10,41
24978,5,COLEGIO PART.POLITECNICO EYZAGUIRRE,Particular Subvencionado,Urbano,13,132,13201,Puente Alto,863,23.1735231755135,237,91,84,451
24995,5,COLEGIO SAN FERNANDO DE PUENTE ALTO,Particular Subvencionado,Urbano,13,132,13201,Puente Alto,106,20.379908112655,45,10,15,36
25012,0,COLEGIO PART.SAN SEBASTIAN DE MELIPILLA,Particular Subvencionado,Urbano,13,135,13501,Melipilla,477,18.2410293460459,246,60,55,116
25026,0,COLEGIO POLIV. FRANCISCO DE VILLAGRA,Particular Subvencionado,Urbano,13,136,13605,Peñaflor,282,22.3757356224661,102,24,30,126
25027,9,COLEGIO POLIV. NUEVA NAZARET,Particular Subvencionado,Urbano,13,131,13112,La Pintana,289,19.9864246224871,132,29,32,96
25028,7,CENTRO EDUC. DIEGO DE ALMAGRO,Particular Subvencionado,Urbano,13,131,13122,Peñalolén,271,19.499508346731,135,24,27,85
25032,5,COLEGIO POLIVALENTE SEMBRADOR,Particular Subvencionado,Urbano,13,133,13301,Colina,427,25.1780952658853,135,45,24,223
25038,4,COLEGIO JOSE M.BALMACEDA DE MELIPILLA,Particular Subvencionado,Urbano,13,135,13501,Melipilla,141,19.4781704613408,70,19,18,34
25050,3,COLEGIO PARTICULAR SAN MATEO,Particular Subvencionado,Urbano,13,132,13201,Puente Alto,285,24.353697373018,100,24,23,138
25059,7,CENTRO EDUCACIONAL LARUN RAYUN,Particular Subvencionado,Urbano,13,132,13201,Puente Alto,326,21.3768392440493,153,22,31,120
25061,9,COLEGIO POLIVALENTE RAULÍ,Particular Subvencionado,Urbano,13,132,13201,Puente Alto,208,21.70609561865,73,25,22,88
25070,8,COLEGIO NAVARRA,Particular Subvencionado,Urbano,13,132,13201,Puente Alto,205,17.7990767557979,117,23,26,39
25071,6,LICEO JOSE ABELARDO NUNEZ Nº5,Particular Subvencionado,Urbano,13,132,13201,Puente Alto,327,21.8027753213664,114,36,37,140
25082,1,COLEGIO BICENTENARIO APRENDER,Particular Subvencionado,Urbano,13,131,13112,La Pintana,235,21.0782021443449,85,35,24,91
25084,8,ESCUELA RUDOLF DECK WERTH,Particular Subvencionado,Urbano,13,132,13201,Puente Alto,188,21.7650166406877,67,32,20,69
25085,6,CENTRO EDUCACIONAL RENCA,Particular Subvencionado,Urbano,13,131,13128,Renca,134,27.7695871373912,28,11,5,90
25091,0,ESC. BASICA BOSTON COLLEGE MAIPU,Particular Subvencionado,Urbano,13,131,13119,Maipú,786,20.9326538502562,332,84,86,284
25094,5,COLEGIO PART.SAN ESTEBAN DE LAS VISCACHA,Particular Subvencionado,Urbano,13,132,13201,Puente Alto,142,25.2309998041876,38,12,12,80
25095,3,COLEGIO PARTICULAR LAS ACACIAS DE MELIPILLA,Particular Subvencionado,Urbano,13,135,13501,Melipilla,111,25.1943989109289,35,14,11,51
25101,1,COLEGIO CORONEL ELEUTERIO RAMIREZ MOLINA,Particular Subvencionado,Urbano,13,131,13113,La Reina,423,18.8155712954705,218,51,46,108
25114,3,ESC. BASICA PART.IBEROAMERICANO,Particular Subvencionado,Urbano,13,131,13112,La Pintana,317,18.0257436898634,181,33,32,71
25121,6,COLEGIO SAN ANTONIO DE COLINA,Particular Subvencionado,Urbano,13,133,13301,Colina,444,20.4905708299052,200,49,44,151
25132,1,ESCUELA PART. MASTER SCHOOL DE LAMPA,Particular Subvencionado,Urbano,13,133,13302,Lampa,286,23.2263447214347,108,25,20,133
25136,4,COMPLEJO EDUCACIONAL SAN ALFONSO,Particular Subvencionado,Urbano,13,132,13201,Puente Alto,287,30.9205875517879,61,24,20,182
25138,0,COLEGIO ALBERT EINSTEIN,Particular Subvencionado,Urbano,13,131,13127,Recoleta,156,15.9052064415991,112,16,13,15
25153,4,COLEGIO PARTICULAR NUEVA ERA SIGLO XXI,Particular Subvencionado,Urbano,13,131,13110,La Florida,605,18.8319188741465,315,62,64,164
25160,7,COLEGIO VICTORIANO,Particular Subvencionado,Urbano,13,131,13119,Maipú,105,17.1187210114006,63,12,11,19
25166,6,COLEGIO PART. LOS OLMOS DE PTE. ALTO,Particular Subvencionado,Urbano,13,132,13201,Puente Alto,284,22.2881715025096,107,25,25,127
25171,2,CENTRO EDUC. PRINCIPADO DE ASTURIAS,Particular Subvencionado,Urbano,13,132,13201,Puente Alto,224,21.3254307436429,102,17,17,88
25182,8,LICEO ALCALDE JORGE INDO,Servicio Local de Educación(SLE),Urbano,13,131,13125,Quilicura,271,32.5332530458953,56,11,15,189
25185,2,COLEGIO PARTICULAR OZANAM,Particular Subvencionado,Urbano,13,131,13101,Santiago,311,20.9077905511361,168,18,19,106
25196,8,PIERRE TEILHARD DE CHARDIN,Particular Subvencionado,Urbano,13,131,13110,La Florida,259,18.865116197854,135,37,32,55
25197,6,COL.PARTICULAR SAN VALENTIN DE MAIPU,Particular Subvencionado,Urbano,13,131,13119,Maipú,95,18.314913840275,55,7,8,25
25198,4,COLEGIO SANTA MARIA DE MAIPU,Particular Subvencionado,Urbano,13,131,13119,Maipú,670,17.1788488442072,420,48,57,145
25209,3,COLEGIO ESPECIAL FUNDAC.NUESTROS HIJOS,Particular Subvencionado,Urbano,13,131,13130,San Miguel,349,15.5976891204879,2,0,0,1
25210,7,ESC. BASICA N_ 116 ONCOLOG. DR. SOTERO DEL,Particular Subvencionado,Urbano,13,132,13201,Puente Alto,349,17.967512993435,5,0,1,1
25211,5,ESCUELA PART.ESPECIAL CORPAMEG,Particular Subvencionado,Urbano,13,131,13130,San Miguel,349,19.1525950272327,7,1,0,2
25212,3,INSTITUTO NACIONAL DE REHABILITACION PAC,Particular Subvencionado,Urbano,13,131,13122,Peñalolén,20,23.2028867981094,10,1,0,9
25213,1,COLEGIO HOSPITAL SAN BORJA ARRIARAN,Particular Subvencionado,Urbano,13,131,13101,Santiago,349,29.2248242476928,1,0,0,8
25215,8,COLEGIO POLIV. GERONIMO DE ALDERETE,Particular Subvencionado,Urbano,13,131,13124,Pudahuel,482,21.1757152952796,176,71,45,190
25218,2,EXTREMADURA DE PUENTE ALTO,Particular Subvencionado,Urbano,13,132,13201,Puente Alto,342,18.4875972490543,194,34,32,82
25220,4,COLEGIO ALMA MATER,Particular Subvencionado,Urbano,13,131,13111,La Granja,363,26.0635143843951,105,19,31,208
25223,9,COLEGIO MONTE DE ASIS,Particular Subvencionado,Urbano,13,132,13201,Puente Alto,312,14.5984350071027,254,16,21,21
25238,7,COLEGIO CENTRO EDUCACIONAL ALTAIR,Particular Subvencionado,Urbano,13,136,13604,Padre Hurtado,323,17.8030151776059,189,46,23,65
25250,6,COLEGIO POLIV. ALMENDRAL DE LA PINTANA,Particular Subvencionado,Urbano,13,131,13112,La Pintana,255,17.7341067194484,150,35,16,54
25256,5,ESCUELA BASICA THE FOREST COLLEGE,Particular Subvencionado,Urbano,13,131,13105,El Bosque,358,16.8849766733102,231,43,24,60
25258,1,COLEGIO PREMILITAR GENERAL SAN MARTIN DE MAIPU,Particular Subvencionado,Urbano,13,131,13119,Maipú,283,20.4171528186179,139,30,27,87
25265,4,COLEGIO ANTIL MAWIDA,Particular Subvencionado,Urbano,13,131,13109,La Cisterna,203,17.0734410741292,120,18,22,43
25269,7,COLEGIO NUEVO DIEGO DE ALMAGRO,Particular Subvencionado,Urbano,13,131,13101,Santiago,113,21.6107706743146,37,15,14,47
25282,4,COLEGIO POLIV. CARDENAL RAUL SILVA HENRIQUEZ,Particular Subvencionado,Urbano,13,132,13201,Puente Alto,477,17.1212425849097,297,55,33,92
25300,6,COLEGIO NUEVOS CASTANOS DE MAIPU,Particular Subvencionado,Urbano,13,131,13119,Maipú,128,17.0627085094514,87,4,7,30
25303,0,CENTRO EDUCACIONAL LAURA VICUNA,Particular Subvencionado,Urbano,13,131,13128,Renca,379,29.2021032932817,85,20,20,254
25304,9,COLEGIO PAUL HARRIS SCHOOL,Particular Subvencionado,Urbano,13,131,13105,El Bosque,606,23.9793092459552,180,69,53,304
25316,2,COLEGIO PUELMAPU,Particular Subvencionado,Urbano,13,131,13122,Peñalolén,120,23.3072092553859,46,15,11,48
25328,6,INSTITUTO CRISTIANO LUIS GANDARILLAS,Particular Subvencionado,Urbano,13,131,13119,Maipú,222,19.1350245092336,103,36,22,61
25330,8,COLEGIO POLIVALENTE ANTARES,Particular Subvencionado,Urbano,13,132,13201,Puente Alto,164,21.6950946896803,71,23,16,54
25342,1,ESCUELA RAIMAPU-TIERRA FLORIDA,Particular Subvencionado,Urbano,13,131,13110,La Florida,257,17.8183496511874,153,27,21,56
25347,2,COLEGIO SEBASTIAN EL CANO SAN BERNARDO,Particular Subvencionado,Urbano,13,134,13401,San Bernardo,259,17.6278172806927,158,26,19,56
25349,9,COLEGIO PARTICULAR MELFORD COLLEGE,Particular Subvencionado,Urbano,13,131,13125,Quilicura,307,17.9058895890024,183,26,30,68
25352,9,LICEO BICENTENARIO DE EXCELENCIA PATRICIO MEKIS DE PADRE HURTADO,Particular Subvencionado,Urbano,13,136,13604,Padre Hurtado,646,20.0702805398587,287,84,70,205
25359,6,COLEGIO METODISTA DE SANTIAGO,Particular Subvencionado,Urbano,13,131,13101,Santiago,150,27.9492896761454,39,15,5,91
25367,7,COLEGIO SANTIAGO,Particular Subvencionado,Urbano,13,131,13110,La Florida,348,19.08308132077,165,49,38,96
25368,5,COLEGIO PART. CARDENAL CARLOS OVIEDO CAVADA,Particular Subvencionado,Urbano,13,131,13119,Maipú,444,17.5889775634822,272,43,41,88
25369,3,COLEGIO PARTICULAR ALICANTE,Particular Subvencionado,Urbano,13,131,13119,Maipú,1222,18.0793728290974,687,141,143,251
25371,5,COLEGIO BICENTENARIO SANTA MARIA DE PAINE,Particular Subvencionado,Urbano,13,134,13404,Paine,709,18.3703905725205,388,74,58,189
25382,0,COLEGIO SAINT CHARLES COLLEGE LA FLORIDA,Particular Subvencionado,Urbano,13,131,13110,La Florida,145,20.5459569779501,66,20,20,39
25386,3,COLEGIO PARTICULAR NOVO MUNDO,Particular Subvencionado,Urbano,13,131,13125,Quilicura,652,27.9411352440549,156,42,47,407
25387,1,COLEGIO PARTICULAR SAN SEBASTIAN DE QUILICURA,Particular Subvencionado,Urbano,13,131,13125,Quilicura,537,23.2490941372091,183,44,53,257
25389,8,COLEGIO `EMPRENDER OBISPO ALVEAR`,Particular Subvencionado,Urbano,13,132,13201,Puente Alto,638,19.7865286369921,290,82,68,198
25393,6,COLEGIO QUINTO CENTENARIO CORDILLERA,Particular Subvencionado,Urbano,13,131,13110,La Florida,215,19.93458810966,105,23,20,67
25395,2,COLEGIO BETTERLAND SCHOOL,Particular Subvencionado,Urbano,13,131,13115,Lo Barnechea,240,20.8264014934124,108,26,26,80
25396,0,CENTRO POLITECNICO PARTICULAR CONCHALI,Particular Subvencionado,Urbano,13,131,13104,Conchalí,842,24.2051521126264,307,69,68,398
25402,9,COL.  PART. SALES. EL PATROCINIO DE SAN JOSE,Particular Subvencionado,Urbano,13,131,13123,Providencia,322,16.677494990582,209,32,30,51
25418,5,COLEGIO POLIV. SAN BERNARDO ABAD,Particular Subvencionado,Urbano,13,134,13401,San Bernardo,442,22.9146645438347,147,34,42,219
25434,7,COLEGIO PARTICULAR FORJADORES,Particular Subvencionado,Urbano,13,136,13605,Peñaflor,290,18.6877458791812,147,33,41,69
25439,8,CENTRO EDUCACIONAL SAN CARLOS DE ARAGON,Particular Subvencionado,Urbano,13,132,13201,Puente Alto,1046,21.5872817547764,344,137,120,445
25442,8,COLEGIO TALAGANTE GARDEN SCHOOL,Particular Subvencionado,Urbano,13,136,13601,Talagante,298,17.2817945072058,182,39,27,50
25447,9,COLEGIO VALLE DE MALLARAUCO,Particular Subvencionado,Urbano,13,135,13501,Melipilla,158,18.6869167068306,83,16,13,46
25448,7,CENTRO EDUC. NINO DIOS DE MALLOCO,Particular Subvencionado,Urbano,13,136,13605,Peñaflor,767,20.9075345479597,325,81,77,284
25450,9,COLEGIO SALTAIRAM,Particular Subvencionado,Urbano,13,132,13201,Puente Alto,126,24.5940740428129,41,10,15,60
25454,1,COLEGIO PART. ANDINO ANTUQUELEN,Particular Subvencionado,Urbano,13,132,13203,San José de Maipo,111,13.5943144286306,91,5,6,9
25458,4,COLEGIO POLIVALENTE FALCON COLLEGE,Particular Subvencionado,Urbano,13,131,13126,Quinta Normal,555,21.3322886151085,246,51,41,217
25462,2,COLEGIO ALTO GABRIELA,Particular Subvencionado,Urbano,13,131,13112,La Pintana,284,21.5181022324403,113,32,22,117
25464,9,COLEGIO POLIVALENTE AGUSTINIANO DE EL BOSQUE,Particular Subvencionado,Urbano,13,131,13105,El Bosque,561,17.3539395161022,346,47,57,111
25471,1,COLEGIO PART. KING EDWARDS SCHOOL I,Particular Subvencionado,Urbano,13,131,13119,Maipú,171,22.5458550912248,53,20,16,82
25475,4,COLEGIO PART. PADRE JOSE KENTENICH,Particular Subvencionado,Urbano,13,132,13201,Puente Alto,220,25.4309466629028,63,17,17,123
25480,0,COLEGIO JOSE LUIS LEGRANGE DE LA CISTERNA,Particular Subvencionado,Urbano,13,131,13109,La Cisterna,112,17.5423189380923,68,12,13,19
25481,9,COLEGIO INSTITUTO O¦HIGGINS DE MAIPU,Particular Subvencionado,Urbano,13,131,13119,Maipú,270,16.9412080419913,178,24,17,51
25482,7,ESC. PART. ARTISTICA EL TRIGAL,Particular Subvencionado,Urbano,13,131,13119,Maipú,191,16.8806342457398,123,22,15,31
25496,7,INSTITUTO TECNOLÓGICO BICENTENARIO DE EXCELENCIA SAN MATEO,Particular Subvencionado,Urbano,13,131,13124,Pudahuel,1313,22.7472734597292,486,121,120,586
25501,7,COLEGIO SAN ANDRES DE MAIPU,Particular Subvencionado,Urbano,13,131,13119,Maipú,447,20.7582209487329,178,64,45,160
25508,4,COLEGIO PART. GABRIELA MISTRAL SOCIEDAD EDUCA,Particular Subvencionado,Urbano,13,131,13126,Quinta Normal,203,15.2753303451387,159,18,11,15
25509,2,COLEGIO PARTICULAR MARÍA AUXILIADORA DE SANTIAGO,Particular Subvencionado,Urbano,13,131,13101,Santiago,308,17.9515841833647,194,30,24,60
25520,3,COL. PART. SAGRADO CORAZON DE JESUS DE LA RE,Particular Subvencionado,Urbano,13,131,13113,La Reina,451,18.2045900144367,254,55,47,95
25523,8,CARDENAL JUAN FRANCISCO FRESNO LARRAIN,Particular Subvencionado,Urbano,13,132,13201,Puente Alto,423,20.3060955951923,185,42,46,150
25525,4,COLEGIO PARTICULAR EL ALBA DE MACUL,Particular Subvencionado,Urbano,13,131,13118,Macul,144,20.1961287195855,66,13,17,48
25526,2,ESCUELA PART.  CURACAVI COLLEGE,Particular Subvencionado,Urbano,13,135,13503,Curacaví,342,17.8331484817522,198,34,31,79
25540,8,COLEGIO MONTE OLIVO DE PUENTE ALTO,Particular Subvencionado,Urbano,13,132,13201,Puente Alto,302,18.8962803458532,168,28,26,80
25541,6,COLEGIO PART. JOSEFINO SANTISIMA TRINIDAD,Particular Subvencionado,Urbano,13,131,13123,Providencia,159,16.1906249637706,114,15,9,21
25542,4,COLEGIO SANTA BARBARA H.S.,Particular Subvencionado,Urbano,13,131,13125,Quilicura,471,26.2696830453358,145,41,29,256
25543,2,COLEGIO POLIV. SAN CRISTOBAL APOSTOL,Particular Subvencionado,Urbano,13,136,13604,Padre Hurtado,146,30.2464838939365,35,8,7,96
25550,5,ESC. BASICA PART. BOSTON COLLEGE LA FARFANA,Particular Subvencionado,Urbano,13,131,13119,Maipú,426,18.8362029515313,245,39,29,113
25556,4,COLEGIO SOCHIDES,Particular Subvencionado,Urbano,13,132,13201,Puente Alto,204,23.3336294525357,68,12,27,97
25557,2,ESC BASICA PART EMILIA GONZALEZ ESPINOZA,Particular Subvencionado,Urbano,13,134,13401,San Bernardo,180,15.4182151555854,129,23,12,16
25558,0,COLEGIO PARTICULAR ALTAZOR,Particular Subvencionado,Urbano,13,132,13201,Puente Alto,255,14.1562373974633,214,15,13,13
25562,9,ESC BASICA PART SAN JOSE DE LA FAMILIA,Particular Subvencionado,Urbano,13,131,13112,La Pintana,390,20.9797585783324,146,49,47,148
25571,8,COLEGIO EL RACO,Particular Subvencionado,Urbano,13,132,13201,Puente Alto,326,22.0441797738074,128,38,32,128
25577,7,COLEGIO PART. FAMILIA DE NAZARETH,Particular Subvencionado,Urbano,13,131,13110,La Florida,195,17.1176843658015,131,27,7,30
25580,7,COLEGIO PARTICULAR MIRADOR,Particular Subvencionado,Urbano,13,132,13201,Puente Alto,358,17.2566749856411,226,34,34,64
25589,0,COLEGIO JESUS SERVIDOR,Particular Subvencionado,Urbano,13,131,13122,Peñalolén,231,19.1274044151941,130,20,19,62
25591,2,LICEO TECNICO PROFESIONAL DE BUIN,Corporación Municipal,Urbano,13,134,13402,Buin,859,19.3097509188777,449,59,80,271
25592,0,INSTITUTO SAN MIGUEL,Corporación Municipal,Urbano,13,133,13301,Colina,340,22.0454717106382,166,28,20,126
25599,8,COLEGIO PART. SAN PEDRO DE QUILICURA,Particular Subvencionado,Urbano,13,131,13125,Quilicura,420,25.8510571246639,121,32,28,239
25613,7,COLEGIO BICENTENARIO DE EXCELENCIA PEDRO APOSTOL,Particular Subvencionado,Urbano,13,132,13201,Puente Alto,366,19.4402636352109,189,26,33,118
25615,3,COLEGIO POLIVALENTE SAINT PETER COLLEGE,Particular Subvencionado,Urbano,13,132,13201,Puente Alto,183,24.166633552258,62,18,15,88
25625,0,COLEGIO PART. SWEDENBORG COLLEGE,Particular Subvencionado,Urbano,13,131,13118,Macul,99,16.8572500187339,70,7,10,12
25644,7,COLEGIO PART. NEW LITTLE COLLEGE,Particular Subvencionado,Urbano,13,131,13110,La Florida,270,19.4877361790317,144,27,18,81
25645,5,COLEGIO PART. NTRA. SRA. MARIA INMACULADA DEL,Particular Subvencionado,Urbano,13,131,13105,El Bosque,1369,22.6363867776168,428,159,145,637
25652,8,ESCUELA ESPECIAL HOSPITAL FELIX BULNES,Particular Subvencionado,Urbano,13,131,13123,Providencia,349,34.3266127631627,0,0,0,10
25655,2,COLEGIO SANTO TOMAS DE AQUINO,Particular Subvencionado,Urbano,13,131,13105,El Bosque,367,16.5496238184822,247,48,26,46
25671,4,COLEGIO SAN MARTIN DE PORRES DE LA PINTANA,Particular Subvencionado,Urbano,13,131,13112,La Pintana,182,25.7171865189025,46,11,16,109
25676,5,COLEGIO POLIVALENTE ELISA VALDES,Particular Subvencionado,Urbano,13,132,13201,Puente Alto,434,19.5274339583157,203,55,45,131
25681,1,COLEGIO OXFORD,Particular Subvencionado,Urbano,13,131,13119,Maipú,122,19.528082520457,58,18,13,33
25692,7,COLEGIO PART. MANSO DE VELASCO MELIPILLA,Particular Subvencionado,Urbano,13,135,13501,Melipilla,117,17.6205805862478,66,19,13,19
25693,5,COLEGIO MADRE DE LA DIVINA PROVIDENC,Particular Subvencionado,Urbano,13,131,13118,Macul,176,16.7561425013851,127,12,11,26
25695,1,COLEGIO DE LA INMACULADA CONCEPCIÓN,Particular Subvencionado,Urbano,13,134,13401,San Bernardo,277,15.5016227165504,205,25,20,27
25697,8,COLEGIO O`HIGGINS,Particular Subvencionado,Urbano,13,135,13501,Melipilla,135,15.3769011646028,104,10,8,13
25700,1,COLEGIO LOS ALPES MAIPU,Particular Subvencionado,Urbano,13,131,13119,Maipú,287,19.4788852929668,132,30,37,88
25703,6,COLEGIO PART. ALCANTARA DE LA FLORIDA,Particular Subvencionado,Urbano,13,131,13110,La Florida,193,18.2463822606993,104,25,19,45
25704,4,COLEGIO PART. ALCANTARA DE LA CORDILLERA,Particular Subvencionado,Urbano,13,131,13110,La Florida,338,19.8063332474176,152,39,54,93
25709,5,LINCOLN COLLEGE LA FLORIDA,Particular Subvencionado,Urbano,13,131,13110,La Florida,340,20.2838332886244,160,35,39,106
25711,7,ESC. BASICA MUNICIPAL PAULA JARAQUEMADA ALQUI,Municipal DAEM,Urbano,13,134,13404,Paine,332,27.159271141448,89,30,21,192
25712,5,COLEGIO PART. ANDARES DE LA FLORIDA,Particular Subvencionado,Urbano,13,131,13110,La Florida,114,21.7685800885508,40,17,11,46
25713,3,COLEGIO PART. MANANTIAL DE LA FLORIDA,Particular Subvencionado,Urbano,13,131,13110,La Florida,193,17.3149461661299,126,18,10,39
25714,1,COLEGIO PART. INSTITUTO CORINTIO,Particular Subvencionado,Urbano,13,134,13401,San Bernardo,255,16.0807056626192,184,31,13,27
25716,8,COLEGIO PART. NEW HEINRICH HIGH SCHOOL,Particular Subvencionado,Urbano,13,131,13120,Ñuñoa,306,23.2616393309212,109,42,21,134
25717,6,COLEGIO ALCÁNTARA DE LOS ALTOS DE PEÑALOLEN,Particular Subvencionado,Urbano,13,131,13122,Peñalolén,557,19.5693870729863,281,53,50,173
25718,2,COLEGIO PART. LOS ANGELES SANTIAGO DE SAN MIG,Particular Subvencionado,Urbano,13,131,13130,San Miguel,86,20.7119063284272,41,11,6,28
25722,2,COLEGIO PART. PATRONA SENORA DE LOURDES,Particular Subvencionado,Urbano,13,131,13110,La Florida,260,13.5528273769725,223,15,9,13
25725,7,ESCUELA PART. NAHUEL,Particular Subvencionado,Urbano,13,134,13404,Paine,403,15.4898661346258,295,36,36,36
25727,3,LICEO PART. SALESIANO MANUEL ARRIARAN BARROS,Particular Subvencionado,Urbano,13,131,13109,La Cisterna,482,17.684390486374,287,43,49,103
25737,0,COLEGIO PART. ACROPOLIS,Particular Subvencionado,Urbano,13,132,13201,Puente Alto,155,22.8300111870883,45,19,13,78
25739,7,COLEGIO NTRA. SRA. DEL CARMEN DE MAIPU,Particular Subvencionado,Urbano,13,131,13119,Maipú,386,16.5693679357992,256,28,41,61
25749,4,COLEGIO PART. ALICANTE DEL ROSAL,Particular Subvencionado,Urbano,13,131,13119,Maipú,897,20.1219392339741,377,119,112,289
25751,6,COLEGIO LIAHONA CORDILLERA,Particular Subvencionado,Urbano,13,131,13110,La Florida,361,17.5374675395253,221,34,36,70
25766,4,LINCOLN COLLEGE SAN MARTIN,Particular Subvencionado,Urbano,13,131,13119,Maipú,591,20.4177653374514,242,78,69,202
25767,2,COLEGIO SAN JORGE DE LAS CONDES,Particular Subvencionado,Urbano,13,131,13114,Las Condes,124,20.684889313188,59,15,11,39
25770,2,LICEO NACIONAL DE MAIPU,Servicio Local de Educación(SLE),Urbano,13,131,13119,Maipú,930,16.646117922702,602,97,91,140
25779,6,COLEGIO POLIV. CARDENAL JOSE MARIA CARO,Particular Subvencionado,Urbano,13,131,13112,La Pintana,388,22.8615464202876,147,40,30,171
25781,8,COLEGIO BICENTENARIO ARZOBISPO CRESCENTE ERRAZURIZ,Particular Subvencionado,Urbano,13,132,13201,Puente Alto,484,16.7587038858258,332,35,30,87
25783,4,COLEGIO POLIV. ARZOBISPO MANUEL VICUNA,Particular Subvencionado,Urbano,13,131,13129,San Joaquín,158,26.3824969008984,50,8,9,91
25790,7,COLEGIO POLIV. DIEGO PORTALES DE MAIPU,Particular Subvencionado,Urbano,13,131,13119,Maipú,153,24.3312596243892,48,14,13,78
25795,8,COLEGIO PARTICULAR BLUMENTHAL,Particular Subvencionado,Urbano,13,136,13601,Talagante,348,17.5037397927479,218,47,21,62
25798,2,COLEGIO RELIGIOSO SANTA MARGARITA,Particular Subvencionado,Urbano,13,131,13130,San Miguel,258,26.7661110223359,89,9,12,148
25804,0,COLEGIO PART. ANTUPIREN,Particular Subvencionado,Urbano,13,131,13122,Peñalolén,443,19.8266467195871,213,54,39,137
25814,8,COLEGIO SAYEN,Particular Subvencionado,Urbano,13,135,13501,Melipilla,121,18.9171010953753,66,15,7,33
25824,5,LICEO SERGIO SILVA BASCUNAN,Particular Subvencionado,Urbano,13,131,13112,La Pintana,600,23.3517394941817,187,66,54,293
25826,1,COLEGIO ADVENTISTA LA FLORIDA,Particular Subvencionado,Urbano,13,131,13110,La Florida,93,17.1935544595994,60,7,10,16
25829,6,COLEGIO PART. SAN ADRIAN DE QUILICURA,Particular Subvencionado,Urbano,13,131,13125,Quilicura,314,16.5215637982399,203,33,36,42
25839,3,ESC. BAS. Y ESP. CELEI,Particular Subvencionado,Urbano,13,131,13117,Lo Prado,55,16.6345357157657,42,2,4,7
25843,1,COLEGIO PART. SAGRADO CORAZON DE TALAGANTE,Particular Subvencionado,Urbano,13,136,13601,Talagante,278,14.3727645398051,223,25,13,17
25850,4,COLEGIO DEL VALLE,Particular Subvencionado,Urbano,13,131,13119,Maipú,282,17.5004138881913,176,33,15,58
25853,9,COLEGIO POLIVALENTE NOVO HORIZONTE,Particular Subvencionado,Urbano,13,131,13125,Quilicura,941,25.8772183393766,260,71,89,521
25855,5,LICEO BICENTENARIO CHACABUCO,Corporación Municipal,Urbano,13,133,13301,Colina,697,14.5358090049594,577,42,26,52
25865,2,SAN IGNACIO COLLEGE,Particular Subvencionado,Urbano,13,134,13401,San Bernardo,277,20.3936186986134,121,29,36,91
25882,2,COLEGIO NOBEL GABRIELA MISTRAL,Particular Subvencionado,Urbano,13,134,13401,San Bernardo,317,19.2097889455304,150,39,28,100
25885,7,COLEGIO INTERCULTURAL TREMEMN,Particular Subvencionado,Urbano,13,131,13119,Maipú,311,14.5157879437305,254,14,18,25
25894,6,COLEGIO MANANTIAL DE SAN MIGUEL,Particular Subvencionado,Urbano,13,131,13130,San Miguel,157,17.4172913405264,109,16,6,26
25895,4,COLEGIO SANTIAGO DE PUDAHUEL,Particular Subvencionado,Urbano,13,131,13124,Pudahuel,343,19.9099247130987,159,39,31,114
25899,7,LICEO JOSE ABELARDO NUÑEZ Nº 4,Particular Subvencionado,Urbano,13,131,13107,Huechuraba,388,27.1997560055554,90,31,32,235
25916,0,ESCUELA BAS. SAN SEBASTIAN DE COLINA,Particular Subvencionado,Urbano,13,133,13301,Colina,277,21.9637327195168,96,36,37,108
25919,5,ESCUELA BASICA NEHUEN,Particular Subvencionado,Urbano,13,136,13601,Talagante,143,16.2087117314438,98,11,13,21
25921,7,COLEGIO CENTRO EDUCACIONAL ROUSSEAU,Particular Subvencionado,Urbano,13,131,13119,Maipú,171,26.6849029335133,48,6,13,104
25922,5,COLEGIO TERRA AUSTRALIS,Particular Subvencionado,Urbano,13,131,13124,Pudahuel,325,17.4798452699245,197,39,27,62
25926,8,COLEGIO POLIV. JERUSALEN DE LAMPA,Particular Subvencionado,Urbano,13,133,13302,Lampa,513,22.4031343236472,208,55,48,202
25929,2,COLEGIO PADRE PEDRO ARRUPE SAGRADA FAMILIA,Particular Subvencionado,Urbano,13,131,13125,Quilicura,281,19.4247282846365,155,26,17,83
25936,5,COLEGIO NUEVO HORIZONTE DE PUENTE ALTO,Particular Subvencionado,Urbano,13,132,13201,Puente Alto,170,22.328398185606,69,15,17,69
25944,6,ESCUELA PART. PARTHENON COLLEGE,Particular Subvencionado,Urbano,13,136,13605,Peñaflor,287,16.91175746722,199,26,15,47
25950,0,COLEGIO SEMPER ALTIUS,Particular Subvencionado,Urbano,13,131,13110,La Florida,294,21.8607315327917,137,31,18,108
25954,3,ESC. BAS. Y ESP. NTRA. SRA. DE LAS NIEVES,Particular Subvencionado,Urbano,13,134,13401,San Bernardo,164,20.1254819754767,81,13,22,48
25959,4,ESC. ESPECIAL HOSPITAL SAN JUAN DE DIOS,Particular Subvencionado,Urbano,13,131,13101,Santiago,349,13.8725594111116,2,1,1,0
25960,8,CENTRO EDUC. PADRE ALBERTO HURTADO DE SAN BER,Servicio Local de Educación(SLE),Urbano,13,134,13401,San Bernardo,291,22.7804900655231,100,31,22,138
25961,6,COLEGIO PALMARES,Particular Subvencionado,Urbano,13,131,13125,Quilicura,497,19.8624075791971,205,47,61,184
25969,1,COLEGIO TERCER MILENIO,Particular Subvencionado,Urbano,13,131,13125,Quilicura,697,14.9445431538971,544,51,32,70
25984,5,COLEGIO DREYSE BELSER,Particular Subvencionado,Urbano,13,136,13605,Peñaflor,143,16.6187410245507,103,8,10,22
25988,8,COLEGIO JUAN LUIS UNDURRAGA ANINAT,Particular Subvencionado,Urbano,13,131,13125,Quilicura,449,22.0545636364002,209,34,33,173
25995,0,CENTRO POLITEC. CARLOS CONDELL DE LA CISTERNA,Particular Subvencionado,Urbano,13,131,13109,La Cisterna,561,24.2638395938933,161,64,47,289
25999,3,COLEGIO ALICANTE DEL SOL,Particular Subvencionado,Urbano,13,132,13201,Puente Alto,956,17.2497481115761,608,96,84,168
26001,0,COLEGIO ALICANTE DE LA FLORIDA,Particular Subvencionado,Urbano,13,131,13110,La Florida,483,14.2178789610589,387,34,23,39
26006,1,COLEGIO ECOLOGICO PAINE,Particular Subvencionado,Urbano,13,134,13404,Paine,139,16.6009235605134,92,14,13,20
26012,6,COLEGIO BICENTENARIO MODERNO PAINE,Particular Subvencionado,Urbano,13,134,13404,Paine,319,21.7064221449367,130,22,25,142
26017,7,ESCUELA BAS. KINGS SCHOOL,Particular Subvencionado,Urbano,13,134,13401,San Bernardo,174,17.0990185463439,109,22,14,29
26033,9,COLEGIO  SAN CARLOS DE QUILICURA,Particular Subvencionado,Urbano,13,131,13125,Quilicura,513,17.7291124721772,302,64,50,97
26035,5,ESCUELA PART. SAN JOSE DE LAMPA,Particular Subvencionado,Urbano,13,133,13302,Lampa,336,18.5365996777703,182,44,28,82
26037,1,COLEGIO LO BARNECHEA BICENTENARIO,Municipal DAEM,Urbano,13,131,13115,Lo Barnechea,356,28.8824599037902,69,27,16,244
26045,2,ESCUELA  SAN PEDRO VALLE GRANDE,Particular Subvencionado,Urbano,13,133,13302,Lampa,270,21.18480073281,102,25,29,114
26053,3,COLEGIO ATENAS,Particular Subvencionado,Urbano,13,131,13110,La Florida,429,20.9616215626498,153,70,48,158
26075,4,ESCUELA BAS. SAN JOSE DE PENALOLEN,Particular Subvencionado,Urbano,13,131,13122,Peñalolén,100,22.1041715389463,47,11,7,35
26083,5,COLEGIO SAN ALBERTO HURTADO,Particular Subvencionado,Urbano,13,131,13125,Quilicura,272,20.570903948338,125,31,27,89
26084,3,COLEGIO EL BOSQUE DE RENCA,Particular Subvencionado,Urbano,13,131,13128,Renca,162,24.8572684373683,49,10,15,88
26092,4,COLEGIO PEUMAYEN,Particular Subvencionado,Urbano,13,136,13604,Padre Hurtado,247,15.65117579755,188,23,9,27
26094,0,COLEGIO LAS AMERICAS DE PAINE,Particular Subvencionado,Urbano,13,134,13404,Paine,256,17.6855925528941,163,32,11,50
26110,6,COLEGIO SANTIAGO - QUILICURA,Particular Subvencionado,Urbano,13,131,13125,Quilicura,357,19.097285830984,179,41,36,101
26115,7,COLEGIO TUPAHUE,Particular Subvencionado,Urbano,13,132,13201,Puente Alto,604,20.5142805670241,255,73,81,195
26117,3,ESCUELA BÁSICA N 149 SAN MARCEL,Particular Subvencionado,Urbano,13,134,13402,Buin,263,18.0667076235219,148,28,27,60
26135,1,ESC.BAS. EMPRENDER LARAPINTA,Particular Subvencionado,Urbano,13,133,13302,Lampa,516,17.9224532037004,310,59,42,105
26137,8,COLEGIO DEL REAL,Particular Subvencionado,Urbano,13,131,13119,Maipú,118,19.5954974219281,53,13,13,39
26150,5,COLEGIO  FITZROY COLLEGE,Particular Subvencionado,Urbano,13,134,13401,San Bernardo,152,18.1500797814811,97,14,8,33
26157,2,LICEO MUNICIPAL BICENTENARIO DE BATUCO,Corporación Municipal,Urbano,13,133,13302,Lampa,693,25.9243511460145,219,55,49,370
26164,5,COLEGIO SAN JOSE DE CERRILLOS,Particular Subvencionado,Urbano,13,131,13102,Cerrillos,146,23.0746680770057,69,13,6,58
26168,8,COLEGIO POLIVALENTE SAN PEDRO DE QUILICURA,Particular Subvencionado,Urbano,13,131,13125,Quilicura,404,25.7272733991245,104,23,40,237
26209,9,COLEGIO SAN JUAN DIEGO DE GUADALUPE,Particular Subvencionado,Urbano,13,131,13119,Maipú,128,28.909476490242,34,7,11,76
26219,6,CENTRO EDUC. GOYENECHEA,Particular Subvencionado,Urbano,13,131,13128,Renca,171,28.3716117828385,29,16,17,109
26254,4,COLEGIO SANTA MARIA GORETTI DE PADRE HUR,Particular Subvencionado,Urbano,13,136,13604,Padre Hurtado,169,20.4020723705364,75,18,14,62
26260,9,LINCOLN COLLEGE PUDAHUEL,Particular Subvencionado,Urbano,13,131,13124,Pudahuel,523,17.5414958356459,319,62,45,97
26269,2,COLEGIO ALTO DEL VALLE,Particular Subvencionado,Urbano,13,134,13402,Buin,326,19.457006941789,159,37,28,102
26274,9,ESCUELA BAS. REINA NORTE,Particular Subvencionado,Urbano,13,133,13301,Colina,223,23.8305960584095,77,22,19,105
26292,7,LICEO POLIVALENTE MUNICIPAL DE LA FLORIDA,Corporación Municipal,Urbano,13,131,13110,La Florida,555,26.0581004963093,119,49,68,319
26303,6,COLEGIO ENRIQUE ALVEAR DE CERRO NAVIA,Particular Subvencionado,Urbano,13,131,13103,Cerro Navia,360,28.1912937990549,68,32,27,233
26324,9,EST. EDUC. PART. ARCANGEL GABRIEL N° 2,Particular Subvencionado,Urbano,13,131,13121,Pedro Aguirre Cerda,135,22.4710740815429,64,15,7,49
26362,1,COLEGIO SAN FRANCISCO DE ASIS DE SAN BERNARDO,Particular Subvencionado,Urbano,13,134,13401,San Bernardo,227,17.8606143242497,138,20,20,49
26365,6,COLEGIO BICENTENARIO SAN ALBERTO HURTADO DE PUDAHUEL,Particular Subvencionado,Urbano,13,131,13124,Pudahuel,468,19.8675879533734,226,39,50,153
26367,2,LINCOLN COLLEGE SAN BERNARDO,Particular Subvencionado,Urbano,13,134,13401,San Bernardo,495,17.3289593855833,320,45,42,88
26368,0,COLEGIO SAN FRANCISCO DE SALES,Particular Subvencionado,Urbano,13,131,13119,Maipú,159,19.308058741346,79,19,18,43
26372,2,COLEGIO SAN LUCAS DE LO ESPEJO,Particular Subvencionado,Urbano,13,131,13116,Lo Espejo,276,21.6047467909028,110,26,33,107
26378,8,ESCUELA PATRONA DE LOURDES,Particular Subvencionado,Urbano,13,136,13605,Peñaflor,158,13.1726989402349,133,10,7,8
26379,6,COLEGIO SOL DEL VALLE,Particular Subvencionado,Urbano,13,133,13302,Lampa,314,17.8023246797242,193,27,33,61
26381,8,COLEGIO NUEVA ERA SIGLO XXI SEDE PUENTE ALTO,Particular Subvencionado,Urbano,13,132,13201,Puente Alto,300,15.6205224687209,223,21,22,34
26383,4,COLEGIO INSTITUTO CALERA DE TANGO,Particular Subvencionado,Rural,13,134,13403,Calera de Tango,183,18.2348975508449,106,21,15,41
26384,2,COLEGIO TEC. PROF. SAN RAMON LA CISTERNA,Particular Subvencionado,Urbano,13,131,13109,La Cisterna,178,27.2951168841932,39,19,17,103
26405,9,COLEGIO HERMANOS CARRERA DE CHILE,Particular Subvencionado,Urbano,13,131,13119,Maipú,553,18.3566475067997,302,58,52,141
26411,3,COLEGIO NOVA TERRA,Particular Subvencionado,Urbano,13,131,13110,La Florida,332,19.961106247152,184,30,18,100
26416,4,COLEGIO PREMILITAR CAPITAN IGNACIO CARRERA PINTO,Particular Subvencionado,Urbano,13,136,13605,Peñaflor,223,18.9828606741429,130,18,16,59
26426,1,COLEGIO ESPECIAL HOSPITALARIO CON TODO EL COR,Particular Subvencionado,Urbano,13,131,13123,Providencia,21,16.4522902906428,17,0,0,4
26436,9,COLEGIO TERRAUSTRAL DEL SOL,Particular Subvencionado,Urbano,13,131,13119,Maipú,832,19.8655843836213,411,84,74,263
26454,7,COLEGIO SANTIAGO EMPRENDEDORES,Particular Subvencionado,Urbano,13,134,13401,San Bernardo,361,16.432929873067,255,29,28,49
26465,2,COLEGIO INSTITUTO RAMÓN FREIRE,Particular Subvencionado,Urbano,13,131,13119,Maipú,158,22.2571598974766,56,15,15,72
26466,0,ESCUELA BASICA ELIODORO MATTE OSSA,Particular Subvencionado,Urbano,13,134,13401,San Bernardo,664,20.7174187251795,248,93,69,254
26501,6,LICEO TECNICO PROFESIONAL PATRICIO AYLWIN AZOCAR,Servicio Local de Educación(SLE),Urbano,13,131,13111,La Granja,366,24.4423111785185,102,25,32,207
26503,9,COLEGIO SAINT LOUIS SCHOOL,Particular Subvencionado,Urbano,13,133,13303,Tiltil,174,17.9099293435345,94,25,22,33
26538,1,COLEGIO TERRAUSTRAL OESTE S.A,Particular Subvencionado,Urbano,13,131,13119,Maipú,898,21.2403971922499,352,102,94,350
30001,2,THE INTERNATIONAL SCHOOL ARICA,Particular Subvencionado,Urbano,15,151,15101,Arica,160,14.1913067817131,135,10,5,10
30003,9,COLEGIO JUAN PABLO II,Particular Subvencionado,Urbano,15,151,15101,Arica,332,21.6950802201154,137,35,37,123
31002,6,LICEO MATER POPULI DEI,Particular Subvencionado,Urbano,14,141,14106,Mariquina,150,18.7599287640616,77,18,12,43
31005,0,COL. EDUC VICTOR MANUEL GIOVANETTI ASTUDILLO,Particular Subvencionado,Urbano,14,142,14201,La Unión,88,17.800509239779,52,4,12,20
31010,7,LICEO BICENTENARIO CIUDAD DE LOS RIOS VALDIVI,Servicio Local de Educación(SLE),Urbano,14,141,14101,Valdivia,373,17.406957374467,230,41,32,70
31012,3,INSTITUTO BICENTENARIO DE EXCELENCIA CHILE ASIA PACIFICO,Particular Subvencionado,Urbano,14,141,14101,Valdivia,131,20.0702303885172,51,22,12,46
31030,1,ESCUELA PRE MILITAR HEROES DE LA CONCEPCION,Particular Subvencionado,Urbano,13,131,13109,La Cisterna,914,21.7869923971732,341,108,87,378
31037,9,LICEO INSTITUTO CUMBRE DE CONDORES,Corporación Municipal,Urbano,13,131,13128,Renca,678,20.2193030118095,332,60,70,216
31052,2,COLEGIO VILLA EL SOL,Particular Subvencionado,Urbano,13,136,13603,Isla de Maipo,163,16.2468586067028,113,24,5,21
31064,6,COLEGIO ALBORADA DE LAMPA,Particular Subvencionado,Urbano,13,133,13302,Lampa,320,30.3527447237227,56,20,25,219
31065,4,LICEO TECNOLOGICO BICENTENARIO ENRIQUE KIRBERG BALTIANSKY,Servicio Local de Educación(SLE),Urbano,13,131,13119,Maipú,522,17.8359273468242,322,54,40,106
31066,2,COLEGIO LOS ROBLES DE LOS LIBERTADORES,Particular Subvencionado,Urbano,13,136,13602,El Monte,144,16.6280101683444,97,12,9,26
31068,9,COLEGIO TERRA MONTE,Particular Subvencionado,Urbano,13,133,13301,Colina,193,19.6338474895395,97,23,20,53
31071,9,LICEO BICENT. PROV.STA. TERESA DE LOS ANDES,Corporación Municipal,Rural,13,133,13301,Colina,768,17.9297243208213,438,84,87,159
31074,3,LICEO BICENTENARIO DE NIÑAS DE MAIPU,Servicio Local de Educación(SLE),Urbano,13,131,13119,Maipú,621,19.8970619007373,298,69,69,185
31078,6,LICEO BICENTENARIO SAN PEDRO DE PUENTE ALTO,Corporación Municipal,Urbano,13,132,13201,Puente Alto,358,15.2830122457063,269,28,25,36
31080,8,COLEGIO RENACER TP,Particular Subvencionado,Urbano,13,132,13201,Puente Alto,211,18.7545307636242,124,16,11,60
31083,2,LICEO PAULA JARAQUEMADA DE QUILICURA,Particular Subvencionado,Urbano,13,131,13125,Quilicura,489,18.3115145004904,310,40,27,112
31084,0,COLEGIO ANTAMARO,Particular Subvencionado,Urbano,16,161,16101,Chillán,112,19.4218690350849,52,19,10,31
31085,9,COLEGIO EL ARRAYAN,Particular Subvencionado,Urbano,8,81,8108,San Pedro de la Paz,386,19.2338784637907,183,33,61,109
31087,5,COLEGIO ALCÁZARES DE ÑUBLE,Particular Subvencionado,Urbano,16,161,16101,Chillán,172,17.0086658217057,111,20,7,34
31103,2,LICEO BICENTENARIO DE CORONEL,Servicio Local de Educación(SLE),Urbano,8,81,8102,Coronel,329,18.331404806443,157,54,50,68
31106,5,COLEGIO SAINT JOAN COLLEGE,Particular Subvencionado,Urbano,8,81,8109,Santa Juana,117,15.598386439002,80,13,9,15
31107,3,COLEGIO ESPERANZA,Particular Subvencionado,Urbano,8,83,8303,Cabrero,69,13.4251257072764,59,4,2,4
31110,3,COLEGIO FRATERNIDAD,Particular Subvencionado,Urbano,8,81,8108,San Pedro de la Paz,352,18.2355286225231,194,44,30,84
31116,2,COLEGIO BICENTENARIO ENRIQUE SALINAS BUSCOVICH,Particular Subvencionado,Urbano,16,161,16101,Chillán,633,21.3124784126331,263,69,58,243
31128,6,LICEO BICENTENARIO DE EXCELENCIA TREHUACO,Municipal DAEM,Rural,16,162,16207,Treguaco,279,15.4496359706324,201,20,22,36
31130,5,COLEGIO PARTICULAR SUBVENCIONADO TIMONEL-CORONEL,Particular Subvencionado,Urbano,8,81,8102,Coronel,131,14.4629878328101,111,8,4,8
31153,7,INSTITUTO CUMBRES DE CONDORES PONIENTE,Corporación Municipal,Urbano,13,131,13128,Renca,543,25.0446645984698,156,58,37,292
31161,8,COLEGIO LOS PENSAMIENTOS,Particular Subvencionado,Urbano,13,131,13111,La Granja,363,18.5617350739917,194,44,33,92
31175,8,BICENTENARIO COLLEGE,Particular Subvencionado,Urbano,13,131,13110,La Florida,107,17.827204088635,68,8,7,24
31189,8,COLEGIO HOSPITALARIO HOSPITAL MILITAR,Particular Subvencionado,Urbano,13,131,13113,La Reina,349,18.9765756977335,7,0,1,3
31194,4,COLEGIO MONTEVERDI,Particular Subvencionado,Urbano,4,41,4101,La Serena,146,18.5477529474514,91,12,9,34
31203,7,COLEGIO DOMINGO SANTA MARIA,Particular Subvencionado,Urbano,4,41,4106,Vicuña,268,19.1707128961813,147,36,21,64
31253,3,COLEGIO ALTO DEL MAIPO,Particular Subvencionado,Urbano,13,136,13603,Isla de Maipo,210,20.9402252212871,90,19,22,79
31260,6,COLEGIO ALTAZOL DEL MAIPO,Particular Subvencionado,Urbano,13,134,13404,Paine,162,14.1600805469479,136,11,9,6
31262,2,ESCUELA PART. SANTA MARIA DE GUADALUPE,Particular Subvencionado,Urbano,13,133,13301,Colina,218,20.6002539723897,117,26,13,62
31264,9,ESCUELA BÁSICA SAN GENNARO,Particular Subvencionado,Urbano,13,134,13404,Paine,135,17.8550197516763,76,18,19,22
31274,6,COLEGIO SANTA SOFIA,Particular Subvencionado,Urbano,13,131,13112,La Pintana,158,20.9172778106433,64,13,19,62
31278,9,INSTITUTO COMERCIAL BARROS ARANA,Particular Subvencionado,Urbano,13,134,13401,San Bernardo,210,22.5900175519568,74,23,27,86
31281,9,COLEGIO ESPECIAL HOSPITALARIO DE CARABINEROS,Particular Subvencionado,Urbano,13,131,13120,Ñuñoa,349,24.2391935889765,1,0,0,2
31290,8,COLEGIO SAN ANDRES MAIPU EL BOSQUE,Particular Subvencionado,Urbano,13,131,13119,Maipú,287,19.9149996049195,125,35,39,88
31293,2,LICEO NACIONAL BICENTENARIO DE EXCELENCIA,Servicio Local de Educación(SLE),Urbano,13,134,13401,San Bernardo,326,16.1219804417981,236,26,28,36
31294,0,LICEO BICENTENARIO MARIA SOLEDAD MELENDEZ MOLINA,Corporación Municipal,Urbano,13,136,13601,Talagante,503,14.8055620315168,410,33,19,41
31295,9,LICEO BICENTENARIO ITALIA,Particular Subvencionado,Urbano,13,131,13101,Santiago,795,22.1067155102211,356,88,66,285
31299,1,LICEO BICENTENARIO DE EXCELENCIA FRANCISCO BILBAO BARQUIN DE QUILICURA,Servicio Local de Educación(SLE),Urbano,13,131,13125,Quilicura,343,18.6815648536827,191,38,30,84
31327,0,COLEGIO ALICANTE DEL VALLE,Particular Subvencionado,Urbano,13,132,13201,Puente Alto,911,19.6514032039139,400,119,114,278
31338,2,AULA HOSPITALARIA SAN ANTONIO,Particular Subvencionado,Urbano,2,21,2101,Antofagasta,120,18.0195561043761,76,10,5,29
31339,0,AULA HOSPITALARIA SAN CARLOS,Particular Subvencionado,Urbano,2,22,2201,Calama,32,22.9110048074061,16,2,3,11
31340,4,NETLAND SCHOOL,Particular Subvencionado,Urbano,2,21,2101,Antofagasta,616,14.0510561162398,510,42,22,42
31342,0,COLEGIO SANTO TOMÁS DE ANTOFAGASTA,Particular Subvencionado,Urbano,2,21,2101,Antofagasta,257,17.4552009763982,146,37,27,47
31343,9,LICEO CIENTIFICO HUMANISTA LA CHIMBA,Corporación Municipal,Urbano,2,21,2101,Antofagasta,880,27.4279070650895,238,63,57,522
31345,5,LICEO POLITÉCNICO LOS ARENALES,Corporación Municipal,Urbano,2,21,2101,Antofagasta,1011,31.4976549016733,188,43,45,735
31378,5,ESCUELA BÁSICA PALMARES ORIENTE,Particular Subvencionado,Urbano,13,131,13125,Quilicura,408,19.9438151840605,177,48,49,134
31379,3,COLEGIO PALMARES VALLE LOS CÓNDORES,Particular Subvencionado,Urbano,13,134,13401,San Bernardo,212,16.6779600299202,138,19,24,31
31388,2,CENTRO TECNICO EDUCACIONAL SAN CAYETANO,Particular Subvencionado,Urbano,13,132,13201,Puente Alto,344,23.4397997248397,115,35,22,172
31407,2,ESCUELA HOSPITALARIA EL CARMEN DE MAIPU,Particular Subvencionado,Urbano,13,131,13119,Maipú,39,20.1136954499913,15,8,4,12
31421,8,COLEGIO TERRA ANDINA,Particular Subvencionado,Urbano,13,132,13201,Puente Alto,163,20.3610401063521,71,19,25,48
31429,3,COLEGIO HOSPÍTALARIO CASABIERTA  COANIQUEM,Particular Subvencionado,Urbano,13,131,13124,Pudahuel,349,46.7626542437284,0,0,0,2
31432,3,LICEO ALTO CORDILLERA DE LA FLORIDA,Corporación Municipal,Urbano,13,131,13110,La Florida,303,26.2593728997277,85,28,18,172
31438,2,COLEGIO AULA CLINICA SANTA MARIA,Particular Subvencionado,Urbano,13,131,13123,Providencia,40,15.7856653887951,27,3,3,7
31466,8,AULA HOSPITALARIA COPIAPÓ,Particular Subvencionado,Urbano,3,31,3101,Copiapó,349,18.5336207432414,12,2,0,5
31494,3,"COL HOSP. CONSTRUYENDO SUEÑOS, CLINICA DAVILA",Particular Subvencionado,Urbano,13,131,13127,Recoleta,349,15.9799015567609,7,1,0,2
31495,1,COLEGIO LOS PENSAMIENTOS DE SAN BERNARDO,Particular Subvencionado,Urbano,13,134,13401,San Bernardo,167,18.5819115606233,101,17,16,33
31509,5,ESCUELA PREMILITAR  GENERAL BERNARDO OHIGGINS RIQUELME,Particular Subvencionado,Urbano,13,136,13605,Peñaflor,95,22.4033448137435,39,11,11,34
32060,9,ESCUELA HOSPITALARIA CLÍNICA RED SALUD SANTIAGO,Particular Subvencionado,Urbano,13,131,13106,Estación Central,349,24.7628028635478,3,2,1,3
40024,6,LICEO TECNICO MUNICIPAL JUAN HOPPE GANTZ,Municipal DAEM,Urbano,6,61,6111,Olivar,439,20.4466066759948,189,59,46,145
40025,4,LICEO REQUINOA,Municipal DAEM,Urbano,6,61,6116,Requínoa,358,23.3443549520757,153,19,17,169
40027,0,COLEGIO PASIONISTAS DE QUILPUE,Particular Subvencionado,Urbano,5,58,5801,Quilpué,146,12.9887039199837,129,6,4,7
40029,7,LICEO BICENTENARIO DE EXCELENCIA LICEO MISTRALIANO,Municipal DAEM,Urbano,4,41,4105,Paiguano,170,19.1057266015538,92,14,17,47
40042,4,COLEGIO CASTILLA Y ARAGON,Particular Subvencionado,Urbano,5,51,5109,Viña del Mar,197,21.1927681388154,80,22,16,79
40064,5,COLEGIO ALTA CORDILLERA,Particular Subvencionado,Urbano,4,41,4102,Coquimbo,175,16.7366243404136,123,9,12,31
40065,3,COLEGIO ERNESTO VILLARROEL TEN,Particular Subvencionado,Urbano,5,58,5804,Villa Alemana,349,24.1450195392023,2,0,2,7
40080,7,LICEO FERMIN DEL REAL CASTILLO,Municipal DAEM,Urbano,6,63,6302,Chépica,518,18.3024575245731,320,41,54,103
40099,8,LICEO TECNICO PROFESIONAL PAPUDO,Municipal DAEM,Urbano,5,54,5403,Papudo,206,22.2465404861558,83,16,23,84
40102,1,LICEO TECNOLOGICO COÑARIPE,Particular Subvencionado,Rural,14,141,14108,Panguipulli,147,18.8802903811577,77,17,13,40
40110,2,COLEGIO SAINT MATTHEW,Particular Subvencionado,Urbano,9,91,9120,Villarrica,113,15.5806898454634,87,9,8,9
40114,5,LICEO ORIENTE,Municipal DAEM,Urbano,6,61,6115,Rengo,609,18.4909114126187,335,76,69,129
40126,9,COLEGIO RAUL SILVA HENRIQUEZ,Municipal DAEM,Urbano,4,43,4301,Ovalle,351,21.6648165090094,152,39,19,141
40155,2,COLEGIO DIEGO VELÁZQUEZ,Particular Subvencionado,Urbano,5,51,5109,Viña del Mar,278,21.7449612584795,118,37,18,105
40194,3,COLEGIO DOMINGO SANTA MARIA,Particular Subvencionado,Urbano,4,41,4101,La Serena,347,20.0286573245353,167,28,23,129
40208,7,COLEGIO TECNICO PROFESIONAL ALTUE,Particular Subvencionado,Urbano,4,41,4102,Coquimbo,115,20.5909074076345,55,11,14,35
40230,3,COLEGIO TECNOLOGICO DON BOSCO DE ARICA,Particular Subvencionado,Urbano,15,151,15101,Arica,146,23.5369512535862,42,21,16,67
40231,1,COLEGIO CORDILLERA,Particular Subvencionado,Urbano,4,41,4101,La Serena,152,17.4067966374959,85,26,15,26
40251,6,LICEO SAN JUAN XXIII,Particular Subvencionado,Urbano,5,58,5804,Villa Alemana,502,15.7207089537661,372,50,25,55
40252,4,LICEO JOSÉ CORTÉS BROWN-RECREO,Particular Subvencionado,Urbano,5,51,5109,Viña del Mar,409,19.230386126192,193,47,52,117
40256,7,COLEGIO TECNICO NACIONES UNIDAS,Particular Subvencionado,Urbano,10,101,10101,Puerto Montt,489,23.1188658548235,141,62,50,236
40284,2,COLEGIO ANDALUE,Particular Subvencionado,Urbano,10,103,10301,Osorno,137,18.1060878189887,79,15,8,35
40285,0,COLEGIO PARTICULAR DA VINCI SCHOOL,Particular Subvencionado,Urbano,10,101,10101,Puerto Montt,135,17.2120649841801,84,14,17,20
40289,3,INSTITUTO BICENTENARIO J.MIGUEL CARRERA,Municipal DAEM,Urbano,5,56,5601,San Antonio,278,17.7839550621352,161,27,37,53
40295,8,COLEGIO MAHATMA GANDHI,Particular Subvencionado,Urbano,1,11,1101,Iquique,331,21.7195714747132,129,27,48,127
40298,2,COLEGIO BERNARDO O´HIGGINS,Particular Subvencionado,Urbano,4,41,4101,La Serena,514,24.5618897838566,136,39,68,271
40299,0,COLEGIO ROBLES,Particular Subvencionado,Urbano,5,58,5804,Villa Alemana,104,18.1276260698101,62,9,9,24
40301,6,LICEO POLITECNICO DE QUELLON,Servicio Local de Educación(SLE),Urbano,10,102,10208,Quellón,561,20.2016286960193,263,56,55,187
40305,9,COLEGIO JUAN PABLO II,Particular Subvencionado,Urbano,5,55,5506,Nogales,173,18.6485906064902,94,13,21,45
40310,5,COLEGIO PUCARA,Particular Subvencionado,Urbano,6,61,6106,Graneros,269,15.4799154800688,201,23,16,29
40316,4,COLEGIO PULMAHUE,Particular Subvencionado,Urbano,10,101,10101,Puerto Montt,224,20.4196331856873,93,29,31,71
40319,9,COLEGIO PART. SUB. CUMBRES DEL CHOAPA,Particular Subvencionado,Urbano,4,42,4204,Salamanca,350,14.519724687365,286,24,14,26
40320,2,COLEGIO ACADEMIA TARAPACA ORELLA,Particular Subvencionado,Urbano,1,11,1101,Iquique,478,15.8442044984996,350,43,38,47
40334,2,AULA HOSPITALARIA AYUUKELEN EPU,Particular Subvencionado,Urbano,4,43,4301,Ovalle,349,16.8638898842542,10,2,1,3
40335,0,AULA HOSPITALARIA AYUUKELEN,Particular Subvencionado,Urbano,4,41,4101,La Serena,32,19.3958173793412,17,3,2,10
40340,7,LICEO BICENTENARIO DE ALTO DEL CARMEN,Servicio Local de Educación(SLE),Rural,3,33,3302,Alto del Carmen,247,22.3966793446432,91,30,30,96
40343,1,COLEGIO CREACION LA ARAUCANA PUERTO MONTT,Particular Subvencionado,Urbano,10,101,10101,Puerto Montt,296,16.730005487393,200,37,17,42
40351,2,COLEGIO BOSQUEMAR,Particular Subvencionado,Urbano,10,101,10101,Puerto Montt,312,18.7856821463176,151,45,34,82
40352,0,LICEO TEC.PROFESIONAL PEDRO AGUIRRE CERDA,Municipal DAEM,Urbano,5,53,5302,Calle Larga,236,23.867139874069,75,27,19,115
40370,9,COLEGIO PUKALAN DE ALGARROBO,Particular Subvencionado,Urbano,5,56,5602,Algarrobo,139,16.462773326655,105,11,8,15
40371,7,COLEGIO SAN CARLOS DE LAS CABRAS,Particular Subvencionado,Urbano,6,61,6107,Las Cabras,237,15.9148425669534,157,20,20,40
40390,3,ESCUELA HOSPITALARIA ALIANZA,Particular Subvencionado,Urbano,10,103,10301,Osorno,25,22.1710492512119,10,1,3,11
40399,7,COLEGIO NAZARET,Particular Subvencionado,Urbano,1,11,1107,Alto Hospicio,209,32.5697606823137,35,14,8,152
40422,5,COLEGIO NIRVANA,Particular Subvencionado,Urbano,1,11,1107,Alto Hospicio,581,26.905687911738,177,46,36,322
40436,5,COLEGIO BETHEL,Particular Subvencionado,Urbano,5,58,5801,Quilpué,105,19.5768971432373,55,11,6,33
40457,8,LICEO TECNICO PROFESIONAL PABLO NERUDA,Particular Subvencionado,Urbano,10,102,10201,Castro,86,21.0599650276024,35,10,8,33
41063,2,AULA HOSPITALARIA DE ARICA,Particular Subvencionado,Urbano,15,151,15101,Arica,66,23.0794288449206,32,1,3,30
41135,3,COLEGIO INSTITUTO DE CIENCIAS Y TECNOLOGÍA TALAGANTE,Particular Subvencionado,Urbano,13,136,13601,Talagante,164,17.6386912026882,101,19,18,26
41349,6,AULA HOSPITALARIA HOSPITAL RANCAGUA,Particular Subvencionado,Urbano,6,61,6101,Rancagua,40,17.8470742274486,24,4,6,6
41417,4,ESCUELA HOSPITALARIA DE ANGOL,Particular Subvencionado,Urbano,9,92,9201,Angol,349,23.7787317559913,3,1,3,5
41418,2,ESCUELA HOSPITALARIA DE VICTORIA,Particular Subvencionado,Urbano,9,92,9211,Victoria,23,21.2493330195255,9,0,4,10
41617,7,COLEGIO SAN FRANCISCO TECNICO PROFESIONAL,Corporación Municipal,Urbano,13,131,13114,Las Condes,629,22.0505036662941,277,60,46,246
41649,5,ESCUELA HOSPITALARIA DE GALVARINO,Particular Subvencionado,Urbano,9,91,9106,Galvarino,31,19.509188089017,17,2,2,10
41654,1,AULA HOSPITALARIA HOSPITAL CLÍNICO MAGALLANES,Particular Subvencionado,Urbano,12,121,12101,Punta Arenas,349,17.8481492516893,10,2,0,3
41658,4,COLEGIO EINSTEIN,Particular Subvencionado,Urbano,8,81,8102,Coronel,278,17.4599998363011,167,22,30,59
41695,9,ESCUELA HOSPITALARIA. JUNTOS FORJANDO EL MAÑANA,Servicio Local de Educación(SLE),Urbano,11,112,11201,Aysén,349,29.0307929673126,0,0,0,1
41764,5,AULA HOSPITALARIA DOMICILIARIA MEJILLONES,Municipal DAEM,Urbano,2,21,2102,Mejillones,349,68.0256059763855,0,0,0,1
41800,5,ESCUELA AULA HOSPITALARIA CURICO,Municipal DAEM,Urbano,7,73,7301,Curicó,349,22.5564055138502,5,1,0,4
41888,9,ESCUELA HOSPITALARIA CHILOE,Particular Subvencionado,Rural,10,102,10201,Castro,24,19.8492010585211,13,1,2,8
41899,4,COLEGIO SAN JORGE,Particular Subvencionado,Urbano,8,83,8304,Laja,161,13.8912478445634,127,15,8,11
41916,8,ESCUELA HOSPITALARIA PROVINCIA SAN ANTONIO,Particular Subvencionado,Urbano,5,56,5601,San Antonio,24,13.7407969022927,18,0,2,4
41917,6,ESCUELA HOSPITALARIA SAN FRANCISCO,Particular Subvencionado,Urbano,5,57,5703,Llayllay,349,21.3383980614861,4,0,1,4
41947,8,ESCUELA HOSPITALARIA SAN CAMILO,Particular Subvencionado,Urbano,5,57,5701,San Felipe,39,22.3965212818565,23,2,3,11
41955,9,ESCUELA HOSPITALARIA LOS ÁNGELES,Particular Subvencionado,Urbano,8,83,8301,Los Ángeles,53,14.9793168428538,39,2,4,8
42018,2,ESCUELA HOSPITALARIA PROVINCIAL DE TALAGANTE,Particular Subvencionado,Urbano,13,136,13601,Talagante,22,22.0686867294556,9,2,0,11
42019,0,ESCUELA HOSPITALARIA SAN JOSE DE MELIPILLA,Particular Subvencionado,Urbano,13,135,13501,Melipilla,27,23.9595237213056,9,0,3,15
42029,8,COLEGIO CANEC HOSPITAL DE QUILLOTA,Particular Subvencionado,Urbano,5,55,5501,Quillota,349,18.5096054656176,3,0,0,3
42042,5,ESCUELA HOSPITALARIA PUTAENDO,Particular Subvencionado,Urbano,5,57,5705,Putaendo,349,18.3341437125397,6,3,5,4
42061,1,ESCUELA HOSPITALARIA QUELLÓN,Particular Subvencionado,Urbano,10,102,10208,Quellón,349,21.2867339864441,5,4,1,4
42081,6,ESCUELA HOSPITALARIA SANTA CRUZ,Particular Subvencionado,Urbano,6,63,6310,Santa Cruz,38,20.2420271063954,20,1,1,16
42090,5,ESCUELA HOSPITALARIA CLUB DE LEONES,Particular Subvencionado,Urbano,11,111,11101,Coyhaique,349,25.1884874328639,3,0,0,4
42105,7,COLEGIO HOSPITALARIO ABRAZOSONRISAS-HOSPITAL DE CURACAVI,Particular Subvencionado,Urbano,13,135,13503,Curacaví,26,28.0281020316509,6,4,3,13
42130,8,ESCUELA HOSPITALARIA PROVINCIA CORDILLERA PUENTE ALTO,Particular Subvencionado,Urbano,13,132,13201,Puente Alto,25,23.2852714434413,7,4,1,13
42254,1,ESCUELA HOSPITALARIA DE LONCOCHE,Particular Subvencionado,Urbano,9,91,9109,Loncoche,349,20.6452585294676,7,2,1,7
42256,8,ESCUELA HOSPITALARIA DE LONQUIMAY,Particular Subvencionado,Urbano,9,92,9205,Lonquimay,349,16.4005664769432,7,0,0,2
